[SYS] 2026/06/27 - 15:47:05 | initializing token encoders 
[SYS] 2026/06/27 - 15:47:05 | token encoders initialized 
[SYS] 2026/06/27 - 15:47:05 | SQL_DSN not set, using SQLite as database 
[SYS] 2026/06/27 - 15:47:05 | database migration started 
[SYS] 2026/06/27 - 15:47:07 | system is already initialized at: 2026-05-28 17:47:17 +0800 CST 
[SYS] 2026/06/27 - 15:47:07 | REDIS_CONN_STRING not set, Redis is not enabled 
[SYS] 2026/06/27 - 15:47:07 | i18n initialized with languages: zh-CN, zh-TW, en 
[SYS] 2026/06/27 - 15:47:07 | Loaded 0 custom OAuth providers 
[SYS] 2026/06/27 - 15:47:07 | New API v1.0.0-rc.10 started 
[SYS] 2026/06/27 - 15:47:07 | 正在更新数据看板数据... 
[SYS] 2026/06/27 - 15:47:07 | 保存数据看板数据成功，共保存0条数据 
[INFO] 2026/06/27 - 15:47:07 | SYSTEM | codex credential auto-refresh task started: tick=10m0s threshold=24h0m0s 
[INFO] 2026/06/27 - 15:47:07 | SYSTEM | subscription quota reset task started: tick=1m0s 
[SYS] 2026/06/27 - 15:47:07 | upstream model update task started: interval=30m0s 

  [32mNew API v1.0.0-rc.10[0m  ready in 2378 ms

  ➜  [1mNetwork:[0m http://172.18.51.148:3000/
  ➜  [1mNetwork:[0m http://172.17.0.1:3000/

[SYS] 2026/06/27 - 15:47:22 | 任务进度轮询开始 
[SYS] 2026/06/27 - 15:47:22 | 任务进度轮询完成 
[SYS] 2026/06/27 - 15:47:37 | 任务进度轮询开始 
[SYS] 2026/06/27 - 15:47:37 | 任务进度轮询完成 
[SYS] 2026/06/27 - 15:47:52 | 任务进度轮询开始 
[SYS] 2026/06/27 - 15:47:52 | 任务进度轮询完成 
[SYS] 2026/06/27 - 15:48:07 | syncing options from database 
[SYS] 2026/06/27 - 15:48:07 | 任务进度轮询开始 
[SYS] 2026/06/27 - 15:48:07 | 任务进度轮询完成 
[SYS] 2026/06/27 - 15:48:22 | 任务进度轮询开始 
[SYS] 2026/06/27 - 15:48:22 | 任务进度轮询完成 
[SYS] 2026/06/27 - 15:48:37 | 任务进度轮询开始 
[SYS] 2026/06/27 - 15:48:37 | 任务进度轮询完成 
[SYS] 2026/06/27 - 15:48:52 | 任务进度轮询开始 
[SYS] 2026/06/27 - 15:48:52 | 任务进度轮询完成 
[SYS] 2026/06/27 - 15:49:07 | syncing options from database 
[SYS] 2026/06/27 - 15:49:07 | 任务进度轮询开始 
[SYS] 2026/06/27 - 15:49:07 | 任务进度轮询完成 
[SYS] 2026/06/27 - 15:49:22 | 任务进度轮询开始 
[SYS] 2026/06/27 - 15:49:22 | 任务进度轮询完成 
[SYS] 2026/06/27 - 15:49:37 | 任务进度轮询开始 
[SYS] 2026/06/27 - 15:49:37 | 任务进度轮询完成 
[SYS] 2026/06/27 - 15:49:52 | 任务进度轮询开始 
[SYS] 2026/06/27 - 15:49:52 | 任务进度轮询完成 
[GIN] 2026/06/27 - 15:49:52 | web | 202606270749528742348178268d9d6f2EGNxMc | 200 |    2.195603ms |   176.65.148.88 |     GET /
[SYS] 2026/06/27 - 15:50:07 | syncing options from database 
[SYS] 2026/06/27 - 15:50:07 | 任务进度轮询开始 
[SYS] 2026/06/27 - 15:50:07 | 任务进度轮询完成 
[SYS] 2026/06/27 - 15:50:22 | 任务进度轮询开始 
[SYS] 2026/06/27 - 15:50:22 | 任务进度轮询完成 
[SYS] 2026/06/27 - 15:50:37 | 任务进度轮询开始 
[SYS] 2026/06/27 - 15:50:37 | 任务进度轮询完成 
[SYS] 2026/06/27 - 15:50:52 | 任务进度轮询开始 
[SYS] 2026/06/27 - 15:50:52 | 任务进度轮询完成 
[SYS] 2026/06/27 - 15:51:07 | syncing options from database 
[SYS] 2026/06/27 - 15:51:07 | 任务进度轮询开始 
[SYS] 2026/06/27 - 15:51:07 | 任务进度轮询完成 
[SYS] 2026/06/27 - 15:51:22 | 任务进度轮询开始 
[SYS] 2026/06/27 - 15:51:22 | 任务进度轮询完成 
[SYS] 2026/06/27 - 15:51:37 | 任务进度轮询开始 
[SYS] 2026/06/27 - 15:51:37 | 任务进度轮询完成 
[SYS] 2026/06/27 - 15:51:52 | 任务进度轮询开始 
[SYS] 2026/06/27 - 15:51:52 | 任务进度轮询完成 
[SYS] 2026/06/27 - 15:52:07 | 正在更新数据看板数据... 
[SYS] 2026/06/27 - 15:52:07 | 保存数据看板数据成功，共保存0条数据 
[SYS] 2026/06/27 - 15:52:07 | syncing options from database 
[SYS] 2026/06/27 - 15:52:07 | 任务进度轮询开始 
[SYS] 2026/06/27 - 15:52:07 | 任务进度轮询完成 
[SYS] 2026/06/27 - 15:52:22 | 任务进度轮询开始 
[SYS] 2026/06/27 - 15:52:22 | 任务进度轮询完成 
[SYS] 2026/06/27 - 15:52:37 | 任务进度轮询开始 
[SYS] 2026/06/27 - 15:52:37 | 任务进度轮询完成 
[SYS] 2026/06/27 - 15:52:52 | 任务进度轮询开始 
[SYS] 2026/06/27 - 15:52:52 | 任务进度轮询完成 
[SYS] 2026/06/27 - 15:53:07 | syncing options from database 
[SYS] 2026/06/27 - 15:53:07 | 任务进度轮询开始 
[SYS] 2026/06/27 - 15:53:07 | 任务进度轮询完成 
[GIN] 2026/06/27 - 15:53:19 | web | 202606270753191802691438268d9d6O1NCYJ1o | 200 |    3.387241ms | 120.236.238.180 |     GET /
[GIN] 2026/06/27 - 15:53:20 | api | 20260627075320931262508268d9d6OBFGWiM9 | 200 |    4.017576ms | 120.236.238.180 |     GET /api/status
[GIN] 2026/06/27 - 15:53:20 | api | 202606270753201496593878268d9d6euDbf4rx | 200 |     510.915µs | 120.236.238.180 |     GET /api/notice
[GIN] 2026/06/27 - 15:53:20 | api | 202606270753201573545198268d9d6vbtA6U9W | 200 |     166.494µs | 120.236.238.180 |     GET /api/home_page_content
[SYS] 2026/06/27 - 15:53:22 | 任务进度轮询开始 
[SYS] 2026/06/27 - 15:53:22 | 任务进度轮询完成 
[SYS] 2026/06/27 - 15:53:37 | 任务进度轮询开始 
[SYS] 2026/06/27 - 15:53:37 | 任务进度轮询完成 
[SYS] 2026/06/27 - 15:53:52 | 任务进度轮询开始 
[SYS] 2026/06/27 - 15:53:52 | 任务进度轮询完成 
[SYS] 2026/06/27 - 15:54:07 | syncing options from database 
[SYS] 2026/06/27 - 15:54:07 | 任务进度轮询开始 
[SYS] 2026/06/27 - 15:54:07 | 任务进度轮询完成 
[SYS] 2026/06/27 - 15:54:22 | 任务进度轮询开始 
[SYS] 2026/06/27 - 15:54:22 | 任务进度轮询完成 
[SYS] 2026/06/27 - 15:54:37 | 任务进度轮询开始 
[SYS] 2026/06/27 - 15:54:37 | 任务进度轮询完成 
[SYS] 2026/06/27 - 15:54:52 | 任务进度轮询开始 
[SYS] 2026/06/27 - 15:54:52 | 任务进度轮询完成 
[SYS] 2026/06/27 - 15:55:07 | syncing options from database 
[SYS] 2026/06/27 - 15:55:07 | 任务进度轮询开始 
[SYS] 2026/06/27 - 15:55:07 | 任务进度轮询完成 
[SYS] 2026/06/27 - 15:55:22 | 任务进度轮询开始 
[SYS] 2026/06/27 - 15:55:22 | 任务进度轮询完成 
[SYS] 2026/06/27 - 15:55:37 | 任务进度轮询开始 
[SYS] 2026/06/27 - 15:55:37 | 任务进度轮询完成 
[SYS] 2026/06/27 - 15:55:52 | 任务进度轮询开始 
[SYS] 2026/06/27 - 15:55:52 | 任务进度轮询完成 
[SYS] 2026/06/27 - 15:56:07 | syncing options from database 
[SYS] 2026/06/27 - 15:56:07 | 任务进度轮询开始 
[SYS] 2026/06/27 - 15:56:07 | 任务进度轮询完成 
[SYS] 2026/06/27 - 15:56:22 | 任务进度轮询开始 
[SYS] 2026/06/27 - 15:56:22 | 任务进度轮询完成 
[SYS] 2026/06/27 - 15:56:37 | 任务进度轮询开始 
[SYS] 2026/06/27 - 15:56:37 | 任务进度轮询完成 
[SYS] 2026/06/27 - 15:56:52 | 任务进度轮询开始 
[SYS] 2026/06/27 - 15:56:52 | 任务进度轮询完成 
[SYS] 2026/06/27 - 15:57:07 | 正在更新数据看板数据... 
[SYS] 2026/06/27 - 15:57:07 | 保存数据看板数据成功，共保存0条数据 
[SYS] 2026/06/27 - 15:57:07 | syncing options from database 
[SYS] 2026/06/27 - 15:57:07 | 任务进度轮询开始 
[SYS] 2026/06/27 - 15:57:07 | 任务进度轮询完成 
[SYS] 2026/06/27 - 15:57:22 | 任务进度轮询开始 
[SYS] 2026/06/27 - 15:57:22 | 任务进度轮询完成 
[SYS] 2026/06/27 - 15:57:37 | 任务进度轮询开始 
[SYS] 2026/06/27 - 15:57:37 | 任务进度轮询完成 
[SYS] 2026/06/27 - 15:57:52 | 任务进度轮询开始 
[SYS] 2026/06/27 - 15:57:52 | 任务进度轮询完成 
[SYS] 2026/06/27 - 15:58:07 | syncing options from database 
[SYS] 2026/06/27 - 15:58:07 | 任务进度轮询开始 
[SYS] 2026/06/27 - 15:58:07 | 任务进度轮询完成 
[SYS] 2026/06/27 - 15:58:22 | 任务进度轮询开始 
[SYS] 2026/06/27 - 15:58:22 | 任务进度轮询完成 
[SYS] 2026/06/27 - 15:58:37 | 任务进度轮询开始 
[SYS] 2026/06/27 - 15:58:37 | 任务进度轮询完成 
[SYS] 2026/06/27 - 15:58:52 | 任务进度轮询开始 
[SYS] 2026/06/27 - 15:58:52 | 任务进度轮询完成 
[SYS] 2026/06/27 - 15:59:07 | syncing options from database 
[SYS] 2026/06/27 - 15:59:07 | 任务进度轮询开始 
[SYS] 2026/06/27 - 15:59:07 | 任务进度轮询完成 
[SYS] 2026/06/27 - 15:59:22 | 任务进度轮询开始 
[SYS] 2026/06/27 - 15:59:22 | 任务进度轮询完成 
[SYS] 2026/06/27 - 15:59:37 | 任务进度轮询开始 
[SYS] 2026/06/27 - 15:59:37 | 任务进度轮询完成 
[SYS] 2026/06/27 - 15:59:52 | 任务进度轮询开始 
[SYS] 2026/06/27 - 15:59:52 | 任务进度轮询完成 
[SYS] 2026/06/27 - 16:00:07 | syncing options from database 
[SYS] 2026/06/27 - 16:00:07 | 任务进度轮询开始 
[SYS] 2026/06/27 - 16:00:07 | 任务进度轮询完成 
[SYS] 2026/06/27 - 16:00:22 | 任务进度轮询开始 
[SYS] 2026/06/27 - 16:00:22 | 任务进度轮询完成 
[SYS] 2026/06/27 - 16:00:37 | 任务进度轮询开始 
[SYS] 2026/06/27 - 16:00:37 | 任务进度轮询完成 
[SYS] 2026/06/27 - 16:00:52 | 任务进度轮询开始 
[SYS] 2026/06/27 - 16:00:52 | 任务进度轮询完成 
[SYS] 2026/06/27 - 16:01:07 | syncing options from database 
[SYS] 2026/06/27 - 16:01:07 | 任务进度轮询开始 
[SYS] 2026/06/27 - 16:01:07 | 任务进度轮询完成 
[SYS] 2026/06/27 - 16:01:22 | 任务进度轮询开始 
[SYS] 2026/06/27 - 16:01:22 | 任务进度轮询完成 
[SYS] 2026/06/27 - 16:01:37 | 任务进度轮询开始 
[SYS] 2026/06/27 - 16:01:37 | 任务进度轮询完成 
[SYS] 2026/06/27 - 16:01:52 | 任务进度轮询开始 
[SYS] 2026/06/27 - 16:01:52 | 任务进度轮询完成 
[SYS] 2026/06/27 - 16:02:07 | 正在更新数据看板数据... 
[SYS] 2026/06/27 - 16:02:07 | 保存数据看板数据成功，共保存0条数据 
[SYS] 2026/06/27 - 16:02:07 | syncing options from database 
[SYS] 2026/06/27 - 16:02:07 | 任务进度轮询开始 
[SYS] 2026/06/27 - 16:02:07 | 任务进度轮询完成 
[SYS] 2026/06/27 - 16:02:22 | 任务进度轮询开始 
[SYS] 2026/06/27 - 16:02:22 | 任务进度轮询完成 
[SYS] 2026/06/27 - 16:02:37 | 任务进度轮询开始 
[SYS] 2026/06/27 - 16:02:37 | 任务进度轮询完成 
[SYS] 2026/06/27 - 16:02:52 | 任务进度轮询开始 
[SYS] 2026/06/27 - 16:02:52 | 任务进度轮询完成 
[SYS] 2026/06/27 - 16:03:07 | syncing options from database 
[SYS] 2026/06/27 - 16:03:07 | 任务进度轮询开始 
[SYS] 2026/06/27 - 16:03:07 | 任务进度轮询完成 
[SYS] 2026/06/27 - 16:03:22 | 任务进度轮询开始 
[SYS] 2026/06/27 - 16:03:22 | 任务进度轮询完成 
[SYS] 2026/06/27 - 16:03:37 | 任务进度轮询开始 
[SYS] 2026/06/27 - 16:03:37 | 任务进度轮询完成 
[SYS] 2026/06/27 - 16:03:52 | 任务进度轮询开始 
[SYS] 2026/06/27 - 16:03:52 | 任务进度轮询完成 
[SYS] 2026/06/27 - 16:04:07 | syncing options from database 
[SYS] 2026/06/27 - 16:04:07 | 任务进度轮询开始 
[SYS] 2026/06/27 - 16:04:07 | 任务进度轮询完成 
[SYS] 2026/06/27 - 16:04:22 | 任务进度轮询开始 
[SYS] 2026/06/27 - 16:04:22 | 任务进度轮询完成 
[SYS] 2026/06/27 - 16:04:37 | 任务进度轮询开始 
[SYS] 2026/06/27 - 16:04:37 | 任务进度轮询完成 
[SYS] 2026/06/27 - 16:04:52 | 任务进度轮询开始 
[SYS] 2026/06/27 - 16:04:52 | 任务进度轮询完成 
[SYS] 2026/06/27 - 16:05:07 | syncing options from database 
[SYS] 2026/06/27 - 16:05:07 | 任务进度轮询开始 
[SYS] 2026/06/27 - 16:05:07 | 任务进度轮询完成 
[SYS] 2026/06/27 - 16:05:22 | 任务进度轮询开始 
[SYS] 2026/06/27 - 16:05:22 | 任务进度轮询完成 
[SYS] 2026/06/27 - 16:05:37 | 任务进度轮询开始 
[SYS] 2026/06/27 - 16:05:37 | 任务进度轮询完成 
[SYS] 2026/06/27 - 16:05:52 | 任务进度轮询开始 
[SYS] 2026/06/27 - 16:05:52 | 任务进度轮询完成 
[SYS] 2026/06/27 - 16:06:07 | syncing options from database 
[SYS] 2026/06/27 - 16:06:07 | 任务进度轮询开始 
[SYS] 2026/06/27 - 16:06:07 | 任务进度轮询完成 
[SYS] 2026/06/27 - 16:06:22 | 任务进度轮询开始 
[SYS] 2026/06/27 - 16:06:22 | 任务进度轮询完成 
[SYS] 2026/06/27 - 16:06:37 | 任务进度轮询开始 
[SYS] 2026/06/27 - 16:06:37 | 任务进度轮询完成 
[SYS] 2026/06/27 - 16:06:52 | 任务进度轮询开始 
[SYS] 2026/06/27 - 16:06:52 | 任务进度轮询完成 
[GIN] 2026/06/27 - 16:07:06 | web | 202606270807067431575808268d9d6gYb9quIu | 200 |    5.600938ms | 184.105.247.252 |     GET /
[SYS] 2026/06/27 - 16:07:07 | 正在更新数据看板数据... 
[SYS] 2026/06/27 - 16:07:07 | 保存数据看板数据成功，共保存0条数据 
[SYS] 2026/06/27 - 16:07:07 | syncing options from database 
[SYS] 2026/06/27 - 16:07:07 | 任务进度轮询开始 
[SYS] 2026/06/27 - 16:07:07 | 任务进度轮询完成 
[SYS] 2026/06/27 - 16:07:22 | 任务进度轮询开始 
[SYS] 2026/06/27 - 16:07:22 | 任务进度轮询完成 
[SYS] 2026/06/27 - 16:07:37 | 任务进度轮询开始 
[SYS] 2026/06/27 - 16:07:37 | 任务进度轮询完成 
[SYS] 2026/06/27 - 16:07:52 | 任务进度轮询开始 
[SYS] 2026/06/27 - 16:07:52 | 任务进度轮询完成 
[GIN] 2026/06/27 - 16:08:06 | web | 202606270808067542274248268d9d6L94rezl7 | 200 |    5.482303ms | 184.105.247.252 |     GET /favicon.ico
[SYS] 2026/06/27 - 16:08:07 | syncing options from database 
[SYS] 2026/06/27 - 16:08:07 | 任务进度轮询开始 
[SYS] 2026/06/27 - 16:08:07 | 任务进度轮询完成 
[SYS] 2026/06/27 - 16:08:22 | 任务进度轮询开始 
[SYS] 2026/06/27 - 16:08:22 | 任务进度轮询完成 
[SYS] 2026/06/27 - 16:08:37 | 任务进度轮询开始 
[SYS] 2026/06/27 - 16:08:37 | 任务进度轮询完成 
[SYS] 2026/06/27 - 16:08:52 | 任务进度轮询开始 
[SYS] 2026/06/27 - 16:08:52 | 任务进度轮询完成 
[SYS] 2026/06/27 - 16:09:07 | syncing options from database 
[SYS] 2026/06/27 - 16:09:07 | 任务进度轮询开始 
[SYS] 2026/06/27 - 16:09:07 | 任务进度轮询完成 
[SYS] 2026/06/27 - 16:09:22 | 任务进度轮询开始 
[SYS] 2026/06/27 - 16:09:22 | 任务进度轮询完成 
[GIN] 2026/06/27 - 16:09:28 | web | 202606270809285365760898268d9d6n66NcVKp | 200 |     199.033µs | 184.105.247.252 |     GET /logo.png
[SYS] 2026/06/27 - 16:09:37 | 任务进度轮询开始 
[SYS] 2026/06/27 - 16:09:37 | 任务进度轮询完成 
[SYS] 2026/06/27 - 16:09:52 | 任务进度轮询开始 
[SYS] 2026/06/27 - 16:09:52 | 任务进度轮询完成 
[SYS] 2026/06/27 - 16:10:07 | syncing options from database 
[SYS] 2026/06/27 - 16:10:07 | 任务进度轮询开始 
[SYS] 2026/06/27 - 16:10:07 | 任务进度轮询完成 
[SYS] 2026/06/27 - 16:10:22 | 任务进度轮询开始 
[SYS] 2026/06/27 - 16:10:22 | 任务进度轮询完成 
[SYS] 2026/06/27 - 16:10:37 | 任务进度轮询开始 
[SYS] 2026/06/27 - 16:10:37 | 任务进度轮询完成 
[SYS] 2026/06/27 - 16:10:52 | 任务进度轮询开始 
[SYS] 2026/06/27 - 16:10:52 | 任务进度轮询完成 
[SYS] 2026/06/27 - 16:11:07 | syncing options from database 
[SYS] 2026/06/27 - 16:11:07 | 任务进度轮询开始 
[SYS] 2026/06/27 - 16:11:07 | 任务进度轮询完成 
[SYS] 2026/06/27 - 16:11:22 | 任务进度轮询开始 
[SYS] 2026/06/27 - 16:11:22 | 任务进度轮询完成 
[SYS] 2026/06/27 - 16:11:37 | 任务进度轮询开始 
[SYS] 2026/06/27 - 16:11:37 | 任务进度轮询完成 
[SYS] 2026/06/27 - 16:11:52 | 任务进度轮询开始 
[SYS] 2026/06/27 - 16:11:52 | 任务进度轮询完成 
[SYS] 2026/06/27 - 16:12:07 | 正在更新数据看板数据... 
[SYS] 2026/06/27 - 16:12:07 | 保存数据看板数据成功，共保存0条数据 
[SYS] 2026/06/27 - 16:12:07 | syncing options from database 
[SYS] 2026/06/27 - 16:12:07 | 任务进度轮询开始 
[SYS] 2026/06/27 - 16:12:07 | 任务进度轮询完成 
[SYS] 2026/06/27 - 16:12:22 | 任务进度轮询开始 
[SYS] 2026/06/27 - 16:12:22 | 任务进度轮询完成 
[SYS] 2026/06/27 - 16:12:37 | 任务进度轮询开始 
[SYS] 2026/06/27 - 16:12:37 | 任务进度轮询完成 
[SYS] 2026/06/27 - 16:12:52 | 任务进度轮询开始 
[SYS] 2026/06/27 - 16:12:52 | 任务进度轮询完成 
[SYS] 2026/06/27 - 16:13:07 | syncing options from database 
[SYS] 2026/06/27 - 16:13:07 | 任务进度轮询开始 
[SYS] 2026/06/27 - 16:13:07 | 任务进度轮询完成 
[SYS] 2026/06/27 - 16:13:22 | 任务进度轮询开始 
[SYS] 2026/06/27 - 16:13:22 | 任务进度轮询完成 
[SYS] 2026/06/27 - 16:13:37 | 任务进度轮询开始 
[SYS] 2026/06/27 - 16:13:37 | 任务进度轮询完成 
[SYS] 2026/06/27 - 16:13:52 | 任务进度轮询开始 
[SYS] 2026/06/27 - 16:13:52 | 任务进度轮询完成 
[SYS] 2026/06/27 - 16:14:07 | syncing options from database 
[SYS] 2026/06/27 - 16:14:07 | 任务进度轮询开始 
[SYS] 2026/06/27 - 16:14:07 | 任务进度轮询完成 
[SYS] 2026/06/27 - 16:14:22 | 任务进度轮询开始 
[SYS] 2026/06/27 - 16:14:22 | 任务进度轮询完成 
[SYS] 2026/06/27 - 16:14:37 | 任务进度轮询开始 
[SYS] 2026/06/27 - 16:14:37 | 任务进度轮询完成 
[SYS] 2026/06/27 - 16:14:52 | 任务进度轮询开始 
[SYS] 2026/06/27 - 16:14:52 | 任务进度轮询完成 
[SYS] 2026/06/27 - 16:15:07 | syncing options from database 
[SYS] 2026/06/27 - 16:15:07 | 任务进度轮询开始 
[SYS] 2026/06/27 - 16:15:07 | 任务进度轮询完成 
[SYS] 2026/06/27 - 16:15:22 | 任务进度轮询开始 
[SYS] 2026/06/27 - 16:15:22 | 任务进度轮询完成 
[SYS] 2026/06/27 - 16:15:37 | 任务进度轮询开始 
[SYS] 2026/06/27 - 16:15:37 | 任务进度轮询完成 
[SYS] 2026/06/27 - 16:15:52 | 任务进度轮询开始 
[SYS] 2026/06/27 - 16:15:52 | 任务进度轮询完成 
[SYS] 2026/06/27 - 16:16:07 | syncing options from database 
[SYS] 2026/06/27 - 16:16:07 | 任务进度轮询开始 
[SYS] 2026/06/27 - 16:16:07 | 任务进度轮询完成 
[SYS] 2026/06/27 - 16:16:22 | 任务进度轮询开始 
[SYS] 2026/06/27 - 16:16:22 | 任务进度轮询完成 
[SYS] 2026/06/27 - 16:16:37 | 任务进度轮询开始 
[SYS] 2026/06/27 - 16:16:37 | 任务进度轮询完成 
[SYS] 2026/06/27 - 16:16:52 | 任务进度轮询开始 
[SYS] 2026/06/27 - 16:16:52 | 任务进度轮询完成 
[SYS] 2026/06/27 - 16:17:07 | 正在更新数据看板数据... 
[SYS] 2026/06/27 - 16:17:07 | 保存数据看板数据成功，共保存0条数据 
[SYS] 2026/06/27 - 16:17:07 | syncing options from database 
[SYS] 2026/06/27 - 16:17:07 | 任务进度轮询开始 
[SYS] 2026/06/27 - 16:17:07 | 任务进度轮询完成 
[SYS] 2026/06/27 - 16:17:22 | 任务进度轮询开始 
[SYS] 2026/06/27 - 16:17:22 | 任务进度轮询完成 
[SYS] 2026/06/27 - 16:17:37 | 任务进度轮询开始 
[SYS] 2026/06/27 - 16:17:37 | 任务进度轮询完成 
[SYS] 2026/06/27 - 16:17:52 | 任务进度轮询开始 
[SYS] 2026/06/27 - 16:17:52 | 任务进度轮询完成 
[SYS] 2026/06/27 - 16:18:07 | syncing options from database 
[SYS] 2026/06/27 - 16:18:07 | 任务进度轮询开始 
[SYS] 2026/06/27 - 16:18:07 | 任务进度轮询完成 
[SYS] 2026/06/27 - 16:18:22 | 任务进度轮询开始 
[SYS] 2026/06/27 - 16:18:22 | 任务进度轮询完成 
[SYS] 2026/06/27 - 16:18:37 | 任务进度轮询开始 
[SYS] 2026/06/27 - 16:18:37 | 任务进度轮询完成 
[SYS] 2026/06/27 - 16:18:52 | 任务进度轮询开始 
[SYS] 2026/06/27 - 16:18:52 | 任务进度轮询完成 
[SYS] 2026/06/27 - 16:19:07 | syncing options from database 
[SYS] 2026/06/27 - 16:19:07 | 任务进度轮询开始 
[SYS] 2026/06/27 - 16:19:07 | 任务进度轮询完成 
[SYS] 2026/06/27 - 16:19:22 | 任务进度轮询开始 
[SYS] 2026/06/27 - 16:19:22 | 任务进度轮询完成 
[SYS] 2026/06/27 - 16:19:37 | 任务进度轮询开始 
[SYS] 2026/06/27 - 16:19:37 | 任务进度轮询完成 
[SYS] 2026/06/27 - 16:19:52 | 任务进度轮询开始 
[SYS] 2026/06/27 - 16:19:52 | 任务进度轮询完成 
[SYS] 2026/06/27 - 16:20:07 | syncing options from database 
[SYS] 2026/06/27 - 16:20:07 | 任务进度轮询开始 
[SYS] 2026/06/27 - 16:20:07 | 任务进度轮询完成 
[SYS] 2026/06/27 - 16:20:22 | 任务进度轮询开始 
[SYS] 2026/06/27 - 16:20:22 | 任务进度轮询完成 
[SYS] 2026/06/27 - 16:20:37 | 任务进度轮询开始 
[SYS] 2026/06/27 - 16:20:37 | 任务进度轮询完成 
[SYS] 2026/06/27 - 16:20:52 | 任务进度轮询开始 
[SYS] 2026/06/27 - 16:20:52 | 任务进度轮询完成 
[SYS] 2026/06/27 - 16:21:07 | syncing options from database 
[SYS] 2026/06/27 - 16:21:07 | 任务进度轮询开始 
[SYS] 2026/06/27 - 16:21:07 | 任务进度轮询完成 
[SYS] 2026/06/27 - 16:21:22 | 任务进度轮询开始 
[SYS] 2026/06/27 - 16:21:22 | 任务进度轮询完成 
[SYS] 2026/06/27 - 16:21:37 | 任务进度轮询开始 
[SYS] 2026/06/27 - 16:21:37 | 任务进度轮询完成 
[SYS] 2026/06/27 - 16:21:52 | 任务进度轮询开始 
[SYS] 2026/06/27 - 16:21:52 | 任务进度轮询完成 
[SYS] 2026/06/27 - 16:22:07 | 正在更新数据看板数据... 
[SYS] 2026/06/27 - 16:22:07 | 保存数据看板数据成功，共保存0条数据 
[SYS] 2026/06/27 - 16:22:07 | syncing options from database 
[SYS] 2026/06/27 - 16:22:07 | 任务进度轮询开始 
[SYS] 2026/06/27 - 16:22:07 | 任务进度轮询完成 
[SYS] 2026/06/27 - 16:22:22 | 任务进度轮询开始 
[SYS] 2026/06/27 - 16:22:22 | 任务进度轮询完成 
[SYS] 2026/06/27 - 16:22:37 | 任务进度轮询开始 
[SYS] 2026/06/27 - 16:22:37 | 任务进度轮询完成 
[SYS] 2026/06/27 - 16:22:52 | 任务进度轮询开始 
[SYS] 2026/06/27 - 16:22:52 | 任务进度轮询完成 
[SYS] 2026/06/27 - 16:23:07 | syncing options from database 
[SYS] 2026/06/27 - 16:23:07 | 任务进度轮询开始 
[SYS] 2026/06/27 - 16:23:07 | 任务进度轮询完成 
[SYS] 2026/06/27 - 16:23:22 | 任务进度轮询开始 
[SYS] 2026/06/27 - 16:23:22 | 任务进度轮询完成 
[SYS] 2026/06/27 - 16:23:37 | 任务进度轮询开始 
[SYS] 2026/06/27 - 16:23:37 | 任务进度轮询完成 
[SYS] 2026/06/27 - 16:23:52 | 任务进度轮询开始 
[SYS] 2026/06/27 - 16:23:52 | 任务进度轮询完成 
[SYS] 2026/06/27 - 16:24:07 | syncing options from database 
[SYS] 2026/06/27 - 16:24:07 | 任务进度轮询开始 
[SYS] 2026/06/27 - 16:24:07 | 任务进度轮询完成 
[SYS] 2026/06/27 - 16:24:22 | 任务进度轮询开始 
[SYS] 2026/06/27 - 16:24:22 | 任务进度轮询完成 
[SYS] 2026/06/27 - 16:24:37 | 任务进度轮询开始 
[SYS] 2026/06/27 - 16:24:37 | 任务进度轮询完成 
[SYS] 2026/06/27 - 16:24:52 | 任务进度轮询开始 
[SYS] 2026/06/27 - 16:24:52 | 任务进度轮询完成 
[SYS] 2026/06/27 - 16:25:07 | syncing options from database 
[SYS] 2026/06/27 - 16:25:07 | 任务进度轮询开始 
[SYS] 2026/06/27 - 16:25:07 | 任务进度轮询完成 
[SYS] 2026/06/27 - 16:25:22 | 任务进度轮询开始 
[SYS] 2026/06/27 - 16:25:22 | 任务进度轮询完成 
[SYS] 2026/06/27 - 16:25:37 | 任务进度轮询开始 
[SYS] 2026/06/27 - 16:25:37 | 任务进度轮询完成 
[SYS] 2026/06/27 - 16:25:52 | 任务进度轮询开始 
[SYS] 2026/06/27 - 16:25:52 | 任务进度轮询完成 
[SYS] 2026/06/27 - 16:26:07 | syncing options from database 
[SYS] 2026/06/27 - 16:26:07 | 任务进度轮询开始 
[SYS] 2026/06/27 - 16:26:07 | 任务进度轮询完成 
[SYS] 2026/06/27 - 16:26:22 | 任务进度轮询开始 
[SYS] 2026/06/27 - 16:26:22 | 任务进度轮询完成 
[SYS] 2026/06/27 - 16:26:37 | 任务进度轮询开始 
[SYS] 2026/06/27 - 16:26:37 | 任务进度轮询完成 
[SYS] 2026/06/27 - 16:26:52 | 任务进度轮询开始 
[SYS] 2026/06/27 - 16:26:52 | 任务进度轮询完成 
[SYS] 2026/06/27 - 16:27:07 | 正在更新数据看板数据... 
[SYS] 2026/06/27 - 16:27:07 | 保存数据看板数据成功，共保存0条数据 
[SYS] 2026/06/27 - 16:27:07 | syncing options from database 
[SYS] 2026/06/27 - 16:27:07 | 任务进度轮询开始 
[SYS] 2026/06/27 - 16:27:07 | 任务进度轮询完成 
[SYS] 2026/06/27 - 16:27:22 | 任务进度轮询开始 
[SYS] 2026/06/27 - 16:27:22 | 任务进度轮询完成 
[SYS] 2026/06/27 - 16:27:37 | 任务进度轮询开始 
[SYS] 2026/06/27 - 16:27:37 | 任务进度轮询完成 
[SYS] 2026/06/27 - 16:27:52 | 任务进度轮询开始 
[SYS] 2026/06/27 - 16:27:52 | 任务进度轮询完成 
[SYS] 2026/06/27 - 16:28:07 | syncing options from database 
[SYS] 2026/06/27 - 16:28:07 | 任务进度轮询开始 
[SYS] 2026/06/27 - 16:28:07 | 任务进度轮询完成 
[SYS] 2026/06/27 - 16:28:23 | 任务进度轮询开始 
[SYS] 2026/06/27 - 16:28:23 | 任务进度轮询完成 
[SYS] 2026/06/27 - 16:28:38 | 任务进度轮询开始 
[SYS] 2026/06/27 - 16:28:38 | 任务进度轮询完成 
[SYS] 2026/06/27 - 16:28:53 | 任务进度轮询开始 
[SYS] 2026/06/27 - 16:28:53 | 任务进度轮询完成 
[SYS] 2026/06/27 - 16:29:07 | syncing options from database 
[SYS] 2026/06/27 - 16:29:08 | 任务进度轮询开始 
[SYS] 2026/06/27 - 16:29:08 | 任务进度轮询完成 
[SYS] 2026/06/27 - 16:29:23 | 任务进度轮询开始 
[SYS] 2026/06/27 - 16:29:23 | 任务进度轮询完成 
[SYS] 2026/06/27 - 16:29:38 | 任务进度轮询开始 
[SYS] 2026/06/27 - 16:29:38 | 任务进度轮询完成 
[SYS] 2026/06/27 - 16:29:53 | 任务进度轮询开始 
[SYS] 2026/06/27 - 16:29:53 | 任务进度轮询完成 
[SYS] 2026/06/27 - 16:30:07 | syncing options from database 
[SYS] 2026/06/27 - 16:30:08 | 任务进度轮询开始 
[SYS] 2026/06/27 - 16:30:08 | 任务进度轮询完成 
[SYS] 2026/06/27 - 16:30:23 | 任务进度轮询开始 
[SYS] 2026/06/27 - 16:30:23 | 任务进度轮询完成 
[SYS] 2026/06/27 - 16:30:38 | 任务进度轮询开始 
[SYS] 2026/06/27 - 16:30:38 | 任务进度轮询完成 
[SYS] 2026/06/27 - 16:30:53 | 任务进度轮询开始 
[SYS] 2026/06/27 - 16:30:53 | 任务进度轮询完成 
[SYS] 2026/06/27 - 16:31:07 | syncing options from database 
[SYS] 2026/06/27 - 16:31:08 | 任务进度轮询开始 
[SYS] 2026/06/27 - 16:31:08 | 任务进度轮询完成 
[SYS] 2026/06/27 - 16:31:23 | 任务进度轮询开始 
[SYS] 2026/06/27 - 16:31:23 | 任务进度轮询完成 
[SYS] 2026/06/27 - 16:31:38 | 任务进度轮询开始 
[SYS] 2026/06/27 - 16:31:38 | 任务进度轮询完成 
[SYS] 2026/06/27 - 16:31:53 | 任务进度轮询开始 
[SYS] 2026/06/27 - 16:31:53 | 任务进度轮询完成 
[SYS] 2026/06/27 - 16:32:07 | 正在更新数据看板数据... 
[SYS] 2026/06/27 - 16:32:07 | 保存数据看板数据成功，共保存0条数据 
[SYS] 2026/06/27 - 16:32:07 | syncing options from database 
[SYS] 2026/06/27 - 16:32:08 | 任务进度轮询开始 
[SYS] 2026/06/27 - 16:32:08 | 任务进度轮询完成 
[SYS] 2026/06/27 - 16:32:23 | 任务进度轮询开始 
[SYS] 2026/06/27 - 16:32:23 | 任务进度轮询完成 
[SYS] 2026/06/27 - 16:32:38 | 任务进度轮询开始 
[SYS] 2026/06/27 - 16:32:38 | 任务进度轮询完成 
[SYS] 2026/06/27 - 16:32:53 | 任务进度轮询开始 
[SYS] 2026/06/27 - 16:32:53 | 任务进度轮询完成 
[SYS] 2026/06/27 - 16:33:07 | syncing options from database 
[SYS] 2026/06/27 - 16:33:08 | 任务进度轮询开始 
[SYS] 2026/06/27 - 16:33:08 | 任务进度轮询完成 
[SYS] 2026/06/27 - 16:33:23 | 任务进度轮询开始 
[SYS] 2026/06/27 - 16:33:23 | 任务进度轮询完成 
[SYS] 2026/06/27 - 16:33:38 | 任务进度轮询开始 
[SYS] 2026/06/27 - 16:33:38 | 任务进度轮询完成 
[SYS] 2026/06/27 - 16:33:53 | 任务进度轮询开始 
[SYS] 2026/06/27 - 16:33:53 | 任务进度轮询完成 
[SYS] 2026/06/27 - 16:34:07 | syncing options from database 
[SYS] 2026/06/27 - 16:34:08 | 任务进度轮询开始 
[SYS] 2026/06/27 - 16:34:08 | 任务进度轮询完成 
[SYS] 2026/06/27 - 16:34:23 | 任务进度轮询开始 
[SYS] 2026/06/27 - 16:34:23 | 任务进度轮询完成 
[SYS] 2026/06/27 - 16:34:38 | 任务进度轮询开始 
[SYS] 2026/06/27 - 16:34:38 | 任务进度轮询完成 
[SYS] 2026/06/27 - 16:34:53 | 任务进度轮询开始 
[SYS] 2026/06/27 - 16:34:53 | 任务进度轮询完成 
[SYS] 2026/06/27 - 16:35:07 | syncing options from database 
[SYS] 2026/06/27 - 16:35:08 | 任务进度轮询开始 
[SYS] 2026/06/27 - 16:35:08 | 任务进度轮询完成 
[SYS] 2026/06/27 - 16:35:23 | 任务进度轮询开始 
[SYS] 2026/06/27 - 16:35:23 | 任务进度轮询完成 
[SYS] 2026/06/27 - 16:35:38 | 任务进度轮询开始 
[SYS] 2026/06/27 - 16:35:38 | 任务进度轮询完成 
[SYS] 2026/06/27 - 16:35:53 | 任务进度轮询开始 
[SYS] 2026/06/27 - 16:35:53 | 任务进度轮询完成 
[SYS] 2026/06/27 - 16:36:07 | syncing options from database 
[SYS] 2026/06/27 - 16:36:08 | 任务进度轮询开始 
[SYS] 2026/06/27 - 16:36:08 | 任务进度轮询完成 
[SYS] 2026/06/27 - 16:36:23 | 任务进度轮询开始 
[SYS] 2026/06/27 - 16:36:23 | 任务进度轮询完成 
[SYS] 2026/06/27 - 16:36:38 | 任务进度轮询开始 
[SYS] 2026/06/27 - 16:36:38 | 任务进度轮询完成 
[SYS] 2026/06/27 - 16:36:53 | 任务进度轮询开始 
[SYS] 2026/06/27 - 16:36:53 | 任务进度轮询完成 
[SYS] 2026/06/27 - 16:37:07 | 正在更新数据看板数据... 
[SYS] 2026/06/27 - 16:37:07 | 保存数据看板数据成功，共保存0条数据 
[SYS] 2026/06/27 - 16:37:07 | syncing options from database 
[SYS] 2026/06/27 - 16:37:08 | 任务进度轮询开始 
[SYS] 2026/06/27 - 16:37:08 | 任务进度轮询完成 
[SYS] 2026/06/27 - 16:37:23 | 任务进度轮询开始 
[SYS] 2026/06/27 - 16:37:23 | 任务进度轮询完成 
[SYS] 2026/06/27 - 16:37:38 | 任务进度轮询开始 
[SYS] 2026/06/27 - 16:37:38 | 任务进度轮询完成 
[SYS] 2026/06/27 - 16:37:53 | 任务进度轮询开始 
[SYS] 2026/06/27 - 16:37:53 | 任务进度轮询完成 
[SYS] 2026/06/27 - 16:38:07 | syncing options from database 
[SYS] 2026/06/27 - 16:38:08 | 任务进度轮询开始 
[SYS] 2026/06/27 - 16:38:08 | 任务进度轮询完成 
[SYS] 2026/06/27 - 16:38:23 | 任务进度轮询开始 
[SYS] 2026/06/27 - 16:38:23 | 任务进度轮询完成 
[SYS] 2026/06/27 - 16:38:38 | 任务进度轮询开始 
[SYS] 2026/06/27 - 16:38:38 | 任务进度轮询完成 
[SYS] 2026/06/27 - 16:38:53 | 任务进度轮询开始 
[SYS] 2026/06/27 - 16:38:53 | 任务进度轮询完成 
[SYS] 2026/06/27 - 16:39:07 | syncing options from database 
[SYS] 2026/06/27 - 16:39:08 | 任务进度轮询开始 
[SYS] 2026/06/27 - 16:39:08 | 任务进度轮询完成 
[SYS] 2026/06/27 - 16:39:23 | 任务进度轮询开始 
[SYS] 2026/06/27 - 16:39:23 | 任务进度轮询完成 
[SYS] 2026/06/27 - 16:39:38 | 任务进度轮询开始 
[SYS] 2026/06/27 - 16:39:38 | 任务进度轮询完成 
[SYS] 2026/06/27 - 16:39:53 | 任务进度轮询开始 
[SYS] 2026/06/27 - 16:39:53 | 任务进度轮询完成 
[SYS] 2026/06/27 - 16:40:07 | syncing options from database 
[SYS] 2026/06/27 - 16:40:08 | 任务进度轮询开始 
[SYS] 2026/06/27 - 16:40:08 | 任务进度轮询完成 
[SYS] 2026/06/27 - 16:40:23 | 任务进度轮询开始 
[SYS] 2026/06/27 - 16:40:23 | 任务进度轮询完成 
[SYS] 2026/06/27 - 16:40:38 | 任务进度轮询开始 
[SYS] 2026/06/27 - 16:40:38 | 任务进度轮询完成 
[SYS] 2026/06/27 - 16:40:53 | 任务进度轮询开始 
[SYS] 2026/06/27 - 16:40:53 | 任务进度轮询完成 
[SYS] 2026/06/27 - 16:41:07 | syncing options from database 
[SYS] 2026/06/27 - 16:41:08 | 任务进度轮询开始 
[SYS] 2026/06/27 - 16:41:08 | 任务进度轮询完成 
[SYS] 2026/06/27 - 16:41:23 | 任务进度轮询开始 
[SYS] 2026/06/27 - 16:41:23 | 任务进度轮询完成 
[SYS] 2026/06/27 - 16:41:38 | 任务进度轮询开始 
[SYS] 2026/06/27 - 16:41:38 | 任务进度轮询完成 
[SYS] 2026/06/27 - 16:41:53 | 任务进度轮询开始 
[SYS] 2026/06/27 - 16:41:53 | 任务进度轮询完成 
[SYS] 2026/06/27 - 16:42:07 | 正在更新数据看板数据... 
[SYS] 2026/06/27 - 16:42:07 | 保存数据看板数据成功，共保存0条数据 
[SYS] 2026/06/27 - 16:42:07 | syncing options from database 
[SYS] 2026/06/27 - 16:42:08 | 任务进度轮询开始 
[SYS] 2026/06/27 - 16:42:08 | 任务进度轮询完成 
[SYS] 2026/06/27 - 16:42:23 | 任务进度轮询开始 
[SYS] 2026/06/27 - 16:42:23 | 任务进度轮询完成 
[SYS] 2026/06/27 - 16:42:38 | 任务进度轮询开始 
[SYS] 2026/06/27 - 16:42:38 | 任务进度轮询完成 
[SYS] 2026/06/27 - 16:42:53 | 任务进度轮询开始 
[SYS] 2026/06/27 - 16:42:53 | 任务进度轮询完成 
[SYS] 2026/06/27 - 16:43:07 | syncing options from database 
[SYS] 2026/06/27 - 16:43:08 | 任务进度轮询开始 
[SYS] 2026/06/27 - 16:43:08 | 任务进度轮询完成 
[SYS] 2026/06/27 - 16:43:23 | 任务进度轮询开始 
[SYS] 2026/06/27 - 16:43:23 | 任务进度轮询完成 
[SYS] 2026/06/27 - 16:43:38 | 任务进度轮询开始 
[SYS] 2026/06/27 - 16:43:38 | 任务进度轮询完成 
[SYS] 2026/06/27 - 16:43:53 | 任务进度轮询开始 
[SYS] 2026/06/27 - 16:43:53 | 任务进度轮询完成 
[SYS] 2026/06/27 - 16:44:07 | syncing options from database 
[SYS] 2026/06/27 - 16:44:08 | 任务进度轮询开始 
[SYS] 2026/06/27 - 16:44:08 | 任务进度轮询完成 
[SYS] 2026/06/27 - 16:44:23 | 任务进度轮询开始 
[SYS] 2026/06/27 - 16:44:23 | 任务进度轮询完成 
[SYS] 2026/06/27 - 16:44:38 | 任务进度轮询开始 
[SYS] 2026/06/27 - 16:44:38 | 任务进度轮询完成 
[SYS] 2026/06/27 - 16:44:53 | 任务进度轮询开始 
[SYS] 2026/06/27 - 16:44:53 | 任务进度轮询完成 
[SYS] 2026/06/27 - 16:45:07 | syncing options from database 
[SYS] 2026/06/27 - 16:45:08 | 任务进度轮询开始 
[SYS] 2026/06/27 - 16:45:08 | 任务进度轮询完成 
[SYS] 2026/06/27 - 16:45:23 | 任务进度轮询开始 
[SYS] 2026/06/27 - 16:45:23 | 任务进度轮询完成 
[SYS] 2026/06/27 - 16:45:38 | 任务进度轮询开始 
[SYS] 2026/06/27 - 16:45:38 | 任务进度轮询完成 
[SYS] 2026/06/27 - 16:45:53 | 任务进度轮询开始 
[SYS] 2026/06/27 - 16:45:53 | 任务进度轮询完成 
[SYS] 2026/06/27 - 16:46:07 | syncing options from database 
[SYS] 2026/06/27 - 16:46:08 | 任务进度轮询开始 
[SYS] 2026/06/27 - 16:46:08 | 任务进度轮询完成 
[SYS] 2026/06/27 - 16:46:23 | 任务进度轮询开始 
[SYS] 2026/06/27 - 16:46:23 | 任务进度轮询完成 
[SYS] 2026/06/27 - 16:46:38 | 任务进度轮询开始 
[SYS] 2026/06/27 - 16:46:38 | 任务进度轮询完成 
[SYS] 2026/06/27 - 16:46:53 | 任务进度轮询开始 
[SYS] 2026/06/27 - 16:46:53 | 任务进度轮询完成 
[SYS] 2026/06/27 - 16:47:07 | 正在更新数据看板数据... 
[SYS] 2026/06/27 - 16:47:07 | 保存数据看板数据成功，共保存0条数据 
[SYS] 2026/06/27 - 16:47:07 | syncing options from database 
[SYS] 2026/06/27 - 16:47:08 | 任务进度轮询开始 
[SYS] 2026/06/27 - 16:47:08 | 任务进度轮询完成 
[SYS] 2026/06/27 - 16:47:23 | 任务进度轮询开始 
[SYS] 2026/06/27 - 16:47:23 | 任务进度轮询完成 
[SYS] 2026/06/27 - 16:47:38 | 任务进度轮询开始 
[SYS] 2026/06/27 - 16:47:38 | 任务进度轮询完成 
[SYS] 2026/06/27 - 16:47:53 | 任务进度轮询开始 
[SYS] 2026/06/27 - 16:47:53 | 任务进度轮询完成 
[SYS] 2026/06/27 - 16:48:07 | syncing options from database 
[SYS] 2026/06/27 - 16:48:08 | 任务进度轮询开始 
[SYS] 2026/06/27 - 16:48:08 | 任务进度轮询完成 
[SYS] 2026/06/27 - 16:48:23 | 任务进度轮询开始 
[SYS] 2026/06/27 - 16:48:23 | 任务进度轮询完成 
[SYS] 2026/06/27 - 16:48:38 | 任务进度轮询开始 
[SYS] 2026/06/27 - 16:48:38 | 任务进度轮询完成 
[SYS] 2026/06/27 - 16:48:53 | 任务进度轮询开始 
[SYS] 2026/06/27 - 16:48:53 | 任务进度轮询完成 
[SYS] 2026/06/27 - 16:49:07 | syncing options from database 
[SYS] 2026/06/27 - 16:49:08 | 任务进度轮询开始 
[SYS] 2026/06/27 - 16:49:08 | 任务进度轮询完成 
[SYS] 2026/06/27 - 16:49:23 | 任务进度轮询开始 
[SYS] 2026/06/27 - 16:49:23 | 任务进度轮询完成 
[SYS] 2026/06/27 - 16:49:38 | 任务进度轮询开始 
[SYS] 2026/06/27 - 16:49:38 | 任务进度轮询完成 
[SYS] 2026/06/27 - 16:49:53 | 任务进度轮询开始 
[SYS] 2026/06/27 - 16:49:53 | 任务进度轮询完成 
[GIN] 2026/06/27 - 16:50:07 | web | 202606270850076301480558268d9d6MzCDFp5I | 200 |   10.292593ms |  87.236.176.209 |     GET /
[SYS] 2026/06/27 - 16:50:07 | syncing options from database 
[SYS] 2026/06/27 - 16:50:08 | 任务进度轮询开始 
[SYS] 2026/06/27 - 16:50:08 | 任务进度轮询完成 
[GIN] 2026/06/27 - 16:50:08 | web | 202606270850086682194458268d9d68eNFXBsc | 200 |    3.737763ms |  195.96.139.219 |     GET /logo.png
[SYS] 2026/06/27 - 16:50:23 | 任务进度轮询开始 
[SYS] 2026/06/27 - 16:50:23 | 任务进度轮询完成 
[SYS] 2026/06/27 - 16:50:38 | 任务进度轮询开始 
[SYS] 2026/06/27 - 16:50:38 | 任务进度轮询完成 
[SYS] 2026/06/27 - 16:50:53 | 任务进度轮询开始 
[SYS] 2026/06/27 - 16:50:53 | 任务进度轮询完成 
[SYS] 2026/06/27 - 16:51:07 | syncing options from database 
[SYS] 2026/06/27 - 16:51:08 | 任务进度轮询开始 
[SYS] 2026/06/27 - 16:51:08 | 任务进度轮询完成 
[SYS] 2026/06/27 - 16:51:23 | 任务进度轮询开始 
[SYS] 2026/06/27 - 16:51:23 | 任务进度轮询完成 
[SYS] 2026/06/27 - 16:51:38 | 任务进度轮询开始 
[SYS] 2026/06/27 - 16:51:38 | 任务进度轮询完成 
[SYS] 2026/06/27 - 16:51:53 | 任务进度轮询开始 
[SYS] 2026/06/27 - 16:51:53 | 任务进度轮询完成 
[SYS] 2026/06/27 - 16:52:07 | 正在更新数据看板数据... 
[SYS] 2026/06/27 - 16:52:07 | 保存数据看板数据成功，共保存0条数据 
[SYS] 2026/06/27 - 16:52:07 | syncing options from database 
[SYS] 2026/06/27 - 16:52:08 | 任务进度轮询开始 
[SYS] 2026/06/27 - 16:52:08 | 任务进度轮询完成 
[SYS] 2026/06/27 - 16:52:23 | 任务进度轮询开始 
[SYS] 2026/06/27 - 16:52:23 | 任务进度轮询完成 
[SYS] 2026/06/27 - 16:52:38 | 任务进度轮询开始 
[SYS] 2026/06/27 - 16:52:38 | 任务进度轮询完成 
[SYS] 2026/06/27 - 16:52:53 | 任务进度轮询开始 
[SYS] 2026/06/27 - 16:52:53 | 任务进度轮询完成 
[SYS] 2026/06/27 - 16:53:07 | syncing options from database 
[SYS] 2026/06/27 - 16:53:08 | 任务进度轮询开始 
[SYS] 2026/06/27 - 16:53:08 | 任务进度轮询完成 
[SYS] 2026/06/27 - 16:53:23 | 任务进度轮询开始 
[SYS] 2026/06/27 - 16:53:23 | 任务进度轮询完成 
[SYS] 2026/06/27 - 16:53:38 | 任务进度轮询开始 
[SYS] 2026/06/27 - 16:53:38 | 任务进度轮询完成 
[SYS] 2026/06/27 - 16:53:53 | 任务进度轮询开始 
[SYS] 2026/06/27 - 16:53:53 | 任务进度轮询完成 
[SYS] 2026/06/27 - 16:54:07 | syncing options from database 
[SYS] 2026/06/27 - 16:54:08 | 任务进度轮询开始 
[SYS] 2026/06/27 - 16:54:08 | 任务进度轮询完成 
[SYS] 2026/06/27 - 16:54:23 | 任务进度轮询开始 
[SYS] 2026/06/27 - 16:54:23 | 任务进度轮询完成 
[SYS] 2026/06/27 - 16:54:38 | 任务进度轮询开始 
[SYS] 2026/06/27 - 16:54:38 | 任务进度轮询完成 
[SYS] 2026/06/27 - 16:54:53 | 任务进度轮询开始 
[SYS] 2026/06/27 - 16:54:53 | 任务进度轮询完成 
[SYS] 2026/06/27 - 16:55:07 | syncing options from database 
[SYS] 2026/06/27 - 16:55:08 | 任务进度轮询开始 
[SYS] 2026/06/27 - 16:55:08 | 任务进度轮询完成 
[SYS] 2026/06/27 - 16:55:23 | 任务进度轮询开始 
[SYS] 2026/06/27 - 16:55:23 | 任务进度轮询完成 
[SYS] 2026/06/27 - 16:55:38 | 任务进度轮询开始 
[SYS] 2026/06/27 - 16:55:38 | 任务进度轮询完成 
[SYS] 2026/06/27 - 16:55:53 | 任务进度轮询开始 
[SYS] 2026/06/27 - 16:55:53 | 任务进度轮询完成 
[SYS] 2026/06/27 - 16:56:07 | syncing options from database 
[SYS] 2026/06/27 - 16:56:08 | 任务进度轮询开始 
[SYS] 2026/06/27 - 16:56:08 | 任务进度轮询完成 
[SYS] 2026/06/27 - 16:56:23 | 任务进度轮询开始 
[SYS] 2026/06/27 - 16:56:23 | 任务进度轮询完成 
[SYS] 2026/06/27 - 16:56:38 | 任务进度轮询开始 
[SYS] 2026/06/27 - 16:56:38 | 任务进度轮询完成 
[SYS] 2026/06/27 - 16:56:53 | 任务进度轮询开始 
[SYS] 2026/06/27 - 16:56:53 | 任务进度轮询完成 
[SYS] 2026/06/27 - 16:57:07 | 正在更新数据看板数据... 
[SYS] 2026/06/27 - 16:57:07 | 保存数据看板数据成功，共保存0条数据 
[SYS] 2026/06/27 - 16:57:07 | syncing options from database 
[SYS] 2026/06/27 - 16:57:08 | 任务进度轮询开始 
[SYS] 2026/06/27 - 16:57:08 | 任务进度轮询完成 
[SYS] 2026/06/27 - 16:57:23 | 任务进度轮询开始 
[SYS] 2026/06/27 - 16:57:23 | 任务进度轮询完成 
[SYS] 2026/06/27 - 16:57:38 | 任务进度轮询开始 
[SYS] 2026/06/27 - 16:57:38 | 任务进度轮询完成 
[SYS] 2026/06/27 - 16:57:53 | 任务进度轮询开始 
[SYS] 2026/06/27 - 16:57:53 | 任务进度轮询完成 
[SYS] 2026/06/27 - 16:58:07 | syncing options from database 
[SYS] 2026/06/27 - 16:58:08 | 任务进度轮询开始 
[SYS] 2026/06/27 - 16:58:08 | 任务进度轮询完成 
[SYS] 2026/06/27 - 16:58:23 | 任务进度轮询开始 
[SYS] 2026/06/27 - 16:58:23 | 任务进度轮询完成 
[SYS] 2026/06/27 - 16:58:38 | 任务进度轮询开始 
[SYS] 2026/06/27 - 16:58:38 | 任务进度轮询完成 
[SYS] 2026/06/27 - 16:58:53 | 任务进度轮询开始 
[SYS] 2026/06/27 - 16:58:53 | 任务进度轮询完成 
[SYS] 2026/06/27 - 16:59:07 | syncing options from database 
[SYS] 2026/06/27 - 16:59:08 | 任务进度轮询开始 
[SYS] 2026/06/27 - 16:59:08 | 任务进度轮询完成 
[GIN] 2026/06/27 - 16:59:19 | api | 202606270859196970280688268d9d6L06loxNa | 200 |    6.931825ms |  112.116.89.159 |    POST /api/user/login
[SYS] 2026/06/27 - 16:59:23 | 任务进度轮询开始 
[SYS] 2026/06/27 - 16:59:23 | 任务进度轮询完成 
[SYS] 2026/06/27 - 16:59:38 | 任务进度轮询开始 
[SYS] 2026/06/27 - 16:59:38 | 任务进度轮询完成 
[SYS] 2026/06/27 - 16:59:53 | 任务进度轮询开始 
[SYS] 2026/06/27 - 16:59:53 | 任务进度轮询完成 
[SYS] 2026/06/27 - 17:00:07 | syncing options from database 
[SYS] 2026/06/27 - 17:00:08 | 任务进度轮询开始 
[SYS] 2026/06/27 - 17:00:08 | 任务进度轮询完成 
[SYS] 2026/06/27 - 17:00:23 | 任务进度轮询开始 
[SYS] 2026/06/27 - 17:00:23 | 任务进度轮询完成 
[SYS] 2026/06/27 - 17:00:38 | 任务进度轮询开始 
[SYS] 2026/06/27 - 17:00:38 | 任务进度轮询完成 
[SYS] 2026/06/27 - 17:00:53 | 任务进度轮询开始 
[SYS] 2026/06/27 - 17:00:53 | 任务进度轮询完成 
[SYS] 2026/06/27 - 17:01:07 | syncing options from database 
[SYS] 2026/06/27 - 17:01:08 | 任务进度轮询开始 
[SYS] 2026/06/27 - 17:01:08 | 任务进度轮询完成 
[SYS] 2026/06/27 - 17:01:23 | 任务进度轮询开始 
[SYS] 2026/06/27 - 17:01:23 | 任务进度轮询完成 
[SYS] 2026/06/27 - 17:01:38 | 任务进度轮询开始 
[SYS] 2026/06/27 - 17:01:38 | 任务进度轮询完成 
[GIN] 2026/06/27 - 17:01:49 | web | 202606270901494138129778268d9d63tRSPZq1 | 200 |      38.384µs |   165.22.221.52 |     GET /
[SYS] 2026/06/27 - 17:01:53 | 任务进度轮询开始 
[SYS] 2026/06/27 - 17:01:53 | 任务进度轮询完成 
[SYS] 2026/06/27 - 17:02:07 | 正在更新数据看板数据... 
[SYS] 2026/06/27 - 17:02:07 | 保存数据看板数据成功，共保存0条数据 
[SYS] 2026/06/27 - 17:02:07 | syncing options from database 
[SYS] 2026/06/27 - 17:02:08 | 任务进度轮询开始 
[SYS] 2026/06/27 - 17:02:08 | 任务进度轮询完成 
[SYS] 2026/06/27 - 17:02:23 | 任务进度轮询开始 
[SYS] 2026/06/27 - 17:02:23 | 任务进度轮询完成 
[SYS] 2026/06/27 - 17:02:38 | 任务进度轮询开始 
[SYS] 2026/06/27 - 17:02:38 | 任务进度轮询完成 
[SYS] 2026/06/27 - 17:02:53 | 任务进度轮询开始 
[SYS] 2026/06/27 - 17:02:53 | 任务进度轮询完成 
[SYS] 2026/06/27 - 17:03:07 | syncing options from database 
[SYS] 2026/06/27 - 17:03:08 | 任务进度轮询开始 
[SYS] 2026/06/27 - 17:03:08 | 任务进度轮询完成 
[SYS] 2026/06/27 - 17:03:23 | 任务进度轮询开始 
[SYS] 2026/06/27 - 17:03:23 | 任务进度轮询完成 
[SYS] 2026/06/27 - 17:03:38 | 任务进度轮询开始 
[SYS] 2026/06/27 - 17:03:38 | 任务进度轮询完成 
[SYS] 2026/06/27 - 17:03:53 | 任务进度轮询开始 
[SYS] 2026/06/27 - 17:03:53 | 任务进度轮询完成 
[SYS] 2026/06/27 - 17:04:07 | syncing options from database 
[SYS] 2026/06/27 - 17:04:08 | 任务进度轮询开始 
[SYS] 2026/06/27 - 17:04:08 | 任务进度轮询完成 
[SYS] 2026/06/27 - 17:04:23 | 任务进度轮询开始 
[SYS] 2026/06/27 - 17:04:23 | 任务进度轮询完成 
[SYS] 2026/06/27 - 17:04:38 | 任务进度轮询开始 
[SYS] 2026/06/27 - 17:04:38 | 任务进度轮询完成 
[SYS] 2026/06/27 - 17:04:53 | 任务进度轮询开始 
[SYS] 2026/06/27 - 17:04:53 | 任务进度轮询完成 
[SYS] 2026/06/27 - 17:05:07 | syncing options from database 
[SYS] 2026/06/27 - 17:05:08 | 任务进度轮询开始 
[SYS] 2026/06/27 - 17:05:08 | 任务进度轮询完成 
[SYS] 2026/06/27 - 17:05:23 | 任务进度轮询开始 
[SYS] 2026/06/27 - 17:05:23 | 任务进度轮询完成 
[SYS] 2026/06/27 - 17:05:38 | 任务进度轮询开始 
[SYS] 2026/06/27 - 17:05:38 | 任务进度轮询完成 
[SYS] 2026/06/27 - 17:05:53 | 任务进度轮询开始 
[SYS] 2026/06/27 - 17:05:53 | 任务进度轮询完成 
[SYS] 2026/06/27 - 17:06:07 | syncing options from database 
[SYS] 2026/06/27 - 17:06:08 | 任务进度轮询开始 
[SYS] 2026/06/27 - 17:06:08 | 任务进度轮询完成 
[SYS] 2026/06/27 - 17:06:23 | 任务进度轮询开始 
[SYS] 2026/06/27 - 17:06:23 | 任务进度轮询完成 
[SYS] 2026/06/27 - 17:06:38 | 任务进度轮询开始 
[SYS] 2026/06/27 - 17:06:38 | 任务进度轮询完成 
[SYS] 2026/06/27 - 17:06:53 | 任务进度轮询开始 
[SYS] 2026/06/27 - 17:06:53 | 任务进度轮询完成 
[SYS] 2026/06/27 - 17:07:07 | 正在更新数据看板数据... 
[SYS] 2026/06/27 - 17:07:07 | 保存数据看板数据成功，共保存0条数据 
[SYS] 2026/06/27 - 17:07:07 | syncing options from database 
[SYS] 2026/06/27 - 17:07:08 | 任务进度轮询开始 
[SYS] 2026/06/27 - 17:07:08 | 任务进度轮询完成 
[SYS] 2026/06/27 - 17:07:23 | 任务进度轮询开始 
[SYS] 2026/06/27 - 17:07:23 | 任务进度轮询完成 
[SYS] 2026/06/27 - 17:07:38 | 任务进度轮询开始 
[SYS] 2026/06/27 - 17:07:38 | 任务进度轮询完成 
[SYS] 2026/06/27 - 17:07:53 | 任务进度轮询开始 
[SYS] 2026/06/27 - 17:07:53 | 任务进度轮询完成 
[SYS] 2026/06/27 - 17:08:07 | syncing options from database 
[SYS] 2026/06/27 - 17:08:08 | 任务进度轮询开始 
[SYS] 2026/06/27 - 17:08:08 | 任务进度轮询完成 
[SYS] 2026/06/27 - 17:08:23 | 任务进度轮询开始 
[SYS] 2026/06/27 - 17:08:23 | 任务进度轮询完成 
[SYS] 2026/06/27 - 17:08:38 | 任务进度轮询开始 
[SYS] 2026/06/27 - 17:08:38 | 任务进度轮询完成 
[SYS] 2026/06/27 - 17:08:53 | 任务进度轮询开始 
[SYS] 2026/06/27 - 17:08:53 | 任务进度轮询完成 
[SYS] 2026/06/27 - 17:09:07 | syncing options from database 
[SYS] 2026/06/27 - 17:09:08 | 任务进度轮询开始 
[SYS] 2026/06/27 - 17:09:08 | 任务进度轮询完成 
[SYS] 2026/06/27 - 17:09:23 | 任务进度轮询开始 
[SYS] 2026/06/27 - 17:09:23 | 任务进度轮询完成 
[SYS] 2026/06/27 - 17:09:38 | 任务进度轮询开始 
[SYS] 2026/06/27 - 17:09:38 | 任务进度轮询完成 
[SYS] 2026/06/27 - 17:09:53 | 任务进度轮询开始 
[SYS] 2026/06/27 - 17:09:53 | 任务进度轮询完成 
[SYS] 2026/06/27 - 17:10:07 | syncing options from database 
[SYS] 2026/06/27 - 17:10:08 | 任务进度轮询开始 
[SYS] 2026/06/27 - 17:10:08 | 任务进度轮询完成 
[SYS] 2026/06/27 - 17:10:23 | 任务进度轮询开始 
[SYS] 2026/06/27 - 17:10:23 | 任务进度轮询完成 
[SYS] 2026/06/27 - 17:10:38 | 任务进度轮询开始 
[SYS] 2026/06/27 - 17:10:38 | 任务进度轮询完成 
[SYS] 2026/06/27 - 17:10:53 | 任务进度轮询开始 
[SYS] 2026/06/27 - 17:10:53 | 任务进度轮询完成 
[SYS] 2026/06/27 - 17:11:07 | syncing options from database 
[SYS] 2026/06/27 - 17:11:08 | 任务进度轮询开始 
[SYS] 2026/06/27 - 17:11:08 | 任务进度轮询完成 
[SYS] 2026/06/27 - 17:11:23 | 任务进度轮询开始 
[SYS] 2026/06/27 - 17:11:23 | 任务进度轮询完成 
[SYS] 2026/06/27 - 17:11:38 | 任务进度轮询开始 
[SYS] 2026/06/27 - 17:11:38 | 任务进度轮询完成 
[SYS] 2026/06/27 - 17:11:53 | 任务进度轮询开始 
[SYS] 2026/06/27 - 17:11:53 | 任务进度轮询完成 
[SYS] 2026/06/27 - 17:12:07 | 正在更新数据看板数据... 
[SYS] 2026/06/27 - 17:12:07 | 保存数据看板数据成功，共保存0条数据 
[SYS] 2026/06/27 - 17:12:07 | syncing options from database 
[SYS] 2026/06/27 - 17:12:08 | 任务进度轮询开始 
[SYS] 2026/06/27 - 17:12:08 | 任务进度轮询完成 
[SYS] 2026/06/27 - 17:12:23 | 任务进度轮询开始 
[SYS] 2026/06/27 - 17:12:23 | 任务进度轮询完成 
[SYS] 2026/06/27 - 17:12:38 | 任务进度轮询开始 
[SYS] 2026/06/27 - 17:12:38 | 任务进度轮询完成 
[SYS] 2026/06/27 - 17:12:53 | 任务进度轮询开始 
[SYS] 2026/06/27 - 17:12:53 | 任务进度轮询完成 
[SYS] 2026/06/27 - 17:13:07 | syncing options from database 
[SYS] 2026/06/27 - 17:13:08 | 任务进度轮询开始 
[SYS] 2026/06/27 - 17:13:08 | 任务进度轮询完成 
[SYS] 2026/06/27 - 17:13:23 | 任务进度轮询开始 
[SYS] 2026/06/27 - 17:13:23 | 任务进度轮询完成 
[SYS] 2026/06/27 - 17:13:38 | 任务进度轮询开始 
[SYS] 2026/06/27 - 17:13:38 | 任务进度轮询完成 
[SYS] 2026/06/27 - 17:13:53 | 任务进度轮询开始 
[SYS] 2026/06/27 - 17:13:53 | 任务进度轮询完成 
[SYS] 2026/06/27 - 17:14:07 | syncing options from database 
[SYS] 2026/06/27 - 17:14:08 | 任务进度轮询开始 
[SYS] 2026/06/27 - 17:14:08 | 任务进度轮询完成 
[SYS] 2026/06/27 - 17:14:23 | 任务进度轮询开始 
[SYS] 2026/06/27 - 17:14:23 | 任务进度轮询完成 
[SYS] 2026/06/27 - 17:14:38 | 任务进度轮询开始 
[SYS] 2026/06/27 - 17:14:38 | 任务进度轮询完成 
[SYS] 2026/06/27 - 17:14:53 | 任务进度轮询开始 
[SYS] 2026/06/27 - 17:14:53 | 任务进度轮询完成 
[SYS] 2026/06/27 - 17:15:07 | syncing options from database 
[SYS] 2026/06/27 - 17:15:08 | 任务进度轮询开始 
[SYS] 2026/06/27 - 17:15:08 | 任务进度轮询完成 
[SYS] 2026/06/27 - 17:15:23 | 任务进度轮询开始 
[SYS] 2026/06/27 - 17:15:23 | 任务进度轮询完成 
[SYS] 2026/06/27 - 17:15:38 | 任务进度轮询开始 
[SYS] 2026/06/27 - 17:15:38 | 任务进度轮询完成 
[SYS] 2026/06/27 - 17:15:53 | 任务进度轮询开始 
[SYS] 2026/06/27 - 17:15:53 | 任务进度轮询完成 
[SYS] 2026/06/27 - 17:16:07 | syncing options from database 
[SYS] 2026/06/27 - 17:16:08 | 任务进度轮询开始 
[SYS] 2026/06/27 - 17:16:08 | 任务进度轮询完成 
[SYS] 2026/06/27 - 17:16:23 | 任务进度轮询开始 
[SYS] 2026/06/27 - 17:16:23 | 任务进度轮询完成 
[SYS] 2026/06/27 - 17:16:38 | 任务进度轮询开始 
[SYS] 2026/06/27 - 17:16:38 | 任务进度轮询完成 
[SYS] 2026/06/27 - 17:16:53 | 任务进度轮询开始 
[SYS] 2026/06/27 - 17:16:53 | 任务进度轮询完成 
[SYS] 2026/06/27 - 17:17:07 | 正在更新数据看板数据... 
[SYS] 2026/06/27 - 17:17:07 | 保存数据看板数据成功，共保存0条数据 
[SYS] 2026/06/27 - 17:17:07 | syncing options from database 
[SYS] 2026/06/27 - 17:17:08 | 任务进度轮询开始 
[SYS] 2026/06/27 - 17:17:08 | 任务进度轮询完成 
[SYS] 2026/06/27 - 17:17:23 | 任务进度轮询开始 
[SYS] 2026/06/27 - 17:17:23 | 任务进度轮询完成 
[SYS] 2026/06/27 - 17:17:38 | 任务进度轮询开始 
[SYS] 2026/06/27 - 17:17:38 | 任务进度轮询完成 
[SYS] 2026/06/27 - 17:17:53 | 任务进度轮询开始 
[SYS] 2026/06/27 - 17:17:53 | 任务进度轮询完成 
[SYS] 2026/06/27 - 17:18:07 | syncing options from database 
[SYS] 2026/06/27 - 17:18:08 | 任务进度轮询开始 
[SYS] 2026/06/27 - 17:18:08 | 任务进度轮询完成 
[SYS] 2026/06/27 - 17:18:23 | 任务进度轮询开始 
[SYS] 2026/06/27 - 17:18:23 | 任务进度轮询完成 
[SYS] 2026/06/27 - 17:18:38 | 任务进度轮询开始 
[SYS] 2026/06/27 - 17:18:38 | 任务进度轮询完成 
[SYS] 2026/06/27 - 17:18:53 | 任务进度轮询开始 
[SYS] 2026/06/27 - 17:18:53 | 任务进度轮询完成 
[SYS] 2026/06/27 - 17:19:07 | syncing options from database 
[SYS] 2026/06/27 - 17:19:08 | 任务进度轮询开始 
[SYS] 2026/06/27 - 17:19:08 | 任务进度轮询完成 
[SYS] 2026/06/27 - 17:19:23 | 任务进度轮询开始 
[SYS] 2026/06/27 - 17:19:23 | 任务进度轮询完成 
[SYS] 2026/06/27 - 17:19:38 | 任务进度轮询开始 
[SYS] 2026/06/27 - 17:19:38 | 任务进度轮询完成 
[SYS] 2026/06/27 - 17:19:53 | 任务进度轮询开始 
[SYS] 2026/06/27 - 17:19:53 | 任务进度轮询完成 
[SYS] 2026/06/27 - 17:20:07 | syncing options from database 
[SYS] 2026/06/27 - 17:20:08 | 任务进度轮询开始 
[SYS] 2026/06/27 - 17:20:08 | 任务进度轮询完成 
[SYS] 2026/06/27 - 17:20:23 | 任务进度轮询开始 
[SYS] 2026/06/27 - 17:20:23 | 任务进度轮询完成 
[SYS] 2026/06/27 - 17:20:38 | 任务进度轮询开始 
[SYS] 2026/06/27 - 17:20:38 | 任务进度轮询完成 
[SYS] 2026/06/27 - 17:20:53 | 任务进度轮询开始 
[SYS] 2026/06/27 - 17:20:53 | 任务进度轮询完成 
[SYS] 2026/06/27 - 17:21:07 | syncing options from database 
[SYS] 2026/06/27 - 17:21:08 | 任务进度轮询开始 
[SYS] 2026/06/27 - 17:21:08 | 任务进度轮询完成 
[SYS] 2026/06/27 - 17:21:23 | 任务进度轮询开始 
[SYS] 2026/06/27 - 17:21:23 | 任务进度轮询完成 
[SYS] 2026/06/27 - 17:21:38 | 任务进度轮询开始 
[SYS] 2026/06/27 - 17:21:38 | 任务进度轮询完成 
[SYS] 2026/06/27 - 17:21:53 | 任务进度轮询开始 
[SYS] 2026/06/27 - 17:21:53 | 任务进度轮询完成 
[SYS] 2026/06/27 - 17:22:07 | 正在更新数据看板数据... 
[SYS] 2026/06/27 - 17:22:07 | 保存数据看板数据成功，共保存0条数据 
[SYS] 2026/06/27 - 17:22:07 | syncing options from database 
[SYS] 2026/06/27 - 17:22:08 | 任务进度轮询开始 
[SYS] 2026/06/27 - 17:22:08 | 任务进度轮询完成 
[SYS] 2026/06/27 - 17:22:23 | 任务进度轮询开始 
[SYS] 2026/06/27 - 17:22:23 | 任务进度轮询完成 
[SYS] 2026/06/27 - 17:22:38 | 任务进度轮询开始 
[SYS] 2026/06/27 - 17:22:38 | 任务进度轮询完成 
[SYS] 2026/06/27 - 17:22:53 | 任务进度轮询开始 
[SYS] 2026/06/27 - 17:22:53 | 任务进度轮询完成 
[SYS] 2026/06/27 - 17:23:07 | syncing options from database 
[SYS] 2026/06/27 - 17:23:08 | 任务进度轮询开始 
[SYS] 2026/06/27 - 17:23:08 | 任务进度轮询完成 
[SYS] 2026/06/27 - 17:23:23 | 任务进度轮询开始 
[SYS] 2026/06/27 - 17:23:23 | 任务进度轮询完成 
[SYS] 2026/06/27 - 17:23:38 | 任务进度轮询开始 
[SYS] 2026/06/27 - 17:23:38 | 任务进度轮询完成 
[SYS] 2026/06/27 - 17:23:53 | 任务进度轮询开始 
[SYS] 2026/06/27 - 17:23:53 | 任务进度轮询完成 
[SYS] 2026/06/27 - 17:24:07 | syncing options from database 
[SYS] 2026/06/27 - 17:24:08 | 任务进度轮询开始 
[SYS] 2026/06/27 - 17:24:08 | 任务进度轮询完成 
[SYS] 2026/06/27 - 17:24:23 | 任务进度轮询开始 
[SYS] 2026/06/27 - 17:24:23 | 任务进度轮询完成 
[SYS] 2026/06/27 - 17:24:38 | 任务进度轮询开始 
[SYS] 2026/06/27 - 17:24:38 | 任务进度轮询完成 
[SYS] 2026/06/27 - 17:24:53 | 任务进度轮询开始 
[SYS] 2026/06/27 - 17:24:53 | 任务进度轮询完成 
[SYS] 2026/06/27 - 17:25:07 | syncing options from database 
[SYS] 2026/06/27 - 17:25:08 | 任务进度轮询开始 
[SYS] 2026/06/27 - 17:25:08 | 任务进度轮询完成 
[SYS] 2026/06/27 - 17:25:23 | 任务进度轮询开始 
[SYS] 2026/06/27 - 17:25:23 | 任务进度轮询完成 
[SYS] 2026/06/27 - 17:25:38 | 任务进度轮询开始 
[SYS] 2026/06/27 - 17:25:38 | 任务进度轮询完成 
[SYS] 2026/06/27 - 17:25:53 | 任务进度轮询开始 
[SYS] 2026/06/27 - 17:25:53 | 任务进度轮询完成 
[SYS] 2026/06/27 - 17:26:07 | syncing options from database 
[SYS] 2026/06/27 - 17:26:08 | 任务进度轮询开始 
[SYS] 2026/06/27 - 17:26:08 | 任务进度轮询完成 
[SYS] 2026/06/27 - 17:26:23 | 任务进度轮询开始 
[SYS] 2026/06/27 - 17:26:23 | 任务进度轮询完成 
[SYS] 2026/06/27 - 17:26:38 | 任务进度轮询开始 
[SYS] 2026/06/27 - 17:26:38 | 任务进度轮询完成 
[SYS] 2026/06/27 - 17:26:53 | 任务进度轮询开始 
[SYS] 2026/06/27 - 17:26:53 | 任务进度轮询完成 
[SYS] 2026/06/27 - 17:27:07 | 正在更新数据看板数据... 
[SYS] 2026/06/27 - 17:27:07 | 保存数据看板数据成功，共保存0条数据 
[SYS] 2026/06/27 - 17:27:07 | syncing options from database 
[SYS] 2026/06/27 - 17:27:08 | 任务进度轮询开始 
[SYS] 2026/06/27 - 17:27:08 | 任务进度轮询完成 
[SYS] 2026/06/27 - 17:27:23 | 任务进度轮询开始 
[SYS] 2026/06/27 - 17:27:23 | 任务进度轮询完成 
[SYS] 2026/06/27 - 17:27:38 | 任务进度轮询开始 
[SYS] 2026/06/27 - 17:27:38 | 任务进度轮询完成 
[SYS] 2026/06/27 - 17:27:53 | 任务进度轮询开始 
[SYS] 2026/06/27 - 17:27:53 | 任务进度轮询完成 
[SYS] 2026/06/27 - 17:28:07 | syncing options from database 
[SYS] 2026/06/27 - 17:28:08 | 任务进度轮询开始 
[SYS] 2026/06/27 - 17:28:08 | 任务进度轮询完成 
[SYS] 2026/06/27 - 17:28:23 | 任务进度轮询开始 
[SYS] 2026/06/27 - 17:28:23 | 任务进度轮询完成 
[SYS] 2026/06/27 - 17:28:38 | 任务进度轮询开始 
[SYS] 2026/06/27 - 17:28:38 | 任务进度轮询完成 
[SYS] 2026/06/27 - 17:28:53 | 任务进度轮询开始 
[SYS] 2026/06/27 - 17:28:53 | 任务进度轮询完成 
[SYS] 2026/06/27 - 17:29:07 | syncing options from database 
[SYS] 2026/06/27 - 17:29:08 | 任务进度轮询开始 
[SYS] 2026/06/27 - 17:29:08 | 任务进度轮询完成 
[SYS] 2026/06/27 - 17:29:23 | 任务进度轮询开始 
[SYS] 2026/06/27 - 17:29:23 | 任务进度轮询完成 
[SYS] 2026/06/27 - 17:29:38 | 任务进度轮询开始 
[SYS] 2026/06/27 - 17:29:38 | 任务进度轮询完成 
[SYS] 2026/06/27 - 17:29:53 | 任务进度轮询开始 
[SYS] 2026/06/27 - 17:29:53 | 任务进度轮询完成 
[SYS] 2026/06/27 - 17:30:07 | syncing options from database 
[SYS] 2026/06/27 - 17:30:08 | 任务进度轮询开始 
[SYS] 2026/06/27 - 17:30:08 | 任务进度轮询完成 
[SYS] 2026/06/27 - 17:30:23 | 任务进度轮询开始 
[SYS] 2026/06/27 - 17:30:23 | 任务进度轮询完成 
[SYS] 2026/06/27 - 17:30:38 | 任务进度轮询开始 
[SYS] 2026/06/27 - 17:30:38 | 任务进度轮询完成 
[SYS] 2026/06/27 - 17:30:53 | 任务进度轮询开始 
[SYS] 2026/06/27 - 17:30:53 | 任务进度轮询完成 
[SYS] 2026/06/27 - 17:31:07 | syncing options from database 
[SYS] 2026/06/27 - 17:31:08 | 任务进度轮询开始 
[SYS] 2026/06/27 - 17:31:08 | 任务进度轮询完成 
[SYS] 2026/06/27 - 17:31:23 | 任务进度轮询开始 
[SYS] 2026/06/27 - 17:31:23 | 任务进度轮询完成 
[SYS] 2026/06/27 - 17:31:38 | 任务进度轮询开始 
[SYS] 2026/06/27 - 17:31:38 | 任务进度轮询完成 
[SYS] 2026/06/27 - 17:31:53 | 任务进度轮询开始 
[SYS] 2026/06/27 - 17:31:53 | 任务进度轮询完成 
[SYS] 2026/06/27 - 17:32:07 | 正在更新数据看板数据... 
[SYS] 2026/06/27 - 17:32:07 | 保存数据看板数据成功，共保存0条数据 
[SYS] 2026/06/27 - 17:32:07 | syncing options from database 
[SYS] 2026/06/27 - 17:32:08 | 任务进度轮询开始 
[SYS] 2026/06/27 - 17:32:08 | 任务进度轮询完成 
[SYS] 2026/06/27 - 17:32:23 | 任务进度轮询开始 
[SYS] 2026/06/27 - 17:32:23 | 任务进度轮询完成 
[SYS] 2026/06/27 - 17:32:38 | 任务进度轮询开始 
[SYS] 2026/06/27 - 17:32:38 | 任务进度轮询完成 
[SYS] 2026/06/27 - 17:32:53 | 任务进度轮询开始 
[SYS] 2026/06/27 - 17:32:53 | 任务进度轮询完成 
[SYS] 2026/06/27 - 17:33:07 | syncing options from database 
[SYS] 2026/06/27 - 17:33:08 | 任务进度轮询开始 
[SYS] 2026/06/27 - 17:33:08 | 任务进度轮询完成 
[SYS] 2026/06/27 - 17:33:23 | 任务进度轮询开始 
[SYS] 2026/06/27 - 17:33:23 | 任务进度轮询完成 
[SYS] 2026/06/27 - 17:33:38 | 任务进度轮询开始 
[SYS] 2026/06/27 - 17:33:38 | 任务进度轮询完成 
[SYS] 2026/06/27 - 17:33:53 | 任务进度轮询开始 
[SYS] 2026/06/27 - 17:33:53 | 任务进度轮询完成 
[SYS] 2026/06/27 - 17:34:07 | syncing options from database 
[SYS] 2026/06/27 - 17:34:08 | 任务进度轮询开始 
[SYS] 2026/06/27 - 17:34:08 | 任务进度轮询完成 
[SYS] 2026/06/27 - 17:34:23 | 任务进度轮询开始 
[SYS] 2026/06/27 - 17:34:23 | 任务进度轮询完成 
[SYS] 2026/06/27 - 17:34:38 | 任务进度轮询开始 
[SYS] 2026/06/27 - 17:34:38 | 任务进度轮询完成 
[SYS] 2026/06/27 - 17:34:53 | 任务进度轮询开始 
[SYS] 2026/06/27 - 17:34:53 | 任务进度轮询完成 
[SYS] 2026/06/27 - 17:35:07 | syncing options from database 
[SYS] 2026/06/27 - 17:35:08 | 任务进度轮询开始 
[SYS] 2026/06/27 - 17:35:08 | 任务进度轮询完成 
[SYS] 2026/06/27 - 17:35:23 | 任务进度轮询开始 
[SYS] 2026/06/27 - 17:35:23 | 任务进度轮询完成 
[SYS] 2026/06/27 - 17:35:38 | 任务进度轮询开始 
[SYS] 2026/06/27 - 17:35:38 | 任务进度轮询完成 
[SYS] 2026/06/27 - 17:35:53 | 任务进度轮询开始 
[SYS] 2026/06/27 - 17:35:53 | 任务进度轮询完成 
[SYS] 2026/06/27 - 17:36:07 | syncing options from database 
[SYS] 2026/06/27 - 17:36:08 | 任务进度轮询开始 
[SYS] 2026/06/27 - 17:36:08 | 任务进度轮询完成 
[SYS] 2026/06/27 - 17:36:23 | 任务进度轮询开始 
[SYS] 2026/06/27 - 17:36:23 | 任务进度轮询完成 
[SYS] 2026/06/27 - 17:36:38 | 任务进度轮询开始 
[SYS] 2026/06/27 - 17:36:38 | 任务进度轮询完成 
[SYS] 2026/06/27 - 17:36:53 | 任务进度轮询开始 
[SYS] 2026/06/27 - 17:36:53 | 任务进度轮询完成 
[SYS] 2026/06/27 - 17:37:07 | 正在更新数据看板数据... 
[SYS] 2026/06/27 - 17:37:07 | 保存数据看板数据成功，共保存0条数据 
[SYS] 2026/06/27 - 17:37:07 | syncing options from database 
[SYS] 2026/06/27 - 17:37:08 | 任务进度轮询开始 
[SYS] 2026/06/27 - 17:37:08 | 任务进度轮询完成 
[SYS] 2026/06/27 - 17:37:23 | 任务进度轮询开始 
[SYS] 2026/06/27 - 17:37:23 | 任务进度轮询完成 
[SYS] 2026/06/27 - 17:37:38 | 任务进度轮询开始 
[SYS] 2026/06/27 - 17:37:38 | 任务进度轮询完成 
[SYS] 2026/06/27 - 17:37:53 | 任务进度轮询开始 
[SYS] 2026/06/27 - 17:37:53 | 任务进度轮询完成 
[SYS] 2026/06/27 - 17:38:07 | syncing options from database 
[SYS] 2026/06/27 - 17:38:08 | 任务进度轮询开始 
[SYS] 2026/06/27 - 17:38:08 | 任务进度轮询完成 
[SYS] 2026/06/27 - 17:38:23 | 任务进度轮询开始 
[SYS] 2026/06/27 - 17:38:23 | 任务进度轮询完成 
[SYS] 2026/06/27 - 17:38:38 | 任务进度轮询开始 
[SYS] 2026/06/27 - 17:38:38 | 任务进度轮询完成 
[SYS] 2026/06/27 - 17:38:53 | 任务进度轮询开始 
[SYS] 2026/06/27 - 17:38:53 | 任务进度轮询完成 
[SYS] 2026/06/27 - 17:39:07 | syncing options from database 
[SYS] 2026/06/27 - 17:39:08 | 任务进度轮询开始 
[SYS] 2026/06/27 - 17:39:08 | 任务进度轮询完成 
[SYS] 2026/06/27 - 17:39:23 | 任务进度轮询开始 
[SYS] 2026/06/27 - 17:39:23 | 任务进度轮询完成 
[SYS] 2026/06/27 - 17:39:38 | 任务进度轮询开始 
[SYS] 2026/06/27 - 17:39:38 | 任务进度轮询完成 
[SYS] 2026/06/27 - 17:39:53 | 任务进度轮询开始 
[SYS] 2026/06/27 - 17:39:53 | 任务进度轮询完成 
[SYS] 2026/06/27 - 17:40:07 | syncing options from database 
[SYS] 2026/06/27 - 17:40:08 | 任务进度轮询开始 
[SYS] 2026/06/27 - 17:40:08 | 任务进度轮询完成 
[SYS] 2026/06/27 - 17:40:23 | 任务进度轮询开始 
[SYS] 2026/06/27 - 17:40:23 | 任务进度轮询完成 
[SYS] 2026/06/27 - 17:40:38 | 任务进度轮询开始 
[SYS] 2026/06/27 - 17:40:38 | 任务进度轮询完成 
[SYS] 2026/06/27 - 17:40:53 | 任务进度轮询开始 
[SYS] 2026/06/27 - 17:40:53 | 任务进度轮询完成 
[SYS] 2026/06/27 - 17:41:07 | syncing options from database 
[SYS] 2026/06/27 - 17:41:08 | 任务进度轮询开始 
[SYS] 2026/06/27 - 17:41:08 | 任务进度轮询完成 
[SYS] 2026/06/27 - 17:41:23 | 任务进度轮询开始 
[SYS] 2026/06/27 - 17:41:23 | 任务进度轮询完成 
[SYS] 2026/06/27 - 17:41:38 | 任务进度轮询开始 
[SYS] 2026/06/27 - 17:41:38 | 任务进度轮询完成 
[SYS] 2026/06/27 - 17:41:53 | 任务进度轮询开始 
[SYS] 2026/06/27 - 17:41:53 | 任务进度轮询完成 
[SYS] 2026/06/27 - 17:42:07 | 正在更新数据看板数据... 
[SYS] 2026/06/27 - 17:42:07 | 保存数据看板数据成功，共保存0条数据 
[SYS] 2026/06/27 - 17:42:07 | syncing options from database 
[SYS] 2026/06/27 - 17:42:08 | 任务进度轮询开始 
[SYS] 2026/06/27 - 17:42:08 | 任务进度轮询完成 
[SYS] 2026/06/27 - 17:42:23 | 任务进度轮询开始 
[SYS] 2026/06/27 - 17:42:23 | 任务进度轮询完成 
[SYS] 2026/06/27 - 17:42:38 | 任务进度轮询开始 
[SYS] 2026/06/27 - 17:42:38 | 任务进度轮询完成 
[SYS] 2026/06/27 - 17:42:53 | 任务进度轮询开始 
[SYS] 2026/06/27 - 17:42:53 | 任务进度轮询完成 
[SYS] 2026/06/27 - 17:43:07 | syncing options from database 
[SYS] 2026/06/27 - 17:43:08 | 任务进度轮询开始 
[SYS] 2026/06/27 - 17:43:08 | 任务进度轮询完成 
[SYS] 2026/06/27 - 17:43:23 | 任务进度轮询开始 
[SYS] 2026/06/27 - 17:43:23 | 任务进度轮询完成 
[SYS] 2026/06/27 - 17:43:38 | 任务进度轮询开始 
[SYS] 2026/06/27 - 17:43:38 | 任务进度轮询完成 
[SYS] 2026/06/27 - 17:43:53 | 任务进度轮询开始 
[SYS] 2026/06/27 - 17:43:53 | 任务进度轮询完成 
[SYS] 2026/06/27 - 17:44:07 | syncing options from database 
[SYS] 2026/06/27 - 17:44:08 | 任务进度轮询开始 
[SYS] 2026/06/27 - 17:44:08 | 任务进度轮询完成 
[SYS] 2026/06/27 - 17:44:23 | 任务进度轮询开始 
[SYS] 2026/06/27 - 17:44:23 | 任务进度轮询完成 
[SYS] 2026/06/27 - 17:44:38 | 任务进度轮询开始 
[SYS] 2026/06/27 - 17:44:38 | 任务进度轮询完成 
[SYS] 2026/06/27 - 17:44:53 | 任务进度轮询开始 
[SYS] 2026/06/27 - 17:44:53 | 任务进度轮询完成 
[SYS] 2026/06/27 - 17:45:07 | syncing options from database 
[SYS] 2026/06/27 - 17:45:08 | 任务进度轮询开始 
[SYS] 2026/06/27 - 17:45:08 | 任务进度轮询完成 
[SYS] 2026/06/27 - 17:45:23 | 任务进度轮询开始 
[SYS] 2026/06/27 - 17:45:23 | 任务进度轮询完成 
[SYS] 2026/06/27 - 17:45:38 | 任务进度轮询开始 
[SYS] 2026/06/27 - 17:45:38 | 任务进度轮询完成 
[SYS] 2026/06/27 - 17:45:53 | 任务进度轮询开始 
[SYS] 2026/06/27 - 17:45:53 | 任务进度轮询完成 
[SYS] 2026/06/27 - 17:46:07 | syncing options from database 
[SYS] 2026/06/27 - 17:46:08 | 任务进度轮询开始 
[SYS] 2026/06/27 - 17:46:08 | 任务进度轮询完成 
[SYS] 2026/06/27 - 17:46:23 | 任务进度轮询开始 
[SYS] 2026/06/27 - 17:46:23 | 任务进度轮询完成 
[SYS] 2026/06/27 - 17:46:38 | 任务进度轮询开始 
[SYS] 2026/06/27 - 17:46:38 | 任务进度轮询完成 
[SYS] 2026/06/27 - 17:46:53 | 任务进度轮询开始 
[SYS] 2026/06/27 - 17:46:53 | 任务进度轮询完成 
[SYS] 2026/06/27 - 17:47:07 | 正在更新数据看板数据... 
[SYS] 2026/06/27 - 17:47:07 | 保存数据看板数据成功，共保存0条数据 
[SYS] 2026/06/27 - 17:47:07 | syncing options from database 
[SYS] 2026/06/27 - 17:47:08 | 任务进度轮询开始 
[SYS] 2026/06/27 - 17:47:08 | 任务进度轮询完成 
[SYS] 2026/06/27 - 17:47:23 | 任务进度轮询开始 
[SYS] 2026/06/27 - 17:47:23 | 任务进度轮询完成 
[SYS] 2026/06/27 - 17:47:38 | 任务进度轮询开始 
[SYS] 2026/06/27 - 17:47:38 | 任务进度轮询完成 
[SYS] 2026/06/27 - 17:47:53 | 任务进度轮询开始 
[SYS] 2026/06/27 - 17:47:53 | 任务进度轮询完成 
[SYS] 2026/06/27 - 17:48:07 | syncing options from database 
[SYS] 2026/06/27 - 17:48:08 | 任务进度轮询开始 
[SYS] 2026/06/27 - 17:48:08 | 任务进度轮询完成 
[SYS] 2026/06/27 - 17:48:23 | 任务进度轮询开始 
[SYS] 2026/06/27 - 17:48:23 | 任务进度轮询完成 
[SYS] 2026/06/27 - 17:48:38 | 任务进度轮询开始 
[SYS] 2026/06/27 - 17:48:38 | 任务进度轮询完成 
[SYS] 2026/06/27 - 17:48:53 | 任务进度轮询开始 
[SYS] 2026/06/27 - 17:48:53 | 任务进度轮询完成 
[SYS] 2026/06/27 - 17:49:07 | syncing options from database 
[SYS] 2026/06/27 - 17:49:08 | 任务进度轮询开始 
[SYS] 2026/06/27 - 17:49:08 | 任务进度轮询完成 
[SYS] 2026/06/27 - 17:49:23 | 任务进度轮询开始 
[SYS] 2026/06/27 - 17:49:23 | 任务进度轮询完成 
[SYS] 2026/06/27 - 17:49:38 | 任务进度轮询开始 
[SYS] 2026/06/27 - 17:49:38 | 任务进度轮询完成 
[SYS] 2026/06/27 - 17:49:53 | 任务进度轮询开始 
[SYS] 2026/06/27 - 17:49:53 | 任务进度轮询完成 
[SYS] 2026/06/27 - 17:50:07 | syncing options from database 
[SYS] 2026/06/27 - 17:50:08 | 任务进度轮询开始 
[SYS] 2026/06/27 - 17:50:08 | 任务进度轮询完成 
[SYS] 2026/06/27 - 17:50:23 | 任务进度轮询开始 
[SYS] 2026/06/27 - 17:50:23 | 任务进度轮询完成 
[SYS] 2026/06/27 - 17:50:38 | 任务进度轮询开始 
[SYS] 2026/06/27 - 17:50:38 | 任务进度轮询完成 
[SYS] 2026/06/27 - 17:50:53 | 任务进度轮询开始 
[SYS] 2026/06/27 - 17:50:53 | 任务进度轮询完成 
[SYS] 2026/06/27 - 17:51:07 | syncing options from database 
[SYS] 2026/06/27 - 17:51:08 | 任务进度轮询开始 
[SYS] 2026/06/27 - 17:51:08 | 任务进度轮询完成 
[SYS] 2026/06/27 - 17:51:23 | 任务进度轮询开始 
[SYS] 2026/06/27 - 17:51:23 | 任务进度轮询完成 
[SYS] 2026/06/27 - 17:51:38 | 任务进度轮询开始 
[SYS] 2026/06/27 - 17:51:38 | 任务进度轮询完成 
[SYS] 2026/06/27 - 17:51:53 | 任务进度轮询开始 
[SYS] 2026/06/27 - 17:51:53 | 任务进度轮询完成 
[SYS] 2026/06/27 - 17:52:07 | 正在更新数据看板数据... 
[SYS] 2026/06/27 - 17:52:07 | 保存数据看板数据成功，共保存0条数据 
[SYS] 2026/06/27 - 17:52:07 | syncing options from database 
[SYS] 2026/06/27 - 17:52:08 | 任务进度轮询开始 
[SYS] 2026/06/27 - 17:52:08 | 任务进度轮询完成 
[SYS] 2026/06/27 - 17:52:23 | 任务进度轮询开始 
[SYS] 2026/06/27 - 17:52:23 | 任务进度轮询完成 
[SYS] 2026/06/27 - 17:52:38 | 任务进度轮询开始 
[SYS] 2026/06/27 - 17:52:38 | 任务进度轮询完成 
[SYS] 2026/06/27 - 17:52:53 | 任务进度轮询开始 
[SYS] 2026/06/27 - 17:52:53 | 任务进度轮询完成 
[SYS] 2026/06/27 - 17:53:07 | syncing options from database 
[SYS] 2026/06/27 - 17:53:08 | 任务进度轮询开始 
[SYS] 2026/06/27 - 17:53:08 | 任务进度轮询完成 
[SYS] 2026/06/27 - 17:53:23 | 任务进度轮询开始 
[SYS] 2026/06/27 - 17:53:23 | 任务进度轮询完成 
[SYS] 2026/06/27 - 17:53:38 | 任务进度轮询开始 
[SYS] 2026/06/27 - 17:53:38 | 任务进度轮询完成 
[SYS] 2026/06/27 - 17:53:53 | 任务进度轮询开始 
[SYS] 2026/06/27 - 17:53:53 | 任务进度轮询完成 
[SYS] 2026/06/27 - 17:54:07 | syncing options from database 
[SYS] 2026/06/27 - 17:54:08 | 任务进度轮询开始 
[SYS] 2026/06/27 - 17:54:08 | 任务进度轮询完成 
[SYS] 2026/06/27 - 17:54:23 | 任务进度轮询开始 
[SYS] 2026/06/27 - 17:54:23 | 任务进度轮询完成 
[SYS] 2026/06/27 - 17:54:38 | 任务进度轮询开始 
[SYS] 2026/06/27 - 17:54:38 | 任务进度轮询完成 
[SYS] 2026/06/27 - 17:54:53 | 任务进度轮询开始 
[SYS] 2026/06/27 - 17:54:53 | 任务进度轮询完成 
[SYS] 2026/06/27 - 17:55:07 | syncing options from database 
[SYS] 2026/06/27 - 17:55:08 | 任务进度轮询开始 
[SYS] 2026/06/27 - 17:55:08 | 任务进度轮询完成 
[SYS] 2026/06/27 - 17:55:23 | 任务进度轮询开始 
[SYS] 2026/06/27 - 17:55:23 | 任务进度轮询完成 
[SYS] 2026/06/27 - 17:55:38 | 任务进度轮询开始 
[SYS] 2026/06/27 - 17:55:38 | 任务进度轮询完成 
[SYS] 2026/06/27 - 17:55:53 | 任务进度轮询开始 
[SYS] 2026/06/27 - 17:55:53 | 任务进度轮询完成 
[SYS] 2026/06/27 - 17:56:07 | syncing options from database 
[SYS] 2026/06/27 - 17:56:08 | 任务进度轮询开始 
[SYS] 2026/06/27 - 17:56:08 | 任务进度轮询完成 
[SYS] 2026/06/27 - 17:56:23 | 任务进度轮询开始 
[SYS] 2026/06/27 - 17:56:23 | 任务进度轮询完成 
[SYS] 2026/06/27 - 17:56:38 | 任务进度轮询开始 
[SYS] 2026/06/27 - 17:56:38 | 任务进度轮询完成 
[SYS] 2026/06/27 - 17:56:53 | 任务进度轮询开始 
[SYS] 2026/06/27 - 17:56:53 | 任务进度轮询完成 
[SYS] 2026/06/27 - 17:57:07 | 正在更新数据看板数据... 
[SYS] 2026/06/27 - 17:57:07 | 保存数据看板数据成功，共保存0条数据 
[SYS] 2026/06/27 - 17:57:07 | syncing options from database 
[SYS] 2026/06/27 - 17:57:08 | 任务进度轮询开始 
[SYS] 2026/06/27 - 17:57:08 | 任务进度轮询完成 
[SYS] 2026/06/27 - 17:57:23 | 任务进度轮询开始 
[SYS] 2026/06/27 - 17:57:23 | 任务进度轮询完成 
[SYS] 2026/06/27 - 17:57:38 | 任务进度轮询开始 
[SYS] 2026/06/27 - 17:57:38 | 任务进度轮询完成 
[SYS] 2026/06/27 - 17:57:53 | 任务进度轮询开始 
[SYS] 2026/06/27 - 17:57:53 | 任务进度轮询完成 
[SYS] 2026/06/27 - 17:58:07 | syncing options from database 
[SYS] 2026/06/27 - 17:58:08 | 任务进度轮询开始 
[SYS] 2026/06/27 - 17:58:08 | 任务进度轮询完成 
[SYS] 2026/06/27 - 17:58:23 | 任务进度轮询开始 
[SYS] 2026/06/27 - 17:58:23 | 任务进度轮询完成 
[SYS] 2026/06/27 - 17:58:38 | 任务进度轮询开始 
[SYS] 2026/06/27 - 17:58:38 | 任务进度轮询完成 
[SYS] 2026/06/27 - 17:58:53 | 任务进度轮询开始 
[SYS] 2026/06/27 - 17:58:53 | 任务进度轮询完成 
[SYS] 2026/06/27 - 17:59:07 | syncing options from database 
[SYS] 2026/06/27 - 17:59:08 | 任务进度轮询开始 
[SYS] 2026/06/27 - 17:59:08 | 任务进度轮询完成 
[SYS] 2026/06/27 - 17:59:23 | 任务进度轮询开始 
[SYS] 2026/06/27 - 17:59:23 | 任务进度轮询完成 
[SYS] 2026/06/27 - 17:59:38 | 任务进度轮询开始 
[SYS] 2026/06/27 - 17:59:38 | 任务进度轮询完成 
[SYS] 2026/06/27 - 17:59:53 | 任务进度轮询开始 
[SYS] 2026/06/27 - 17:59:53 | 任务进度轮询完成 
[SYS] 2026/06/27 - 18:00:07 | syncing options from database 
[SYS] 2026/06/27 - 18:00:08 | 任务进度轮询开始 
[SYS] 2026/06/27 - 18:00:08 | 任务进度轮询完成 
[SYS] 2026/06/27 - 18:00:23 | 任务进度轮询开始 
[SYS] 2026/06/27 - 18:00:23 | 任务进度轮询完成 
[SYS] 2026/06/27 - 18:00:38 | 任务进度轮询开始 
[SYS] 2026/06/27 - 18:00:38 | 任务进度轮询完成 
[SYS] 2026/06/27 - 18:00:53 | 任务进度轮询开始 
[SYS] 2026/06/27 - 18:00:53 | 任务进度轮询完成 
[SYS] 2026/06/27 - 18:01:07 | syncing options from database 
[SYS] 2026/06/27 - 18:01:08 | 任务进度轮询开始 
[SYS] 2026/06/27 - 18:01:08 | 任务进度轮询完成 
[SYS] 2026/06/27 - 18:01:23 | 任务进度轮询开始 
[SYS] 2026/06/27 - 18:01:23 | 任务进度轮询完成 
[SYS] 2026/06/27 - 18:01:38 | 任务进度轮询开始 
[SYS] 2026/06/27 - 18:01:38 | 任务进度轮询完成 
[SYS] 2026/06/27 - 18:01:53 | 任务进度轮询开始 
[SYS] 2026/06/27 - 18:01:53 | 任务进度轮询完成 
[SYS] 2026/06/27 - 18:02:07 | 正在更新数据看板数据... 
[SYS] 2026/06/27 - 18:02:07 | 保存数据看板数据成功，共保存0条数据 
[SYS] 2026/06/27 - 18:02:07 | syncing options from database 
[SYS] 2026/06/27 - 18:02:08 | 任务进度轮询开始 
[SYS] 2026/06/27 - 18:02:08 | 任务进度轮询完成 
[SYS] 2026/06/27 - 18:02:23 | 任务进度轮询开始 
[SYS] 2026/06/27 - 18:02:23 | 任务进度轮询完成 
[SYS] 2026/06/27 - 18:02:38 | 任务进度轮询开始 
[SYS] 2026/06/27 - 18:02:38 | 任务进度轮询完成 
[SYS] 2026/06/27 - 18:02:53 | 任务进度轮询开始 
[SYS] 2026/06/27 - 18:02:53 | 任务进度轮询完成 
[SYS] 2026/06/27 - 18:03:07 | syncing options from database 
[SYS] 2026/06/27 - 18:03:08 | 任务进度轮询开始 
[SYS] 2026/06/27 - 18:03:08 | 任务进度轮询完成 
[SYS] 2026/06/27 - 18:03:23 | 任务进度轮询开始 
[SYS] 2026/06/27 - 18:03:23 | 任务进度轮询完成 
[SYS] 2026/06/27 - 18:03:38 | 任务进度轮询开始 
[SYS] 2026/06/27 - 18:03:38 | 任务进度轮询完成 
[SYS] 2026/06/27 - 18:03:53 | 任务进度轮询开始 
[SYS] 2026/06/27 - 18:03:53 | 任务进度轮询完成 
[SYS] 2026/06/27 - 18:04:07 | syncing options from database 
[SYS] 2026/06/27 - 18:04:08 | 任务进度轮询开始 
[SYS] 2026/06/27 - 18:04:08 | 任务进度轮询完成 
[SYS] 2026/06/27 - 18:04:23 | 任务进度轮询开始 
[SYS] 2026/06/27 - 18:04:23 | 任务进度轮询完成 
[SYS] 2026/06/27 - 18:04:38 | 任务进度轮询开始 
[SYS] 2026/06/27 - 18:04:38 | 任务进度轮询完成 
[SYS] 2026/06/27 - 18:04:53 | 任务进度轮询开始 
[SYS] 2026/06/27 - 18:04:53 | 任务进度轮询完成 
[SYS] 2026/06/27 - 18:05:07 | syncing options from database 
[SYS] 2026/06/27 - 18:05:08 | 任务进度轮询开始 
[SYS] 2026/06/27 - 18:05:08 | 任务进度轮询完成 
[SYS] 2026/06/27 - 18:05:23 | 任务进度轮询开始 
[SYS] 2026/06/27 - 18:05:23 | 任务进度轮询完成 
[SYS] 2026/06/27 - 18:05:38 | 任务进度轮询开始 
[SYS] 2026/06/27 - 18:05:38 | 任务进度轮询完成 
[SYS] 2026/06/27 - 18:05:53 | 任务进度轮询开始 
[SYS] 2026/06/27 - 18:05:53 | 任务进度轮询完成 
[SYS] 2026/06/27 - 18:06:07 | syncing options from database 
[SYS] 2026/06/27 - 18:06:08 | 任务进度轮询开始 
[SYS] 2026/06/27 - 18:06:08 | 任务进度轮询完成 
[SYS] 2026/06/27 - 18:06:23 | 任务进度轮询开始 
[SYS] 2026/06/27 - 18:06:23 | 任务进度轮询完成 
[SYS] 2026/06/27 - 18:06:38 | 任务进度轮询开始 
[SYS] 2026/06/27 - 18:06:38 | 任务进度轮询完成 
[SYS] 2026/06/27 - 18:06:53 | 任务进度轮询开始 
[SYS] 2026/06/27 - 18:06:53 | 任务进度轮询完成 
[SYS] 2026/06/27 - 18:07:07 | 正在更新数据看板数据... 
[SYS] 2026/06/27 - 18:07:07 | 保存数据看板数据成功，共保存0条数据 
[SYS] 2026/06/27 - 18:07:07 | syncing options from database 
[SYS] 2026/06/27 - 18:07:08 | 任务进度轮询开始 
[SYS] 2026/06/27 - 18:07:08 | 任务进度轮询完成 
[SYS] 2026/06/27 - 18:07:23 | 任务进度轮询开始 
[SYS] 2026/06/27 - 18:07:23 | 任务进度轮询完成 
[SYS] 2026/06/27 - 18:07:38 | 任务进度轮询开始 
[SYS] 2026/06/27 - 18:07:38 | 任务进度轮询完成 
[SYS] 2026/06/27 - 18:07:53 | 任务进度轮询开始 
[SYS] 2026/06/27 - 18:07:53 | 任务进度轮询完成 
[SYS] 2026/06/27 - 18:08:07 | syncing options from database 
[SYS] 2026/06/27 - 18:08:08 | 任务进度轮询开始 
[SYS] 2026/06/27 - 18:08:08 | 任务进度轮询完成 
[SYS] 2026/06/27 - 18:08:23 | 任务进度轮询开始 
[SYS] 2026/06/27 - 18:08:23 | 任务进度轮询完成 
[SYS] 2026/06/27 - 18:08:38 | 任务进度轮询开始 
[SYS] 2026/06/27 - 18:08:38 | 任务进度轮询完成 
[SYS] 2026/06/27 - 18:08:53 | 任务进度轮询开始 
[SYS] 2026/06/27 - 18:08:53 | 任务进度轮询完成 
[SYS] 2026/06/27 - 18:09:07 | syncing options from database 
[SYS] 2026/06/27 - 18:09:08 | 任务进度轮询开始 
[SYS] 2026/06/27 - 18:09:08 | 任务进度轮询完成 
[SYS] 2026/06/27 - 18:09:23 | 任务进度轮询开始 
[SYS] 2026/06/27 - 18:09:23 | 任务进度轮询完成 
[SYS] 2026/06/27 - 18:09:38 | 任务进度轮询开始 
[SYS] 2026/06/27 - 18:09:38 | 任务进度轮询完成 
[SYS] 2026/06/27 - 18:09:53 | 任务进度轮询开始 
[SYS] 2026/06/27 - 18:09:53 | 任务进度轮询完成 
[SYS] 2026/06/27 - 18:10:07 | syncing options from database 
[SYS] 2026/06/27 - 18:10:08 | 任务进度轮询开始 
[SYS] 2026/06/27 - 18:10:08 | 任务进度轮询完成 
[SYS] 2026/06/27 - 18:10:23 | 任务进度轮询开始 
[SYS] 2026/06/27 - 18:10:23 | 任务进度轮询完成 
[SYS] 2026/06/27 - 18:10:38 | 任务进度轮询开始 
[SYS] 2026/06/27 - 18:10:38 | 任务进度轮询完成 
[SYS] 2026/06/27 - 18:10:53 | 任务进度轮询开始 
[SYS] 2026/06/27 - 18:10:53 | 任务进度轮询完成 
[SYS] 2026/06/27 - 18:11:07 | syncing options from database 
[SYS] 2026/06/27 - 18:11:08 | 任务进度轮询开始 
[SYS] 2026/06/27 - 18:11:08 | 任务进度轮询完成 
[SYS] 2026/06/27 - 18:11:23 | 任务进度轮询开始 
[SYS] 2026/06/27 - 18:11:23 | 任务进度轮询完成 
[SYS] 2026/06/27 - 18:11:38 | 任务进度轮询开始 
[SYS] 2026/06/27 - 18:11:38 | 任务进度轮询完成 
[SYS] 2026/06/27 - 18:11:53 | 任务进度轮询开始 
[SYS] 2026/06/27 - 18:11:53 | 任务进度轮询完成 
[SYS] 2026/06/27 - 18:12:07 | 正在更新数据看板数据... 
[SYS] 2026/06/27 - 18:12:07 | 保存数据看板数据成功，共保存0条数据 
[SYS] 2026/06/27 - 18:12:07 | syncing options from database 
[SYS] 2026/06/27 - 18:12:08 | 任务进度轮询开始 
[SYS] 2026/06/27 - 18:12:08 | 任务进度轮询完成 
[SYS] 2026/06/27 - 18:12:23 | 任务进度轮询开始 
[SYS] 2026/06/27 - 18:12:23 | 任务进度轮询完成 
[SYS] 2026/06/27 - 18:12:38 | 任务进度轮询开始 
[SYS] 2026/06/27 - 18:12:38 | 任务进度轮询完成 
[SYS] 2026/06/27 - 18:12:53 | 任务进度轮询开始 
[SYS] 2026/06/27 - 18:12:53 | 任务进度轮询完成 
[SYS] 2026/06/27 - 18:13:07 | syncing options from database 
[SYS] 2026/06/27 - 18:13:08 | 任务进度轮询开始 
[SYS] 2026/06/27 - 18:13:08 | 任务进度轮询完成 
[SYS] 2026/06/27 - 18:13:23 | 任务进度轮询开始 
[SYS] 2026/06/27 - 18:13:23 | 任务进度轮询完成 
[SYS] 2026/06/27 - 18:13:38 | 任务进度轮询开始 
[SYS] 2026/06/27 - 18:13:38 | 任务进度轮询完成 
[SYS] 2026/06/27 - 18:13:53 | 任务进度轮询开始 
[SYS] 2026/06/27 - 18:13:53 | 任务进度轮询完成 
[SYS] 2026/06/27 - 18:14:07 | syncing options from database 
[SYS] 2026/06/27 - 18:14:08 | 任务进度轮询开始 
[SYS] 2026/06/27 - 18:14:08 | 任务进度轮询完成 
[SYS] 2026/06/27 - 18:14:23 | 任务进度轮询开始 
[SYS] 2026/06/27 - 18:14:23 | 任务进度轮询完成 
[SYS] 2026/06/27 - 18:14:38 | 任务进度轮询开始 
[SYS] 2026/06/27 - 18:14:38 | 任务进度轮询完成 
[SYS] 2026/06/27 - 18:14:53 | 任务进度轮询开始 
[SYS] 2026/06/27 - 18:14:53 | 任务进度轮询完成 
[SYS] 2026/06/27 - 18:15:07 | syncing options from database 
[SYS] 2026/06/27 - 18:15:08 | 任务进度轮询开始 
[SYS] 2026/06/27 - 18:15:08 | 任务进度轮询完成 
[SYS] 2026/06/27 - 18:15:23 | 任务进度轮询开始 
[SYS] 2026/06/27 - 18:15:23 | 任务进度轮询完成 
[SYS] 2026/06/27 - 18:15:38 | 任务进度轮询开始 
[SYS] 2026/06/27 - 18:15:38 | 任务进度轮询完成 
[SYS] 2026/06/27 - 18:15:53 | 任务进度轮询开始 
[SYS] 2026/06/27 - 18:15:53 | 任务进度轮询完成 
[SYS] 2026/06/27 - 18:16:07 | syncing options from database 
[SYS] 2026/06/27 - 18:16:08 | 任务进度轮询开始 
[SYS] 2026/06/27 - 18:16:08 | 任务进度轮询完成 
[SYS] 2026/06/27 - 18:16:23 | 任务进度轮询开始 
[SYS] 2026/06/27 - 18:16:23 | 任务进度轮询完成 
[SYS] 2026/06/27 - 18:16:38 | 任务进度轮询开始 
[SYS] 2026/06/27 - 18:16:38 | 任务进度轮询完成 
[SYS] 2026/06/27 - 18:16:53 | 任务进度轮询开始 
[SYS] 2026/06/27 - 18:16:53 | 任务进度轮询完成 
[SYS] 2026/06/27 - 18:17:07 | 正在更新数据看板数据... 
[SYS] 2026/06/27 - 18:17:07 | 保存数据看板数据成功，共保存0条数据 
[SYS] 2026/06/27 - 18:17:07 | syncing options from database 
[SYS] 2026/06/27 - 18:17:08 | 任务进度轮询开始 
[SYS] 2026/06/27 - 18:17:08 | 任务进度轮询完成 
[SYS] 2026/06/27 - 18:17:23 | 任务进度轮询开始 
[SYS] 2026/06/27 - 18:17:23 | 任务进度轮询完成 
[SYS] 2026/06/27 - 18:17:38 | 任务进度轮询开始 
[SYS] 2026/06/27 - 18:17:38 | 任务进度轮询完成 
[SYS] 2026/06/27 - 18:17:53 | 任务进度轮询开始 
[SYS] 2026/06/27 - 18:17:53 | 任务进度轮询完成 
[SYS] 2026/06/27 - 18:18:07 | syncing options from database 
[SYS] 2026/06/27 - 18:18:08 | 任务进度轮询开始 
[SYS] 2026/06/27 - 18:18:08 | 任务进度轮询完成 
[SYS] 2026/06/27 - 18:18:23 | 任务进度轮询开始 
[SYS] 2026/06/27 - 18:18:23 | 任务进度轮询完成 
[SYS] 2026/06/27 - 18:18:38 | 任务进度轮询开始 
[SYS] 2026/06/27 - 18:18:38 | 任务进度轮询完成 
[SYS] 2026/06/27 - 18:18:53 | 任务进度轮询开始 
[SYS] 2026/06/27 - 18:18:53 | 任务进度轮询完成 
[SYS] 2026/06/27 - 18:19:07 | syncing options from database 
[SYS] 2026/06/27 - 18:19:08 | 任务进度轮询开始 
[SYS] 2026/06/27 - 18:19:08 | 任务进度轮询完成 
[SYS] 2026/06/27 - 18:19:23 | 任务进度轮询开始 
[SYS] 2026/06/27 - 18:19:23 | 任务进度轮询完成 
[SYS] 2026/06/27 - 18:19:38 | 任务进度轮询开始 
[SYS] 2026/06/27 - 18:19:38 | 任务进度轮询完成 
[SYS] 2026/06/27 - 18:19:53 | 任务进度轮询开始 
[SYS] 2026/06/27 - 18:19:53 | 任务进度轮询完成 
[SYS] 2026/06/27 - 18:20:07 | syncing options from database 
[SYS] 2026/06/27 - 18:20:08 | 任务进度轮询开始 
[SYS] 2026/06/27 - 18:20:08 | 任务进度轮询完成 
[SYS] 2026/06/27 - 18:20:23 | 任务进度轮询开始 
[SYS] 2026/06/27 - 18:20:23 | 任务进度轮询完成 
[SYS] 2026/06/27 - 18:20:38 | 任务进度轮询开始 
[SYS] 2026/06/27 - 18:20:38 | 任务进度轮询完成 
[SYS] 2026/06/27 - 18:20:53 | 任务进度轮询开始 
[SYS] 2026/06/27 - 18:20:53 | 任务进度轮询完成 
[SYS] 2026/06/27 - 18:21:07 | syncing options from database 
[SYS] 2026/06/27 - 18:21:08 | 任务进度轮询开始 
[SYS] 2026/06/27 - 18:21:08 | 任务进度轮询完成 
[SYS] 2026/06/27 - 18:21:23 | 任务进度轮询开始 
[SYS] 2026/06/27 - 18:21:23 | 任务进度轮询完成 
[SYS] 2026/06/27 - 18:21:38 | 任务进度轮询开始 
[SYS] 2026/06/27 - 18:21:38 | 任务进度轮询完成 
[SYS] 2026/06/27 - 18:21:53 | 任务进度轮询开始 
[SYS] 2026/06/27 - 18:21:53 | 任务进度轮询完成 
[SYS] 2026/06/27 - 18:22:07 | 正在更新数据看板数据... 
[SYS] 2026/06/27 - 18:22:07 | 保存数据看板数据成功，共保存0条数据 
[SYS] 2026/06/27 - 18:22:07 | syncing options from database 
[SYS] 2026/06/27 - 18:22:08 | 任务进度轮询开始 
[SYS] 2026/06/27 - 18:22:08 | 任务进度轮询完成 
[SYS] 2026/06/27 - 18:22:23 | 任务进度轮询开始 
[SYS] 2026/06/27 - 18:22:23 | 任务进度轮询完成 
[SYS] 2026/06/27 - 18:22:38 | 任务进度轮询开始 
[SYS] 2026/06/27 - 18:22:38 | 任务进度轮询完成 
[SYS] 2026/06/27 - 18:22:53 | 任务进度轮询开始 
[SYS] 2026/06/27 - 18:22:53 | 任务进度轮询完成 
[SYS] 2026/06/27 - 18:23:07 | syncing options from database 
[SYS] 2026/06/27 - 18:23:08 | 任务进度轮询开始 
[SYS] 2026/06/27 - 18:23:08 | 任务进度轮询完成 
[SYS] 2026/06/27 - 18:23:23 | 任务进度轮询开始 
[SYS] 2026/06/27 - 18:23:23 | 任务进度轮询完成 
[SYS] 2026/06/27 - 18:23:38 | 任务进度轮询开始 
[SYS] 2026/06/27 - 18:23:38 | 任务进度轮询完成 
[SYS] 2026/06/27 - 18:23:53 | 任务进度轮询开始 
[SYS] 2026/06/27 - 18:23:53 | 任务进度轮询完成 
[SYS] 2026/06/27 - 18:24:07 | syncing options from database 
[SYS] 2026/06/27 - 18:24:08 | 任务进度轮询开始 
[SYS] 2026/06/27 - 18:24:08 | 任务进度轮询完成 
[SYS] 2026/06/27 - 18:24:23 | 任务进度轮询开始 
[SYS] 2026/06/27 - 18:24:23 | 任务进度轮询完成 
[SYS] 2026/06/27 - 18:24:38 | 任务进度轮询开始 
[SYS] 2026/06/27 - 18:24:38 | 任务进度轮询完成 
[SYS] 2026/06/27 - 18:24:53 | 任务进度轮询开始 
[SYS] 2026/06/27 - 18:24:53 | 任务进度轮询完成 
[SYS] 2026/06/27 - 18:25:07 | syncing options from database 
[SYS] 2026/06/27 - 18:25:08 | 任务进度轮询开始 
[SYS] 2026/06/27 - 18:25:08 | 任务进度轮询完成 
[SYS] 2026/06/27 - 18:25:23 | 任务进度轮询开始 
[SYS] 2026/06/27 - 18:25:23 | 任务进度轮询完成 
[SYS] 2026/06/27 - 18:25:38 | 任务进度轮询开始 
[SYS] 2026/06/27 - 18:25:38 | 任务进度轮询完成 
[SYS] 2026/06/27 - 18:25:53 | 任务进度轮询开始 
[SYS] 2026/06/27 - 18:25:53 | 任务进度轮询完成 
[SYS] 2026/06/27 - 18:26:07 | syncing options from database 
[SYS] 2026/06/27 - 18:26:08 | 任务进度轮询开始 
[SYS] 2026/06/27 - 18:26:08 | 任务进度轮询完成 
[SYS] 2026/06/27 - 18:26:23 | 任务进度轮询开始 
[SYS] 2026/06/27 - 18:26:23 | 任务进度轮询完成 
[SYS] 2026/06/27 - 18:26:38 | 任务进度轮询开始 
[SYS] 2026/06/27 - 18:26:38 | 任务进度轮询完成 
[SYS] 2026/06/27 - 18:26:53 | 任务进度轮询开始 
[SYS] 2026/06/27 - 18:26:53 | 任务进度轮询完成 
[SYS] 2026/06/27 - 18:27:07 | 正在更新数据看板数据... 
[SYS] 2026/06/27 - 18:27:07 | 保存数据看板数据成功，共保存0条数据 
[SYS] 2026/06/27 - 18:27:07 | syncing options from database 
[SYS] 2026/06/27 - 18:27:08 | 任务进度轮询开始 
[SYS] 2026/06/27 - 18:27:08 | 任务进度轮询完成 
[SYS] 2026/06/27 - 18:27:23 | 任务进度轮询开始 
[SYS] 2026/06/27 - 18:27:23 | 任务进度轮询完成 
[SYS] 2026/06/27 - 18:27:38 | 任务进度轮询开始 
[SYS] 2026/06/27 - 18:27:38 | 任务进度轮询完成 
[SYS] 2026/06/27 - 18:27:53 | 任务进度轮询开始 
[SYS] 2026/06/27 - 18:27:53 | 任务进度轮询完成 
[SYS] 2026/06/27 - 18:28:07 | syncing options from database 
[SYS] 2026/06/27 - 18:28:08 | 任务进度轮询开始 
[SYS] 2026/06/27 - 18:28:08 | 任务进度轮询完成 
[SYS] 2026/06/27 - 18:28:23 | 任务进度轮询开始 
[SYS] 2026/06/27 - 18:28:23 | 任务进度轮询完成 
[SYS] 2026/06/27 - 18:28:38 | 任务进度轮询开始 
[SYS] 2026/06/27 - 18:28:38 | 任务进度轮询完成 
[SYS] 2026/06/27 - 18:28:53 | 任务进度轮询开始 
[SYS] 2026/06/27 - 18:28:53 | 任务进度轮询完成 
[SYS] 2026/06/27 - 18:29:07 | syncing options from database 
[SYS] 2026/06/27 - 18:29:08 | 任务进度轮询开始 
[SYS] 2026/06/27 - 18:29:08 | 任务进度轮询完成 
[SYS] 2026/06/27 - 18:29:23 | 任务进度轮询开始 
[SYS] 2026/06/27 - 18:29:23 | 任务进度轮询完成 
[SYS] 2026/06/27 - 18:29:38 | 任务进度轮询开始 
[SYS] 2026/06/27 - 18:29:38 | 任务进度轮询完成 
[SYS] 2026/06/27 - 18:29:53 | 任务进度轮询开始 
[SYS] 2026/06/27 - 18:29:53 | 任务进度轮询完成 
[SYS] 2026/06/27 - 18:30:07 | syncing options from database 
[SYS] 2026/06/27 - 18:30:08 | 任务进度轮询开始 
[SYS] 2026/06/27 - 18:30:08 | 任务进度轮询完成 
[SYS] 2026/06/27 - 18:30:23 | 任务进度轮询开始 
[SYS] 2026/06/27 - 18:30:23 | 任务进度轮询完成 
[SYS] 2026/06/27 - 18:30:38 | 任务进度轮询开始 
[SYS] 2026/06/27 - 18:30:38 | 任务进度轮询完成 
[SYS] 2026/06/27 - 18:30:53 | 任务进度轮询开始 
[SYS] 2026/06/27 - 18:30:53 | 任务进度轮询完成 
[SYS] 2026/06/27 - 18:31:07 | syncing options from database 
[SYS] 2026/06/27 - 18:31:08 | 任务进度轮询开始 
[SYS] 2026/06/27 - 18:31:08 | 任务进度轮询完成 
[SYS] 2026/06/27 - 18:31:23 | 任务进度轮询开始 
[SYS] 2026/06/27 - 18:31:23 | 任务进度轮询完成 
[SYS] 2026/06/27 - 18:31:38 | 任务进度轮询开始 
[SYS] 2026/06/27 - 18:31:38 | 任务进度轮询完成 
[SYS] 2026/06/27 - 18:31:53 | 任务进度轮询开始 
[SYS] 2026/06/27 - 18:31:53 | 任务进度轮询完成 
[SYS] 2026/06/27 - 18:32:07 | 正在更新数据看板数据... 
[SYS] 2026/06/27 - 18:32:07 | 保存数据看板数据成功，共保存0条数据 
[SYS] 2026/06/27 - 18:32:07 | syncing options from database 
[SYS] 2026/06/27 - 18:32:08 | 任务进度轮询开始 
[SYS] 2026/06/27 - 18:32:08 | 任务进度轮询完成 
[SYS] 2026/06/27 - 18:32:23 | 任务进度轮询开始 
[SYS] 2026/06/27 - 18:32:23 | 任务进度轮询完成 
[SYS] 2026/06/27 - 18:32:38 | 任务进度轮询开始 
[SYS] 2026/06/27 - 18:32:38 | 任务进度轮询完成 
[SYS] 2026/06/27 - 18:32:53 | 任务进度轮询开始 
[SYS] 2026/06/27 - 18:32:53 | 任务进度轮询完成 
[SYS] 2026/06/27 - 18:33:07 | syncing options from database 
[SYS] 2026/06/27 - 18:33:08 | 任务进度轮询开始 
[SYS] 2026/06/27 - 18:33:08 | 任务进度轮询完成 
[SYS] 2026/06/27 - 18:33:23 | 任务进度轮询开始 
[SYS] 2026/06/27 - 18:33:23 | 任务进度轮询完成 
[SYS] 2026/06/27 - 18:33:38 | 任务进度轮询开始 
[SYS] 2026/06/27 - 18:33:38 | 任务进度轮询完成 
[SYS] 2026/06/27 - 18:33:53 | 任务进度轮询开始 
[SYS] 2026/06/27 - 18:33:53 | 任务进度轮询完成 
[SYS] 2026/06/27 - 18:34:07 | syncing options from database 
[SYS] 2026/06/27 - 18:34:08 | 任务进度轮询开始 
[SYS] 2026/06/27 - 18:34:08 | 任务进度轮询完成 
[SYS] 2026/06/27 - 18:34:23 | 任务进度轮询开始 
[SYS] 2026/06/27 - 18:34:23 | 任务进度轮询完成 
[SYS] 2026/06/27 - 18:34:38 | 任务进度轮询开始 
[SYS] 2026/06/27 - 18:34:38 | 任务进度轮询完成 
[SYS] 2026/06/27 - 18:34:53 | 任务进度轮询开始 
[SYS] 2026/06/27 - 18:34:53 | 任务进度轮询完成 
[SYS] 2026/06/27 - 18:35:07 | syncing options from database 
[SYS] 2026/06/27 - 18:35:08 | 任务进度轮询开始 
[SYS] 2026/06/27 - 18:35:08 | 任务进度轮询完成 
[SYS] 2026/06/27 - 18:35:23 | 任务进度轮询开始 
[SYS] 2026/06/27 - 18:35:23 | 任务进度轮询完成 
[SYS] 2026/06/27 - 18:35:38 | 任务进度轮询开始 
[SYS] 2026/06/27 - 18:35:38 | 任务进度轮询完成 
[SYS] 2026/06/27 - 18:35:53 | 任务进度轮询开始 
[SYS] 2026/06/27 - 18:35:53 | 任务进度轮询完成 
[SYS] 2026/06/27 - 18:36:07 | syncing options from database 
[SYS] 2026/06/27 - 18:36:08 | 任务进度轮询开始 
[SYS] 2026/06/27 - 18:36:08 | 任务进度轮询完成 
[SYS] 2026/06/27 - 18:36:23 | 任务进度轮询开始 
[SYS] 2026/06/27 - 18:36:23 | 任务进度轮询完成 
[SYS] 2026/06/27 - 18:36:38 | 任务进度轮询开始 
[SYS] 2026/06/27 - 18:36:38 | 任务进度轮询完成 
[SYS] 2026/06/27 - 18:36:53 | 任务进度轮询开始 
[SYS] 2026/06/27 - 18:36:53 | 任务进度轮询完成 
[SYS] 2026/06/27 - 18:37:07 | 正在更新数据看板数据... 
[SYS] 2026/06/27 - 18:37:07 | 保存数据看板数据成功，共保存0条数据 
[SYS] 2026/06/27 - 18:37:07 | syncing options from database 
[SYS] 2026/06/27 - 18:37:08 | 任务进度轮询开始 
[SYS] 2026/06/27 - 18:37:08 | 任务进度轮询完成 
[SYS] 2026/06/27 - 18:37:23 | 任务进度轮询开始 
[SYS] 2026/06/27 - 18:37:23 | 任务进度轮询完成 
[SYS] 2026/06/27 - 18:37:38 | 任务进度轮询开始 
[SYS] 2026/06/27 - 18:37:38 | 任务进度轮询完成 
[SYS] 2026/06/27 - 18:37:53 | 任务进度轮询开始 
[SYS] 2026/06/27 - 18:37:53 | 任务进度轮询完成 
[SYS] 2026/06/27 - 18:38:07 | syncing options from database 
[SYS] 2026/06/27 - 18:38:08 | 任务进度轮询开始 
[SYS] 2026/06/27 - 18:38:08 | 任务进度轮询完成 
[SYS] 2026/06/27 - 18:38:23 | 任务进度轮询开始 
[SYS] 2026/06/27 - 18:38:23 | 任务进度轮询完成 
[SYS] 2026/06/27 - 18:38:38 | 任务进度轮询开始 
[SYS] 2026/06/27 - 18:38:38 | 任务进度轮询完成 
[SYS] 2026/06/27 - 18:38:53 | 任务进度轮询开始 
[SYS] 2026/06/27 - 18:38:53 | 任务进度轮询完成 
[SYS] 2026/06/27 - 18:39:07 | syncing options from database 
[SYS] 2026/06/27 - 18:39:08 | 任务进度轮询开始 
[SYS] 2026/06/27 - 18:39:08 | 任务进度轮询完成 
[SYS] 2026/06/27 - 18:39:23 | 任务进度轮询开始 
[SYS] 2026/06/27 - 18:39:23 | 任务进度轮询完成 
[SYS] 2026/06/27 - 18:39:38 | 任务进度轮询开始 
[SYS] 2026/06/27 - 18:39:38 | 任务进度轮询完成 
[SYS] 2026/06/27 - 18:39:53 | 任务进度轮询开始 
[SYS] 2026/06/27 - 18:39:53 | 任务进度轮询完成 
[SYS] 2026/06/27 - 18:40:07 | syncing options from database 
[SYS] 2026/06/27 - 18:40:08 | 任务进度轮询开始 
[SYS] 2026/06/27 - 18:40:08 | 任务进度轮询完成 
[SYS] 2026/06/27 - 18:40:23 | 任务进度轮询开始 
[SYS] 2026/06/27 - 18:40:23 | 任务进度轮询完成 
[SYS] 2026/06/27 - 18:40:38 | 任务进度轮询开始 
[SYS] 2026/06/27 - 18:40:38 | 任务进度轮询完成 
[SYS] 2026/06/27 - 18:40:53 | 任务进度轮询开始 
[SYS] 2026/06/27 - 18:40:53 | 任务进度轮询完成 
[SYS] 2026/06/27 - 18:41:07 | syncing options from database 
[SYS] 2026/06/27 - 18:41:08 | 任务进度轮询开始 
[SYS] 2026/06/27 - 18:41:08 | 任务进度轮询完成 
[SYS] 2026/06/27 - 18:41:23 | 任务进度轮询开始 
[SYS] 2026/06/27 - 18:41:23 | 任务进度轮询完成 
[SYS] 2026/06/27 - 18:41:38 | 任务进度轮询开始 
[SYS] 2026/06/27 - 18:41:38 | 任务进度轮询完成 
[SYS] 2026/06/27 - 18:41:53 | 任务进度轮询开始 
[SYS] 2026/06/27 - 18:41:53 | 任务进度轮询完成 
[SYS] 2026/06/27 - 18:42:07 | 正在更新数据看板数据... 
[SYS] 2026/06/27 - 18:42:07 | 保存数据看板数据成功，共保存0条数据 
[SYS] 2026/06/27 - 18:42:07 | syncing options from database 
[SYS] 2026/06/27 - 18:42:08 | 任务进度轮询开始 
[SYS] 2026/06/27 - 18:42:08 | 任务进度轮询完成 
[SYS] 2026/06/27 - 18:42:23 | 任务进度轮询开始 
[SYS] 2026/06/27 - 18:42:23 | 任务进度轮询完成 
[SYS] 2026/06/27 - 18:42:38 | 任务进度轮询开始 
[SYS] 2026/06/27 - 18:42:38 | 任务进度轮询完成 
[SYS] 2026/06/27 - 18:42:53 | 任务进度轮询开始 
[SYS] 2026/06/27 - 18:42:53 | 任务进度轮询完成 
[SYS] 2026/06/27 - 18:43:07 | syncing options from database 
[SYS] 2026/06/27 - 18:43:08 | 任务进度轮询开始 
[SYS] 2026/06/27 - 18:43:08 | 任务进度轮询完成 
[SYS] 2026/06/27 - 18:43:23 | 任务进度轮询开始 
[SYS] 2026/06/27 - 18:43:23 | 任务进度轮询完成 
[SYS] 2026/06/27 - 18:43:38 | 任务进度轮询开始 
[SYS] 2026/06/27 - 18:43:38 | 任务进度轮询完成 
[SYS] 2026/06/27 - 18:43:53 | 任务进度轮询开始 
[SYS] 2026/06/27 - 18:43:53 | 任务进度轮询完成 
[SYS] 2026/06/27 - 18:44:07 | syncing options from database 
[SYS] 2026/06/27 - 18:44:08 | 任务进度轮询开始 
[SYS] 2026/06/27 - 18:44:08 | 任务进度轮询完成 
[SYS] 2026/06/27 - 18:44:23 | 任务进度轮询开始 
[SYS] 2026/06/27 - 18:44:23 | 任务进度轮询完成 
[SYS] 2026/06/27 - 18:44:38 | 任务进度轮询开始 
[SYS] 2026/06/27 - 18:44:38 | 任务进度轮询完成 
[SYS] 2026/06/27 - 18:44:53 | 任务进度轮询开始 
[SYS] 2026/06/27 - 18:44:53 | 任务进度轮询完成 
[SYS] 2026/06/27 - 18:45:07 | syncing options from database 
[SYS] 2026/06/27 - 18:45:08 | 任务进度轮询开始 
[SYS] 2026/06/27 - 18:45:08 | 任务进度轮询完成 
[SYS] 2026/06/27 - 18:45:23 | 任务进度轮询开始 
[SYS] 2026/06/27 - 18:45:23 | 任务进度轮询完成 
[SYS] 2026/06/27 - 18:45:38 | 任务进度轮询开始 
[SYS] 2026/06/27 - 18:45:38 | 任务进度轮询完成 
[SYS] 2026/06/27 - 18:45:53 | 任务进度轮询开始 
[SYS] 2026/06/27 - 18:45:53 | 任务进度轮询完成 
[SYS] 2026/06/27 - 18:46:07 | syncing options from database 
[SYS] 2026/06/27 - 18:46:08 | 任务进度轮询开始 
[SYS] 2026/06/27 - 18:46:08 | 任务进度轮询完成 
[SYS] 2026/06/27 - 18:46:23 | 任务进度轮询开始 
[SYS] 2026/06/27 - 18:46:23 | 任务进度轮询完成 
[SYS] 2026/06/27 - 18:46:38 | 任务进度轮询开始 
[SYS] 2026/06/27 - 18:46:38 | 任务进度轮询完成 
[SYS] 2026/06/27 - 18:46:53 | 任务进度轮询开始 
[SYS] 2026/06/27 - 18:46:53 | 任务进度轮询完成 
[SYS] 2026/06/27 - 18:47:07 | 正在更新数据看板数据... 
[SYS] 2026/06/27 - 18:47:07 | 保存数据看板数据成功，共保存0条数据 
[SYS] 2026/06/27 - 18:47:07 | syncing options from database 
[SYS] 2026/06/27 - 18:47:08 | 任务进度轮询开始 
[SYS] 2026/06/27 - 18:47:08 | 任务进度轮询完成 
[SYS] 2026/06/27 - 18:47:23 | 任务进度轮询开始 
[SYS] 2026/06/27 - 18:47:23 | 任务进度轮询完成 
[SYS] 2026/06/27 - 18:47:38 | 任务进度轮询开始 
[SYS] 2026/06/27 - 18:47:38 | 任务进度轮询完成 
[SYS] 2026/06/27 - 18:47:53 | 任务进度轮询开始 
[SYS] 2026/06/27 - 18:47:53 | 任务进度轮询完成 
[SYS] 2026/06/27 - 18:48:07 | syncing options from database 
[SYS] 2026/06/27 - 18:48:08 | 任务进度轮询开始 
[SYS] 2026/06/27 - 18:48:09 | 任务进度轮询完成 
[SYS] 2026/06/27 - 18:48:24 | 任务进度轮询开始 
[SYS] 2026/06/27 - 18:48:24 | 任务进度轮询完成 
[SYS] 2026/06/27 - 18:48:39 | 任务进度轮询开始 
[SYS] 2026/06/27 - 18:48:39 | 任务进度轮询完成 
[SYS] 2026/06/27 - 18:48:54 | 任务进度轮询开始 
[SYS] 2026/06/27 - 18:48:54 | 任务进度轮询完成 
[SYS] 2026/06/27 - 18:49:07 | syncing options from database 
[SYS] 2026/06/27 - 18:49:09 | 任务进度轮询开始 
[SYS] 2026/06/27 - 18:49:09 | 任务进度轮询完成 
[SYS] 2026/06/27 - 18:49:24 | 任务进度轮询开始 
[SYS] 2026/06/27 - 18:49:24 | 任务进度轮询完成 
[SYS] 2026/06/27 - 18:49:39 | 任务进度轮询开始 
[SYS] 2026/06/27 - 18:49:39 | 任务进度轮询完成 
[SYS] 2026/06/27 - 18:49:54 | 任务进度轮询开始 
[SYS] 2026/06/27 - 18:49:54 | 任务进度轮询完成 
[SYS] 2026/06/27 - 18:50:07 | syncing options from database 
[SYS] 2026/06/27 - 18:50:09 | 任务进度轮询开始 
[SYS] 2026/06/27 - 18:50:09 | 任务进度轮询完成 
[SYS] 2026/06/27 - 18:50:24 | 任务进度轮询开始 
[SYS] 2026/06/27 - 18:50:24 | 任务进度轮询完成 
[SYS] 2026/06/27 - 18:50:39 | 任务进度轮询开始 
[SYS] 2026/06/27 - 18:50:39 | 任务进度轮询完成 
[SYS] 2026/06/27 - 18:50:54 | 任务进度轮询开始 
[SYS] 2026/06/27 - 18:50:54 | 任务进度轮询完成 
[SYS] 2026/06/27 - 18:51:07 | syncing options from database 
[SYS] 2026/06/27 - 18:51:09 | 任务进度轮询开始 
[SYS] 2026/06/27 - 18:51:09 | 任务进度轮询完成 
[SYS] 2026/06/27 - 18:51:24 | 任务进度轮询开始 
[SYS] 2026/06/27 - 18:51:24 | 任务进度轮询完成 
[SYS] 2026/06/27 - 18:51:39 | 任务进度轮询开始 
[SYS] 2026/06/27 - 18:51:39 | 任务进度轮询完成 
[SYS] 2026/06/27 - 18:51:54 | 任务进度轮询开始 
[SYS] 2026/06/27 - 18:51:54 | 任务进度轮询完成 
[SYS] 2026/06/27 - 18:52:07 | 正在更新数据看板数据... 
[SYS] 2026/06/27 - 18:52:07 | 保存数据看板数据成功，共保存0条数据 
[SYS] 2026/06/27 - 18:52:07 | syncing options from database 
[SYS] 2026/06/27 - 18:52:09 | 任务进度轮询开始 
[SYS] 2026/06/27 - 18:52:09 | 任务进度轮询完成 
[SYS] 2026/06/27 - 18:52:24 | 任务进度轮询开始 
[SYS] 2026/06/27 - 18:52:24 | 任务进度轮询完成 
[SYS] 2026/06/27 - 18:52:39 | 任务进度轮询开始 
[SYS] 2026/06/27 - 18:52:39 | 任务进度轮询完成 
[SYS] 2026/06/27 - 18:52:54 | 任务进度轮询开始 
[SYS] 2026/06/27 - 18:52:54 | 任务进度轮询完成 
[SYS] 2026/06/27 - 18:53:07 | syncing options from database 
[SYS] 2026/06/27 - 18:53:09 | 任务进度轮询开始 
[SYS] 2026/06/27 - 18:53:09 | 任务进度轮询完成 
[SYS] 2026/06/27 - 18:53:24 | 任务进度轮询开始 
[SYS] 2026/06/27 - 18:53:24 | 任务进度轮询完成 
[SYS] 2026/06/27 - 18:53:39 | 任务进度轮询开始 
[SYS] 2026/06/27 - 18:53:39 | 任务进度轮询完成 
[SYS] 2026/06/27 - 18:53:54 | 任务进度轮询开始 
[SYS] 2026/06/27 - 18:53:54 | 任务进度轮询完成 
[SYS] 2026/06/27 - 18:54:07 | syncing options from database 
[SYS] 2026/06/27 - 18:54:09 | 任务进度轮询开始 
[SYS] 2026/06/27 - 18:54:09 | 任务进度轮询完成 
[SYS] 2026/06/27 - 18:54:24 | 任务进度轮询开始 
[SYS] 2026/06/27 - 18:54:24 | 任务进度轮询完成 
[SYS] 2026/06/27 - 18:54:39 | 任务进度轮询开始 
[SYS] 2026/06/27 - 18:54:39 | 任务进度轮询完成 
[SYS] 2026/06/27 - 18:54:54 | 任务进度轮询开始 
[SYS] 2026/06/27 - 18:54:54 | 任务进度轮询完成 
[SYS] 2026/06/27 - 18:55:07 | syncing options from database 
[SYS] 2026/06/27 - 18:55:09 | 任务进度轮询开始 
[SYS] 2026/06/27 - 18:55:09 | 任务进度轮询完成 
[SYS] 2026/06/27 - 18:55:24 | 任务进度轮询开始 
[SYS] 2026/06/27 - 18:55:24 | 任务进度轮询完成 
[SYS] 2026/06/27 - 18:55:39 | 任务进度轮询开始 
[SYS] 2026/06/27 - 18:55:39 | 任务进度轮询完成 
[SYS] 2026/06/27 - 18:55:54 | 任务进度轮询开始 
[SYS] 2026/06/27 - 18:55:54 | 任务进度轮询完成 
[SYS] 2026/06/27 - 18:56:07 | syncing options from database 
[SYS] 2026/06/27 - 18:56:09 | 任务进度轮询开始 
[SYS] 2026/06/27 - 18:56:09 | 任务进度轮询完成 
[SYS] 2026/06/27 - 18:56:24 | 任务进度轮询开始 
[SYS] 2026/06/27 - 18:56:24 | 任务进度轮询完成 
[SYS] 2026/06/27 - 18:56:39 | 任务进度轮询开始 
[SYS] 2026/06/27 - 18:56:39 | 任务进度轮询完成 
[SYS] 2026/06/27 - 18:56:54 | 任务进度轮询开始 
[SYS] 2026/06/27 - 18:56:54 | 任务进度轮询完成 
[SYS] 2026/06/27 - 18:57:07 | 正在更新数据看板数据... 
[SYS] 2026/06/27 - 18:57:07 | 保存数据看板数据成功，共保存0条数据 
[SYS] 2026/06/27 - 18:57:07 | syncing options from database 
[SYS] 2026/06/27 - 18:57:09 | 任务进度轮询开始 
[SYS] 2026/06/27 - 18:57:09 | 任务进度轮询完成 
[SYS] 2026/06/27 - 18:57:24 | 任务进度轮询开始 
[SYS] 2026/06/27 - 18:57:24 | 任务进度轮询完成 
[SYS] 2026/06/27 - 18:57:39 | 任务进度轮询开始 
[SYS] 2026/06/27 - 18:57:39 | 任务进度轮询完成 
[SYS] 2026/06/27 - 18:57:54 | 任务进度轮询开始 
[SYS] 2026/06/27 - 18:57:54 | 任务进度轮询完成 
[SYS] 2026/06/27 - 18:58:07 | syncing options from database 
[SYS] 2026/06/27 - 18:58:09 | 任务进度轮询开始 
[SYS] 2026/06/27 - 18:58:09 | 任务进度轮询完成 
[SYS] 2026/06/27 - 18:58:24 | 任务进度轮询开始 
[SYS] 2026/06/27 - 18:58:24 | 任务进度轮询完成 
[SYS] 2026/06/27 - 18:58:39 | 任务进度轮询开始 
[SYS] 2026/06/27 - 18:58:39 | 任务进度轮询完成 
[SYS] 2026/06/27 - 18:58:54 | 任务进度轮询开始 
[SYS] 2026/06/27 - 18:58:54 | 任务进度轮询完成 
[SYS] 2026/06/27 - 18:59:07 | syncing options from database 
[SYS] 2026/06/27 - 18:59:09 | 任务进度轮询开始 
[SYS] 2026/06/27 - 18:59:09 | 任务进度轮询完成 
[SYS] 2026/06/27 - 18:59:24 | 任务进度轮询开始 
[SYS] 2026/06/27 - 18:59:24 | 任务进度轮询完成 
[SYS] 2026/06/27 - 18:59:39 | 任务进度轮询开始 
[SYS] 2026/06/27 - 18:59:39 | 任务进度轮询完成 
[SYS] 2026/06/27 - 18:59:54 | 任务进度轮询开始 
[SYS] 2026/06/27 - 18:59:54 | 任务进度轮询完成 
[SYS] 2026/06/27 - 19:00:07 | syncing options from database 
[SYS] 2026/06/27 - 19:00:09 | 任务进度轮询开始 
[SYS] 2026/06/27 - 19:00:09 | 任务进度轮询完成 
[SYS] 2026/06/27 - 19:00:24 | 任务进度轮询开始 
[SYS] 2026/06/27 - 19:00:24 | 任务进度轮询完成 
[SYS] 2026/06/27 - 19:00:39 | 任务进度轮询开始 
[SYS] 2026/06/27 - 19:00:39 | 任务进度轮询完成 
[SYS] 2026/06/27 - 19:00:54 | 任务进度轮询开始 
[SYS] 2026/06/27 - 19:00:54 | 任务进度轮询完成 
[SYS] 2026/06/27 - 19:01:07 | syncing options from database 
[SYS] 2026/06/27 - 19:01:09 | 任务进度轮询开始 
[SYS] 2026/06/27 - 19:01:09 | 任务进度轮询完成 
[SYS] 2026/06/27 - 19:01:24 | 任务进度轮询开始 
[SYS] 2026/06/27 - 19:01:24 | 任务进度轮询完成 
[SYS] 2026/06/27 - 19:01:39 | 任务进度轮询开始 
[SYS] 2026/06/27 - 19:01:39 | 任务进度轮询完成 
[SYS] 2026/06/27 - 19:01:54 | 任务进度轮询开始 
[SYS] 2026/06/27 - 19:01:54 | 任务进度轮询完成 
[SYS] 2026/06/27 - 19:02:07 | 正在更新数据看板数据... 
[SYS] 2026/06/27 - 19:02:07 | 保存数据看板数据成功，共保存0条数据 
[SYS] 2026/06/27 - 19:02:07 | syncing options from database 
[SYS] 2026/06/27 - 19:02:09 | 任务进度轮询开始 
[SYS] 2026/06/27 - 19:02:09 | 任务进度轮询完成 
[SYS] 2026/06/27 - 19:02:24 | 任务进度轮询开始 
[SYS] 2026/06/27 - 19:02:24 | 任务进度轮询完成 
[SYS] 2026/06/27 - 19:02:39 | 任务进度轮询开始 
[SYS] 2026/06/27 - 19:02:39 | 任务进度轮询完成 
[SYS] 2026/06/27 - 19:02:54 | 任务进度轮询开始 
[SYS] 2026/06/27 - 19:02:54 | 任务进度轮询完成 
[SYS] 2026/06/27 - 19:03:07 | syncing options from database 
[SYS] 2026/06/27 - 19:03:09 | 任务进度轮询开始 
[SYS] 2026/06/27 - 19:03:09 | 任务进度轮询完成 
[SYS] 2026/06/27 - 19:03:24 | 任务进度轮询开始 
[SYS] 2026/06/27 - 19:03:24 | 任务进度轮询完成 
[SYS] 2026/06/27 - 19:03:39 | 任务进度轮询开始 
[SYS] 2026/06/27 - 19:03:39 | 任务进度轮询完成 
[SYS] 2026/06/27 - 19:03:54 | 任务进度轮询开始 
[SYS] 2026/06/27 - 19:03:54 | 任务进度轮询完成 
[SYS] 2026/06/27 - 19:04:07 | syncing options from database 
[SYS] 2026/06/27 - 19:04:09 | 任务进度轮询开始 
[SYS] 2026/06/27 - 19:04:09 | 任务进度轮询完成 
[SYS] 2026/06/27 - 19:04:24 | 任务进度轮询开始 
[SYS] 2026/06/27 - 19:04:24 | 任务进度轮询完成 
[SYS] 2026/06/27 - 19:04:39 | 任务进度轮询开始 
[SYS] 2026/06/27 - 19:04:39 | 任务进度轮询完成 
[SYS] 2026/06/27 - 19:04:54 | 任务进度轮询开始 
[SYS] 2026/06/27 - 19:04:54 | 任务进度轮询完成 
[SYS] 2026/06/27 - 19:05:07 | syncing options from database 
[SYS] 2026/06/27 - 19:05:09 | 任务进度轮询开始 
[SYS] 2026/06/27 - 19:05:09 | 任务进度轮询完成 
[SYS] 2026/06/27 - 19:05:24 | 任务进度轮询开始 
[SYS] 2026/06/27 - 19:05:24 | 任务进度轮询完成 
[SYS] 2026/06/27 - 19:05:39 | 任务进度轮询开始 
[SYS] 2026/06/27 - 19:05:39 | 任务进度轮询完成 
[SYS] 2026/06/27 - 19:05:54 | 任务进度轮询开始 
[SYS] 2026/06/27 - 19:05:54 | 任务进度轮询完成 
[SYS] 2026/06/27 - 19:06:07 | syncing options from database 
[SYS] 2026/06/27 - 19:06:09 | 任务进度轮询开始 
[SYS] 2026/06/27 - 19:06:09 | 任务进度轮询完成 
[SYS] 2026/06/27 - 19:06:24 | 任务进度轮询开始 
[SYS] 2026/06/27 - 19:06:24 | 任务进度轮询完成 
[SYS] 2026/06/27 - 19:06:39 | 任务进度轮询开始 
[SYS] 2026/06/27 - 19:06:39 | 任务进度轮询完成 
[SYS] 2026/06/27 - 19:06:54 | 任务进度轮询开始 
[SYS] 2026/06/27 - 19:06:54 | 任务进度轮询完成 
[SYS] 2026/06/27 - 19:07:07 | 正在更新数据看板数据... 
[SYS] 2026/06/27 - 19:07:07 | 保存数据看板数据成功，共保存0条数据 
[SYS] 2026/06/27 - 19:07:07 | syncing options from database 
[SYS] 2026/06/27 - 19:07:09 | 任务进度轮询开始 
[SYS] 2026/06/27 - 19:07:09 | 任务进度轮询完成 
[SYS] 2026/06/27 - 19:07:24 | 任务进度轮询开始 
[SYS] 2026/06/27 - 19:07:24 | 任务进度轮询完成 
[SYS] 2026/06/27 - 19:07:39 | 任务进度轮询开始 
[SYS] 2026/06/27 - 19:07:39 | 任务进度轮询完成 
[SYS] 2026/06/27 - 19:07:54 | 任务进度轮询开始 
[SYS] 2026/06/27 - 19:07:54 | 任务进度轮询完成 
[SYS] 2026/06/27 - 19:08:07 | syncing options from database 
[SYS] 2026/06/27 - 19:08:09 | 任务进度轮询开始 
[SYS] 2026/06/27 - 19:08:09 | 任务进度轮询完成 
[SYS] 2026/06/27 - 19:08:24 | 任务进度轮询开始 
[SYS] 2026/06/27 - 19:08:24 | 任务进度轮询完成 
[SYS] 2026/06/27 - 19:08:39 | 任务进度轮询开始 
[SYS] 2026/06/27 - 19:08:39 | 任务进度轮询完成 
[SYS] 2026/06/27 - 19:08:54 | 任务进度轮询开始 
[SYS] 2026/06/27 - 19:08:54 | 任务进度轮询完成 
[SYS] 2026/06/27 - 19:09:07 | syncing options from database 
[SYS] 2026/06/27 - 19:09:09 | 任务进度轮询开始 
[SYS] 2026/06/27 - 19:09:09 | 任务进度轮询完成 
[SYS] 2026/06/27 - 19:09:24 | 任务进度轮询开始 
[SYS] 2026/06/27 - 19:09:24 | 任务进度轮询完成 
[SYS] 2026/06/27 - 19:09:39 | 任务进度轮询开始 
[SYS] 2026/06/27 - 19:09:39 | 任务进度轮询完成 
[SYS] 2026/06/27 - 19:09:54 | 任务进度轮询开始 
[SYS] 2026/06/27 - 19:09:54 | 任务进度轮询完成 
[SYS] 2026/06/27 - 19:10:07 | syncing options from database 
[SYS] 2026/06/27 - 19:10:09 | 任务进度轮询开始 
[SYS] 2026/06/27 - 19:10:09 | 任务进度轮询完成 
[SYS] 2026/06/27 - 19:10:24 | 任务进度轮询开始 
[SYS] 2026/06/27 - 19:10:24 | 任务进度轮询完成 
[SYS] 2026/06/27 - 19:10:39 | 任务进度轮询开始 
[SYS] 2026/06/27 - 19:10:39 | 任务进度轮询完成 
[SYS] 2026/06/27 - 19:10:54 | 任务进度轮询开始 
[SYS] 2026/06/27 - 19:10:54 | 任务进度轮询完成 
[SYS] 2026/06/27 - 19:11:07 | syncing options from database 
[SYS] 2026/06/27 - 19:11:09 | 任务进度轮询开始 
[SYS] 2026/06/27 - 19:11:09 | 任务进度轮询完成 
[SYS] 2026/06/27 - 19:11:24 | 任务进度轮询开始 
[SYS] 2026/06/27 - 19:11:24 | 任务进度轮询完成 
[SYS] 2026/06/27 - 19:11:39 | 任务进度轮询开始 
[SYS] 2026/06/27 - 19:11:39 | 任务进度轮询完成 
[SYS] 2026/06/27 - 19:11:54 | 任务进度轮询开始 
[SYS] 2026/06/27 - 19:11:54 | 任务进度轮询完成 
[SYS] 2026/06/27 - 19:12:07 | 正在更新数据看板数据... 
[SYS] 2026/06/27 - 19:12:07 | 保存数据看板数据成功，共保存0条数据 
[SYS] 2026/06/27 - 19:12:07 | syncing options from database 
[SYS] 2026/06/27 - 19:12:09 | 任务进度轮询开始 
[SYS] 2026/06/27 - 19:12:09 | 任务进度轮询完成 
[SYS] 2026/06/27 - 19:12:24 | 任务进度轮询开始 
[SYS] 2026/06/27 - 19:12:24 | 任务进度轮询完成 
[SYS] 2026/06/27 - 19:12:39 | 任务进度轮询开始 
[SYS] 2026/06/27 - 19:12:39 | 任务进度轮询完成 
[SYS] 2026/06/27 - 19:12:54 | 任务进度轮询开始 
[SYS] 2026/06/27 - 19:12:54 | 任务进度轮询完成 
[SYS] 2026/06/27 - 19:13:07 | syncing options from database 
[SYS] 2026/06/27 - 19:13:09 | 任务进度轮询开始 
[SYS] 2026/06/27 - 19:13:09 | 任务进度轮询完成 
[SYS] 2026/06/27 - 19:13:24 | 任务进度轮询开始 
[SYS] 2026/06/27 - 19:13:24 | 任务进度轮询完成 
[SYS] 2026/06/27 - 19:13:39 | 任务进度轮询开始 
[SYS] 2026/06/27 - 19:13:39 | 任务进度轮询完成 
[SYS] 2026/06/27 - 19:13:54 | 任务进度轮询开始 
[SYS] 2026/06/27 - 19:13:54 | 任务进度轮询完成 
[SYS] 2026/06/27 - 19:14:07 | syncing options from database 
[SYS] 2026/06/27 - 19:14:09 | 任务进度轮询开始 
[SYS] 2026/06/27 - 19:14:09 | 任务进度轮询完成 
[SYS] 2026/06/27 - 19:14:24 | 任务进度轮询开始 
[SYS] 2026/06/27 - 19:14:24 | 任务进度轮询完成 
[SYS] 2026/06/27 - 19:14:39 | 任务进度轮询开始 
[SYS] 2026/06/27 - 19:14:39 | 任务进度轮询完成 
[SYS] 2026/06/27 - 19:14:54 | 任务进度轮询开始 
[SYS] 2026/06/27 - 19:14:54 | 任务进度轮询完成 
[SYS] 2026/06/27 - 19:15:07 | syncing options from database 
[SYS] 2026/06/27 - 19:15:09 | 任务进度轮询开始 
[SYS] 2026/06/27 - 19:15:09 | 任务进度轮询完成 
[SYS] 2026/06/27 - 19:15:24 | 任务进度轮询开始 
[SYS] 2026/06/27 - 19:15:24 | 任务进度轮询完成 
[SYS] 2026/06/27 - 19:15:39 | 任务进度轮询开始 
[SYS] 2026/06/27 - 19:15:39 | 任务进度轮询完成 
[SYS] 2026/06/27 - 19:15:54 | 任务进度轮询开始 
[SYS] 2026/06/27 - 19:15:54 | 任务进度轮询完成 
[SYS] 2026/06/27 - 19:16:07 | syncing options from database 
[SYS] 2026/06/27 - 19:16:09 | 任务进度轮询开始 
[SYS] 2026/06/27 - 19:16:09 | 任务进度轮询完成 
[SYS] 2026/06/27 - 19:16:24 | 任务进度轮询开始 
[SYS] 2026/06/27 - 19:16:24 | 任务进度轮询完成 
[SYS] 2026/06/27 - 19:16:39 | 任务进度轮询开始 
[SYS] 2026/06/27 - 19:16:39 | 任务进度轮询完成 
[SYS] 2026/06/27 - 19:16:54 | 任务进度轮询开始 
[SYS] 2026/06/27 - 19:16:54 | 任务进度轮询完成 
[SYS] 2026/06/27 - 19:17:07 | 正在更新数据看板数据... 
[SYS] 2026/06/27 - 19:17:07 | 保存数据看板数据成功，共保存0条数据 
[SYS] 2026/06/27 - 19:17:07 | syncing options from database 
[SYS] 2026/06/27 - 19:17:09 | 任务进度轮询开始 
[SYS] 2026/06/27 - 19:17:09 | 任务进度轮询完成 
[SYS] 2026/06/27 - 19:17:24 | 任务进度轮询开始 
[SYS] 2026/06/27 - 19:17:24 | 任务进度轮询完成 
[SYS] 2026/06/27 - 19:17:39 | 任务进度轮询开始 
[SYS] 2026/06/27 - 19:17:39 | 任务进度轮询完成 
[SYS] 2026/06/27 - 19:17:54 | 任务进度轮询开始 
[SYS] 2026/06/27 - 19:17:54 | 任务进度轮询完成 
[SYS] 2026/06/27 - 19:18:07 | syncing options from database 
[SYS] 2026/06/27 - 19:18:09 | 任务进度轮询开始 
[SYS] 2026/06/27 - 19:18:09 | 任务进度轮询完成 
[SYS] 2026/06/27 - 19:18:24 | 任务进度轮询开始 
[SYS] 2026/06/27 - 19:18:24 | 任务进度轮询完成 
[SYS] 2026/06/27 - 19:18:39 | 任务进度轮询开始 
[SYS] 2026/06/27 - 19:18:39 | 任务进度轮询完成 
[SYS] 2026/06/27 - 19:18:54 | 任务进度轮询开始 
[SYS] 2026/06/27 - 19:18:54 | 任务进度轮询完成 
[SYS] 2026/06/27 - 19:19:07 | syncing options from database 
[SYS] 2026/06/27 - 19:19:09 | 任务进度轮询开始 
[SYS] 2026/06/27 - 19:19:09 | 任务进度轮询完成 
[SYS] 2026/06/27 - 19:19:24 | 任务进度轮询开始 
[SYS] 2026/06/27 - 19:19:24 | 任务进度轮询完成 
[SYS] 2026/06/27 - 19:19:39 | 任务进度轮询开始 
[SYS] 2026/06/27 - 19:19:39 | 任务进度轮询完成 
[SYS] 2026/06/27 - 19:19:54 | 任务进度轮询开始 
[SYS] 2026/06/27 - 19:19:54 | 任务进度轮询完成 
[SYS] 2026/06/27 - 19:20:07 | syncing options from database 
[SYS] 2026/06/27 - 19:20:09 | 任务进度轮询开始 
[SYS] 2026/06/27 - 19:20:09 | 任务进度轮询完成 
[SYS] 2026/06/27 - 19:20:24 | 任务进度轮询开始 
[SYS] 2026/06/27 - 19:20:24 | 任务进度轮询完成 
[SYS] 2026/06/27 - 19:20:39 | 任务进度轮询开始 
[SYS] 2026/06/27 - 19:20:39 | 任务进度轮询完成 
[SYS] 2026/06/27 - 19:20:54 | 任务进度轮询开始 
[SYS] 2026/06/27 - 19:20:54 | 任务进度轮询完成 
[SYS] 2026/06/27 - 19:21:07 | syncing options from database 
[SYS] 2026/06/27 - 19:21:09 | 任务进度轮询开始 
[SYS] 2026/06/27 - 19:21:09 | 任务进度轮询完成 
[SYS] 2026/06/27 - 19:21:24 | 任务进度轮询开始 
[SYS] 2026/06/27 - 19:21:24 | 任务进度轮询完成 
[SYS] 2026/06/27 - 19:21:39 | 任务进度轮询开始 
[SYS] 2026/06/27 - 19:21:39 | 任务进度轮询完成 
[SYS] 2026/06/27 - 19:21:54 | 任务进度轮询开始 
[SYS] 2026/06/27 - 19:21:54 | 任务进度轮询完成 
[SYS] 2026/06/27 - 19:22:07 | 正在更新数据看板数据... 
[SYS] 2026/06/27 - 19:22:07 | 保存数据看板数据成功，共保存0条数据 
[SYS] 2026/06/27 - 19:22:07 | syncing options from database 
[SYS] 2026/06/27 - 19:22:09 | 任务进度轮询开始 
[SYS] 2026/06/27 - 19:22:09 | 任务进度轮询完成 
[SYS] 2026/06/27 - 19:22:24 | 任务进度轮询开始 
[SYS] 2026/06/27 - 19:22:24 | 任务进度轮询完成 
[SYS] 2026/06/27 - 19:22:39 | 任务进度轮询开始 
[SYS] 2026/06/27 - 19:22:39 | 任务进度轮询完成 
[SYS] 2026/06/27 - 19:22:54 | 任务进度轮询开始 
[SYS] 2026/06/27 - 19:22:54 | 任务进度轮询完成 
[SYS] 2026/06/27 - 19:23:07 | syncing options from database 
[SYS] 2026/06/27 - 19:23:09 | 任务进度轮询开始 
[SYS] 2026/06/27 - 19:23:09 | 任务进度轮询完成 
[SYS] 2026/06/27 - 19:23:24 | 任务进度轮询开始 
[SYS] 2026/06/27 - 19:23:24 | 任务进度轮询完成 
[SYS] 2026/06/27 - 19:23:39 | 任务进度轮询开始 
[SYS] 2026/06/27 - 19:23:39 | 任务进度轮询完成 
[SYS] 2026/06/27 - 19:23:54 | 任务进度轮询开始 
[SYS] 2026/06/27 - 19:23:54 | 任务进度轮询完成 
[SYS] 2026/06/27 - 19:24:07 | syncing options from database 
[SYS] 2026/06/27 - 19:24:09 | 任务进度轮询开始 
[SYS] 2026/06/27 - 19:24:09 | 任务进度轮询完成 
[SYS] 2026/06/27 - 19:24:24 | 任务进度轮询开始 
[SYS] 2026/06/27 - 19:24:24 | 任务进度轮询完成 
[SYS] 2026/06/27 - 19:24:39 | 任务进度轮询开始 
[SYS] 2026/06/27 - 19:24:39 | 任务进度轮询完成 
[SYS] 2026/06/27 - 19:24:54 | 任务进度轮询开始 
[SYS] 2026/06/27 - 19:24:54 | 任务进度轮询完成 
[SYS] 2026/06/27 - 19:25:07 | syncing options from database 
[SYS] 2026/06/27 - 19:25:09 | 任务进度轮询开始 
[SYS] 2026/06/27 - 19:25:09 | 任务进度轮询完成 
[SYS] 2026/06/27 - 19:25:24 | 任务进度轮询开始 
[SYS] 2026/06/27 - 19:25:24 | 任务进度轮询完成 
[SYS] 2026/06/27 - 19:25:39 | 任务进度轮询开始 
[SYS] 2026/06/27 - 19:25:39 | 任务进度轮询完成 
[SYS] 2026/06/27 - 19:25:54 | 任务进度轮询开始 
[SYS] 2026/06/27 - 19:25:54 | 任务进度轮询完成 
[SYS] 2026/06/27 - 19:26:07 | syncing options from database 
[SYS] 2026/06/27 - 19:26:09 | 任务进度轮询开始 
[SYS] 2026/06/27 - 19:26:09 | 任务进度轮询完成 
[SYS] 2026/06/27 - 19:26:24 | 任务进度轮询开始 
[SYS] 2026/06/27 - 19:26:24 | 任务进度轮询完成 
[SYS] 2026/06/27 - 19:26:39 | 任务进度轮询开始 
[SYS] 2026/06/27 - 19:26:39 | 任务进度轮询完成 
[SYS] 2026/06/27 - 19:26:54 | 任务进度轮询开始 
[SYS] 2026/06/27 - 19:26:54 | 任务进度轮询完成 
[SYS] 2026/06/27 - 19:27:07 | 正在更新数据看板数据... 
[SYS] 2026/06/27 - 19:27:07 | 保存数据看板数据成功，共保存0条数据 
[SYS] 2026/06/27 - 19:27:07 | syncing options from database 
[SYS] 2026/06/27 - 19:27:09 | 任务进度轮询开始 
[SYS] 2026/06/27 - 19:27:09 | 任务进度轮询完成 
[SYS] 2026/06/27 - 19:27:24 | 任务进度轮询开始 
[SYS] 2026/06/27 - 19:27:24 | 任务进度轮询完成 
[SYS] 2026/06/27 - 19:27:39 | 任务进度轮询开始 
[SYS] 2026/06/27 - 19:27:39 | 任务进度轮询完成 
[SYS] 2026/06/27 - 19:27:54 | 任务进度轮询开始 
[SYS] 2026/06/27 - 19:27:54 | 任务进度轮询完成 
[SYS] 2026/06/27 - 19:28:07 | syncing options from database 
[SYS] 2026/06/27 - 19:28:09 | 任务进度轮询开始 
[SYS] 2026/06/27 - 19:28:09 | 任务进度轮询完成 
[SYS] 2026/06/27 - 19:28:24 | 任务进度轮询开始 
[SYS] 2026/06/27 - 19:28:24 | 任务进度轮询完成 
[SYS] 2026/06/27 - 19:28:39 | 任务进度轮询开始 
[SYS] 2026/06/27 - 19:28:39 | 任务进度轮询完成 
[SYS] 2026/06/27 - 19:28:54 | 任务进度轮询开始 
[SYS] 2026/06/27 - 19:28:54 | 任务进度轮询完成 
[SYS] 2026/06/27 - 19:29:07 | syncing options from database 
[SYS] 2026/06/27 - 19:29:09 | 任务进度轮询开始 
[SYS] 2026/06/27 - 19:29:09 | 任务进度轮询完成 
[SYS] 2026/06/27 - 19:29:24 | 任务进度轮询开始 
[SYS] 2026/06/27 - 19:29:24 | 任务进度轮询完成 
[SYS] 2026/06/27 - 19:29:39 | 任务进度轮询开始 
[SYS] 2026/06/27 - 19:29:39 | 任务进度轮询完成 
[SYS] 2026/06/27 - 19:29:54 | 任务进度轮询开始 
[SYS] 2026/06/27 - 19:29:54 | 任务进度轮询完成 
[SYS] 2026/06/27 - 19:30:07 | syncing options from database 
[SYS] 2026/06/27 - 19:30:09 | 任务进度轮询开始 
[SYS] 2026/06/27 - 19:30:09 | 任务进度轮询完成 
[SYS] 2026/06/27 - 19:30:24 | 任务进度轮询开始 
[SYS] 2026/06/27 - 19:30:24 | 任务进度轮询完成 
[SYS] 2026/06/27 - 19:30:39 | 任务进度轮询开始 
[SYS] 2026/06/27 - 19:30:39 | 任务进度轮询完成 
[SYS] 2026/06/27 - 19:30:54 | 任务进度轮询开始 
[SYS] 2026/06/27 - 19:30:54 | 任务进度轮询完成 
[SYS] 2026/06/27 - 19:31:07 | syncing options from database 
[SYS] 2026/06/27 - 19:31:09 | 任务进度轮询开始 
[SYS] 2026/06/27 - 19:31:09 | 任务进度轮询完成 
[SYS] 2026/06/27 - 19:31:24 | 任务进度轮询开始 
[SYS] 2026/06/27 - 19:31:24 | 任务进度轮询完成 
[SYS] 2026/06/27 - 19:31:39 | 任务进度轮询开始 
[SYS] 2026/06/27 - 19:31:39 | 任务进度轮询完成 
[SYS] 2026/06/27 - 19:31:54 | 任务进度轮询开始 
[SYS] 2026/06/27 - 19:31:54 | 任务进度轮询完成 
[SYS] 2026/06/27 - 19:32:07 | 正在更新数据看板数据... 
[SYS] 2026/06/27 - 19:32:07 | 保存数据看板数据成功，共保存0条数据 
[SYS] 2026/06/27 - 19:32:07 | syncing options from database 
[SYS] 2026/06/27 - 19:32:09 | 任务进度轮询开始 
[SYS] 2026/06/27 - 19:32:09 | 任务进度轮询完成 
[SYS] 2026/06/27 - 19:32:24 | 任务进度轮询开始 
[SYS] 2026/06/27 - 19:32:24 | 任务进度轮询完成 
[SYS] 2026/06/27 - 19:32:39 | 任务进度轮询开始 
[SYS] 2026/06/27 - 19:32:39 | 任务进度轮询完成 
[SYS] 2026/06/27 - 19:32:54 | 任务进度轮询开始 
[SYS] 2026/06/27 - 19:32:54 | 任务进度轮询完成 
[SYS] 2026/06/27 - 19:33:07 | syncing options from database 
[SYS] 2026/06/27 - 19:33:09 | 任务进度轮询开始 
[SYS] 2026/06/27 - 19:33:09 | 任务进度轮询完成 
[SYS] 2026/06/27 - 19:33:24 | 任务进度轮询开始 
[SYS] 2026/06/27 - 19:33:24 | 任务进度轮询完成 
[SYS] 2026/06/27 - 19:33:39 | 任务进度轮询开始 
[SYS] 2026/06/27 - 19:33:39 | 任务进度轮询完成 
[SYS] 2026/06/27 - 19:33:54 | 任务进度轮询开始 
[SYS] 2026/06/27 - 19:33:54 | 任务进度轮询完成 
[SYS] 2026/06/27 - 19:34:07 | syncing options from database 
[SYS] 2026/06/27 - 19:34:09 | 任务进度轮询开始 
[SYS] 2026/06/27 - 19:34:09 | 任务进度轮询完成 
[SYS] 2026/06/27 - 19:34:24 | 任务进度轮询开始 
[SYS] 2026/06/27 - 19:34:24 | 任务进度轮询完成 
[SYS] 2026/06/27 - 19:34:39 | 任务进度轮询开始 
[SYS] 2026/06/27 - 19:34:39 | 任务进度轮询完成 
[SYS] 2026/06/27 - 19:34:54 | 任务进度轮询开始 
[SYS] 2026/06/27 - 19:34:54 | 任务进度轮询完成 
[SYS] 2026/06/27 - 19:35:07 | syncing options from database 
[SYS] 2026/06/27 - 19:35:09 | 任务进度轮询开始 
[SYS] 2026/06/27 - 19:35:09 | 任务进度轮询完成 
[SYS] 2026/06/27 - 19:35:24 | 任务进度轮询开始 
[SYS] 2026/06/27 - 19:35:24 | 任务进度轮询完成 
[SYS] 2026/06/27 - 19:35:39 | 任务进度轮询开始 
[SYS] 2026/06/27 - 19:35:39 | 任务进度轮询完成 
[SYS] 2026/06/27 - 19:35:54 | 任务进度轮询开始 
[SYS] 2026/06/27 - 19:35:54 | 任务进度轮询完成 
[SYS] 2026/06/27 - 19:36:07 | syncing options from database 
[SYS] 2026/06/27 - 19:36:09 | 任务进度轮询开始 
[SYS] 2026/06/27 - 19:36:09 | 任务进度轮询完成 
[SYS] 2026/06/27 - 19:36:24 | 任务进度轮询开始 
[SYS] 2026/06/27 - 19:36:24 | 任务进度轮询完成 
[SYS] 2026/06/27 - 19:36:39 | 任务进度轮询开始 
[SYS] 2026/06/27 - 19:36:39 | 任务进度轮询完成 
[SYS] 2026/06/27 - 19:36:54 | 任务进度轮询开始 
[SYS] 2026/06/27 - 19:36:54 | 任务进度轮询完成 
[SYS] 2026/06/27 - 19:37:07 | 正在更新数据看板数据... 
[SYS] 2026/06/27 - 19:37:07 | 保存数据看板数据成功，共保存0条数据 
[SYS] 2026/06/27 - 19:37:07 | syncing options from database 
[SYS] 2026/06/27 - 19:37:09 | 任务进度轮询开始 
[SYS] 2026/06/27 - 19:37:09 | 任务进度轮询完成 
[SYS] 2026/06/27 - 19:37:24 | 任务进度轮询开始 
[SYS] 2026/06/27 - 19:37:24 | 任务进度轮询完成 
[SYS] 2026/06/27 - 19:37:39 | 任务进度轮询开始 
[SYS] 2026/06/27 - 19:37:39 | 任务进度轮询完成 
[SYS] 2026/06/27 - 19:37:54 | 任务进度轮询开始 
[SYS] 2026/06/27 - 19:37:54 | 任务进度轮询完成 
[SYS] 2026/06/27 - 19:38:07 | syncing options from database 
[SYS] 2026/06/27 - 19:38:09 | 任务进度轮询开始 
[SYS] 2026/06/27 - 19:38:09 | 任务进度轮询完成 
[SYS] 2026/06/27 - 19:38:24 | 任务进度轮询开始 
[SYS] 2026/06/27 - 19:38:24 | 任务进度轮询完成 
[SYS] 2026/06/27 - 19:38:39 | 任务进度轮询开始 
[SYS] 2026/06/27 - 19:38:39 | 任务进度轮询完成 
[SYS] 2026/06/27 - 19:38:54 | 任务进度轮询开始 
[SYS] 2026/06/27 - 19:38:54 | 任务进度轮询完成 
[SYS] 2026/06/27 - 19:39:07 | syncing options from database 
[SYS] 2026/06/27 - 19:39:09 | 任务进度轮询开始 
[SYS] 2026/06/27 - 19:39:09 | 任务进度轮询完成 
[SYS] 2026/06/27 - 19:39:24 | 任务进度轮询开始 
[SYS] 2026/06/27 - 19:39:24 | 任务进度轮询完成 
[SYS] 2026/06/27 - 19:39:39 | 任务进度轮询开始 
[SYS] 2026/06/27 - 19:39:39 | 任务进度轮询完成 
[SYS] 2026/06/27 - 19:39:54 | 任务进度轮询开始 
[SYS] 2026/06/27 - 19:39:54 | 任务进度轮询完成 
[SYS] 2026/06/27 - 19:40:07 | syncing options from database 
[SYS] 2026/06/27 - 19:40:09 | 任务进度轮询开始 
[SYS] 2026/06/27 - 19:40:09 | 任务进度轮询完成 
[SYS] 2026/06/27 - 19:40:24 | 任务进度轮询开始 
[SYS] 2026/06/27 - 19:40:24 | 任务进度轮询完成 
[SYS] 2026/06/27 - 19:40:39 | 任务进度轮询开始 
[SYS] 2026/06/27 - 19:40:39 | 任务进度轮询完成 
[SYS] 2026/06/27 - 19:40:54 | 任务进度轮询开始 
[SYS] 2026/06/27 - 19:40:54 | 任务进度轮询完成 
[SYS] 2026/06/27 - 19:41:07 | syncing options from database 
[SYS] 2026/06/27 - 19:41:09 | 任务进度轮询开始 
[SYS] 2026/06/27 - 19:41:09 | 任务进度轮询完成 
[SYS] 2026/06/27 - 19:41:24 | 任务进度轮询开始 
[SYS] 2026/06/27 - 19:41:24 | 任务进度轮询完成 
[SYS] 2026/06/27 - 19:41:39 | 任务进度轮询开始 
[SYS] 2026/06/27 - 19:41:39 | 任务进度轮询完成 
[SYS] 2026/06/27 - 19:41:54 | 任务进度轮询开始 
[SYS] 2026/06/27 - 19:41:54 | 任务进度轮询完成 
[SYS] 2026/06/27 - 19:42:07 | 正在更新数据看板数据... 
[SYS] 2026/06/27 - 19:42:07 | 保存数据看板数据成功，共保存0条数据 
[SYS] 2026/06/27 - 19:42:07 | syncing options from database 
[SYS] 2026/06/27 - 19:42:09 | 任务进度轮询开始 
[SYS] 2026/06/27 - 19:42:09 | 任务进度轮询完成 
[SYS] 2026/06/27 - 19:42:24 | 任务进度轮询开始 
[SYS] 2026/06/27 - 19:42:24 | 任务进度轮询完成 
[SYS] 2026/06/27 - 19:42:39 | 任务进度轮询开始 
[SYS] 2026/06/27 - 19:42:39 | 任务进度轮询完成 
[SYS] 2026/06/27 - 19:42:54 | 任务进度轮询开始 
[SYS] 2026/06/27 - 19:42:54 | 任务进度轮询完成 
[SYS] 2026/06/27 - 19:43:07 | syncing options from database 
[SYS] 2026/06/27 - 19:43:09 | 任务进度轮询开始 
[SYS] 2026/06/27 - 19:43:09 | 任务进度轮询完成 
[SYS] 2026/06/27 - 19:43:24 | 任务进度轮询开始 
[SYS] 2026/06/27 - 19:43:24 | 任务进度轮询完成 
[SYS] 2026/06/27 - 19:43:39 | 任务进度轮询开始 
[SYS] 2026/06/27 - 19:43:39 | 任务进度轮询完成 
[SYS] 2026/06/27 - 19:43:54 | 任务进度轮询开始 
[SYS] 2026/06/27 - 19:43:54 | 任务进度轮询完成 
[SYS] 2026/06/27 - 19:44:07 | syncing options from database 
[SYS] 2026/06/27 - 19:44:09 | 任务进度轮询开始 
[SYS] 2026/06/27 - 19:44:09 | 任务进度轮询完成 
[SYS] 2026/06/27 - 19:44:24 | 任务进度轮询开始 
[SYS] 2026/06/27 - 19:44:24 | 任务进度轮询完成 
[SYS] 2026/06/27 - 19:44:39 | 任务进度轮询开始 
[SYS] 2026/06/27 - 19:44:39 | 任务进度轮询完成 
[SYS] 2026/06/27 - 19:44:54 | 任务进度轮询开始 
[SYS] 2026/06/27 - 19:44:54 | 任务进度轮询完成 
[SYS] 2026/06/27 - 19:45:07 | syncing options from database 
[SYS] 2026/06/27 - 19:45:09 | 任务进度轮询开始 
[SYS] 2026/06/27 - 19:45:09 | 任务进度轮询完成 
[SYS] 2026/06/27 - 19:45:24 | 任务进度轮询开始 
[SYS] 2026/06/27 - 19:45:24 | 任务进度轮询完成 
[SYS] 2026/06/27 - 19:45:39 | 任务进度轮询开始 
[SYS] 2026/06/27 - 19:45:39 | 任务进度轮询完成 
[SYS] 2026/06/27 - 19:45:54 | 任务进度轮询开始 
[SYS] 2026/06/27 - 19:45:54 | 任务进度轮询完成 
[SYS] 2026/06/27 - 19:46:07 | syncing options from database 
[SYS] 2026/06/27 - 19:46:09 | 任务进度轮询开始 
[SYS] 2026/06/27 - 19:46:09 | 任务进度轮询完成 
[SYS] 2026/06/27 - 19:46:24 | 任务进度轮询开始 
[SYS] 2026/06/27 - 19:46:24 | 任务进度轮询完成 
[SYS] 2026/06/27 - 19:46:39 | 任务进度轮询开始 
[SYS] 2026/06/27 - 19:46:39 | 任务进度轮询完成 
[SYS] 2026/06/27 - 19:46:54 | 任务进度轮询开始 
[SYS] 2026/06/27 - 19:46:54 | 任务进度轮询完成 
[SYS] 2026/06/27 - 19:47:07 | 正在更新数据看板数据... 
[SYS] 2026/06/27 - 19:47:07 | 保存数据看板数据成功，共保存0条数据 
[SYS] 2026/06/27 - 19:47:07 | syncing options from database 
[SYS] 2026/06/27 - 19:47:09 | 任务进度轮询开始 
[SYS] 2026/06/27 - 19:47:09 | 任务进度轮询完成 
[SYS] 2026/06/27 - 19:47:24 | 任务进度轮询开始 
[SYS] 2026/06/27 - 19:47:24 | 任务进度轮询完成 
[SYS] 2026/06/27 - 19:47:39 | 任务进度轮询开始 
[SYS] 2026/06/27 - 19:47:39 | 任务进度轮询完成 
[SYS] 2026/06/27 - 19:47:54 | 任务进度轮询开始 
[SYS] 2026/06/27 - 19:47:54 | 任务进度轮询完成 
[SYS] 2026/06/27 - 19:48:07 | syncing options from database 
[SYS] 2026/06/27 - 19:48:09 | 任务进度轮询开始 
[SYS] 2026/06/27 - 19:48:09 | 任务进度轮询完成 
[SYS] 2026/06/27 - 19:48:24 | 任务进度轮询开始 
[SYS] 2026/06/27 - 19:48:24 | 任务进度轮询完成 
[SYS] 2026/06/27 - 19:48:39 | 任务进度轮询开始 
[SYS] 2026/06/27 - 19:48:39 | 任务进度轮询完成 
[SYS] 2026/06/27 - 19:48:54 | 任务进度轮询开始 
[SYS] 2026/06/27 - 19:48:54 | 任务进度轮询完成 
[SYS] 2026/06/27 - 19:49:07 | syncing options from database 
[SYS] 2026/06/27 - 19:49:09 | 任务进度轮询开始 
[SYS] 2026/06/27 - 19:49:09 | 任务进度轮询完成 
[SYS] 2026/06/27 - 19:49:24 | 任务进度轮询开始 
[SYS] 2026/06/27 - 19:49:24 | 任务进度轮询完成 
[SYS] 2026/06/27 - 19:49:39 | 任务进度轮询开始 
[SYS] 2026/06/27 - 19:49:39 | 任务进度轮询完成 
[SYS] 2026/06/27 - 19:49:54 | 任务进度轮询开始 
[SYS] 2026/06/27 - 19:49:54 | 任务进度轮询完成 
[SYS] 2026/06/27 - 19:50:07 | syncing options from database 
[SYS] 2026/06/27 - 19:50:09 | 任务进度轮询开始 
[SYS] 2026/06/27 - 19:50:09 | 任务进度轮询完成 
[SYS] 2026/06/27 - 19:50:24 | 任务进度轮询开始 
[SYS] 2026/06/27 - 19:50:24 | 任务进度轮询完成 
[SYS] 2026/06/27 - 19:50:39 | 任务进度轮询开始 
[SYS] 2026/06/27 - 19:50:39 | 任务进度轮询完成 
[SYS] 2026/06/27 - 19:50:54 | 任务进度轮询开始 
[SYS] 2026/06/27 - 19:50:54 | 任务进度轮询完成 
[SYS] 2026/06/27 - 19:51:07 | syncing options from database 
[SYS] 2026/06/27 - 19:51:09 | 任务进度轮询开始 
[SYS] 2026/06/27 - 19:51:09 | 任务进度轮询完成 
[SYS] 2026/06/27 - 19:51:24 | 任务进度轮询开始 
[SYS] 2026/06/27 - 19:51:24 | 任务进度轮询完成 
[SYS] 2026/06/27 - 19:51:39 | 任务进度轮询开始 
[SYS] 2026/06/27 - 19:51:39 | 任务进度轮询完成 
[SYS] 2026/06/27 - 19:51:54 | 任务进度轮询开始 
[SYS] 2026/06/27 - 19:51:54 | 任务进度轮询完成 
[SYS] 2026/06/27 - 19:52:07 | 正在更新数据看板数据... 
[SYS] 2026/06/27 - 19:52:07 | 保存数据看板数据成功，共保存0条数据 
[SYS] 2026/06/27 - 19:52:07 | syncing options from database 
[SYS] 2026/06/27 - 19:52:09 | 任务进度轮询开始 
[SYS] 2026/06/27 - 19:52:09 | 任务进度轮询完成 
[GIN] 2026/06/27 - 19:52:20 | api | 202606271152202206248008268d9d6L1OvNgx5 | 200 |   10.447507ms |  112.116.89.159 |    POST /api/user/login
[GIN] 2026/06/27 - 19:52:20 | api | 202606271152202811594018268d9d6MYw8MBTa | 200 |    8.009224ms |  112.116.89.159 |    POST /api/user/login
[SYS] 2026/06/27 - 19:52:24 | 任务进度轮询开始 
[SYS] 2026/06/27 - 19:52:24 | 任务进度轮询完成 
[SYS] 2026/06/27 - 19:52:39 | 任务进度轮询开始 
[SYS] 2026/06/27 - 19:52:39 | 任务进度轮询完成 
[SYS] 2026/06/27 - 19:52:54 | 任务进度轮询开始 
[SYS] 2026/06/27 - 19:52:54 | 任务进度轮询完成 
[SYS] 2026/06/27 - 19:53:07 | syncing options from database 
[SYS] 2026/06/27 - 19:53:09 | 任务进度轮询开始 
[SYS] 2026/06/27 - 19:53:09 | 任务进度轮询完成 
[SYS] 2026/06/27 - 19:53:24 | 任务进度轮询开始 
[SYS] 2026/06/27 - 19:53:24 | 任务进度轮询完成 
[SYS] 2026/06/27 - 19:53:39 | 任务进度轮询开始 
[SYS] 2026/06/27 - 19:53:39 | 任务进度轮询完成 
[SYS] 2026/06/27 - 19:53:54 | 任务进度轮询开始 
[SYS] 2026/06/27 - 19:53:54 | 任务进度轮询完成 
[SYS] 2026/06/27 - 19:54:07 | syncing options from database 
[SYS] 2026/06/27 - 19:54:09 | 任务进度轮询开始 
[SYS] 2026/06/27 - 19:54:09 | 任务进度轮询完成 
[SYS] 2026/06/27 - 19:54:24 | 任务进度轮询开始 
[SYS] 2026/06/27 - 19:54:24 | 任务进度轮询完成 
[SYS] 2026/06/27 - 19:54:39 | 任务进度轮询开始 
[SYS] 2026/06/27 - 19:54:39 | 任务进度轮询完成 
[SYS] 2026/06/27 - 19:54:54 | 任务进度轮询开始 
[SYS] 2026/06/27 - 19:54:54 | 任务进度轮询完成 
[SYS] 2026/06/27 - 19:55:07 | syncing options from database 
[SYS] 2026/06/27 - 19:55:09 | 任务进度轮询开始 
[SYS] 2026/06/27 - 19:55:09 | 任务进度轮询完成 
[SYS] 2026/06/27 - 19:55:24 | 任务进度轮询开始 
[SYS] 2026/06/27 - 19:55:24 | 任务进度轮询完成 
[SYS] 2026/06/27 - 19:55:39 | 任务进度轮询开始 
[SYS] 2026/06/27 - 19:55:39 | 任务进度轮询完成 
[SYS] 2026/06/27 - 19:55:54 | 任务进度轮询开始 
[SYS] 2026/06/27 - 19:55:54 | 任务进度轮询完成 
[SYS] 2026/06/27 - 19:56:07 | syncing options from database 
[SYS] 2026/06/27 - 19:56:09 | 任务进度轮询开始 
[SYS] 2026/06/27 - 19:56:09 | 任务进度轮询完成 
[SYS] 2026/06/27 - 19:56:24 | 任务进度轮询开始 
[SYS] 2026/06/27 - 19:56:24 | 任务进度轮询完成 
[SYS] 2026/06/27 - 19:56:39 | 任务进度轮询开始 
[SYS] 2026/06/27 - 19:56:39 | 任务进度轮询完成 
[SYS] 2026/06/27 - 19:56:54 | 任务进度轮询开始 
[SYS] 2026/06/27 - 19:56:54 | 任务进度轮询完成 
[SYS] 2026/06/27 - 19:57:07 | 正在更新数据看板数据... 
[SYS] 2026/06/27 - 19:57:07 | 保存数据看板数据成功，共保存0条数据 
[SYS] 2026/06/27 - 19:57:07 | syncing options from database 
[SYS] 2026/06/27 - 19:57:09 | 任务进度轮询开始 
[SYS] 2026/06/27 - 19:57:09 | 任务进度轮询完成 
[SYS] 2026/06/27 - 19:57:24 | 任务进度轮询开始 
[SYS] 2026/06/27 - 19:57:24 | 任务进度轮询完成 
[SYS] 2026/06/27 - 19:57:39 | 任务进度轮询开始 
[SYS] 2026/06/27 - 19:57:39 | 任务进度轮询完成 
[SYS] 2026/06/27 - 19:57:54 | 任务进度轮询开始 
[SYS] 2026/06/27 - 19:57:54 | 任务进度轮询完成 
[SYS] 2026/06/27 - 19:58:07 | syncing options from database 
[SYS] 2026/06/27 - 19:58:09 | 任务进度轮询开始 
[SYS] 2026/06/27 - 19:58:09 | 任务进度轮询完成 
[SYS] 2026/06/27 - 19:58:24 | 任务进度轮询开始 
[SYS] 2026/06/27 - 19:58:24 | 任务进度轮询完成 
[SYS] 2026/06/27 - 19:58:39 | 任务进度轮询开始 
[SYS] 2026/06/27 - 19:58:39 | 任务进度轮询完成 
[SYS] 2026/06/27 - 19:58:54 | 任务进度轮询开始 
[SYS] 2026/06/27 - 19:58:54 | 任务进度轮询完成 
[SYS] 2026/06/27 - 19:59:07 | syncing options from database 
[SYS] 2026/06/27 - 19:59:09 | 任务进度轮询开始 
[SYS] 2026/06/27 - 19:59:09 | 任务进度轮询完成 
[SYS] 2026/06/27 - 19:59:24 | 任务进度轮询开始 
[SYS] 2026/06/27 - 19:59:24 | 任务进度轮询完成 
[SYS] 2026/06/27 - 19:59:39 | 任务进度轮询开始 
[SYS] 2026/06/27 - 19:59:39 | 任务进度轮询完成 
[SYS] 2026/06/27 - 19:59:54 | 任务进度轮询开始 
[SYS] 2026/06/27 - 19:59:54 | 任务进度轮询完成 
[SYS] 2026/06/27 - 20:00:07 | syncing options from database 
[SYS] 2026/06/27 - 20:00:09 | 任务进度轮询开始 
[SYS] 2026/06/27 - 20:00:09 | 任务进度轮询完成 
[SYS] 2026/06/27 - 20:00:24 | 任务进度轮询开始 
[SYS] 2026/06/27 - 20:00:24 | 任务进度轮询完成 
[SYS] 2026/06/27 - 20:00:39 | 任务进度轮询开始 
[SYS] 2026/06/27 - 20:00:39 | 任务进度轮询完成 
[SYS] 2026/06/27 - 20:00:54 | 任务进度轮询开始 
[SYS] 2026/06/27 - 20:00:54 | 任务进度轮询完成 
[SYS] 2026/06/27 - 20:01:07 | syncing options from database 
[SYS] 2026/06/27 - 20:01:09 | 任务进度轮询开始 
[SYS] 2026/06/27 - 20:01:09 | 任务进度轮询完成 
[SYS] 2026/06/27 - 20:01:24 | 任务进度轮询开始 
[SYS] 2026/06/27 - 20:01:24 | 任务进度轮询完成 
[SYS] 2026/06/27 - 20:01:39 | 任务进度轮询开始 
[SYS] 2026/06/27 - 20:01:39 | 任务进度轮询完成 
[SYS] 2026/06/27 - 20:01:54 | 任务进度轮询开始 
[SYS] 2026/06/27 - 20:01:54 | 任务进度轮询完成 
[SYS] 2026/06/27 - 20:02:07 | 正在更新数据看板数据... 
[SYS] 2026/06/27 - 20:02:07 | 保存数据看板数据成功，共保存0条数据 
[SYS] 2026/06/27 - 20:02:07 | syncing options from database 
[SYS] 2026/06/27 - 20:02:09 | 任务进度轮询开始 
[SYS] 2026/06/27 - 20:02:09 | 任务进度轮询完成 
[SYS] 2026/06/27 - 20:02:24 | 任务进度轮询开始 
[SYS] 2026/06/27 - 20:02:24 | 任务进度轮询完成 
[SYS] 2026/06/27 - 20:02:39 | 任务进度轮询开始 
[SYS] 2026/06/27 - 20:02:39 | 任务进度轮询完成 
[SYS] 2026/06/27 - 20:02:54 | 任务进度轮询开始 
[SYS] 2026/06/27 - 20:02:54 | 任务进度轮询完成 
[SYS] 2026/06/27 - 20:03:07 | syncing options from database 
[SYS] 2026/06/27 - 20:03:09 | 任务进度轮询开始 
[SYS] 2026/06/27 - 20:03:09 | 任务进度轮询完成 
[SYS] 2026/06/27 - 20:03:24 | 任务进度轮询开始 
[SYS] 2026/06/27 - 20:03:24 | 任务进度轮询完成 
[SYS] 2026/06/27 - 20:03:39 | 任务进度轮询开始 
[SYS] 2026/06/27 - 20:03:39 | 任务进度轮询完成 
[SYS] 2026/06/27 - 20:03:54 | 任务进度轮询开始 
[SYS] 2026/06/27 - 20:03:54 | 任务进度轮询完成 
[SYS] 2026/06/27 - 20:04:07 | syncing options from database 
[SYS] 2026/06/27 - 20:04:09 | 任务进度轮询开始 
[SYS] 2026/06/27 - 20:04:09 | 任务进度轮询完成 
[SYS] 2026/06/27 - 20:04:24 | 任务进度轮询开始 
[SYS] 2026/06/27 - 20:04:24 | 任务进度轮询完成 
[SYS] 2026/06/27 - 20:04:39 | 任务进度轮询开始 
[SYS] 2026/06/27 - 20:04:39 | 任务进度轮询完成 
[SYS] 2026/06/27 - 20:04:54 | 任务进度轮询开始 
[SYS] 2026/06/27 - 20:04:54 | 任务进度轮询完成 
[SYS] 2026/06/27 - 20:05:07 | syncing options from database 
[SYS] 2026/06/27 - 20:05:09 | 任务进度轮询开始 
[SYS] 2026/06/27 - 20:05:09 | 任务进度轮询完成 
[SYS] 2026/06/27 - 20:05:24 | 任务进度轮询开始 
[SYS] 2026/06/27 - 20:05:24 | 任务进度轮询完成 
[SYS] 2026/06/27 - 20:05:39 | 任务进度轮询开始 
[SYS] 2026/06/27 - 20:05:39 | 任务进度轮询完成 
[SYS] 2026/06/27 - 20:05:54 | 任务进度轮询开始 
[SYS] 2026/06/27 - 20:05:54 | 任务进度轮询完成 
[SYS] 2026/06/27 - 20:06:07 | syncing options from database 
[SYS] 2026/06/27 - 20:06:09 | 任务进度轮询开始 
[SYS] 2026/06/27 - 20:06:09 | 任务进度轮询完成 
[SYS] 2026/06/27 - 20:06:24 | 任务进度轮询开始 
[SYS] 2026/06/27 - 20:06:24 | 任务进度轮询完成 
[SYS] 2026/06/27 - 20:06:39 | 任务进度轮询开始 
[SYS] 2026/06/27 - 20:06:39 | 任务进度轮询完成 
[SYS] 2026/06/27 - 20:06:54 | 任务进度轮询开始 
[SYS] 2026/06/27 - 20:06:54 | 任务进度轮询完成 
[SYS] 2026/06/27 - 20:07:07 | 正在更新数据看板数据... 
[SYS] 2026/06/27 - 20:07:07 | 保存数据看板数据成功，共保存0条数据 
[SYS] 2026/06/27 - 20:07:07 | syncing options from database 
[SYS] 2026/06/27 - 20:07:09 | 任务进度轮询开始 
[SYS] 2026/06/27 - 20:07:09 | 任务进度轮询完成 
[SYS] 2026/06/27 - 20:07:24 | 任务进度轮询开始 
[SYS] 2026/06/27 - 20:07:24 | 任务进度轮询完成 
[SYS] 2026/06/27 - 20:07:39 | 任务进度轮询开始 
[SYS] 2026/06/27 - 20:07:39 | 任务进度轮询完成 
[SYS] 2026/06/27 - 20:07:54 | 任务进度轮询开始 
[SYS] 2026/06/27 - 20:07:54 | 任务进度轮询完成 
[SYS] 2026/06/27 - 20:08:07 | syncing options from database 
[SYS] 2026/06/27 - 20:08:09 | 任务进度轮询开始 
[SYS] 2026/06/27 - 20:08:09 | 任务进度轮询完成 
[SYS] 2026/06/27 - 20:08:24 | 任务进度轮询开始 
[SYS] 2026/06/27 - 20:08:24 | 任务进度轮询完成 
[SYS] 2026/06/27 - 20:08:39 | 任务进度轮询开始 
[SYS] 2026/06/27 - 20:08:39 | 任务进度轮询完成 
[SYS] 2026/06/27 - 20:08:54 | 任务进度轮询开始 
[SYS] 2026/06/27 - 20:08:54 | 任务进度轮询完成 
[SYS] 2026/06/27 - 20:09:07 | syncing options from database 
[SYS] 2026/06/27 - 20:09:09 | 任务进度轮询开始 
[SYS] 2026/06/27 - 20:09:09 | 任务进度轮询完成 
[SYS] 2026/06/27 - 20:09:24 | 任务进度轮询开始 
[SYS] 2026/06/27 - 20:09:24 | 任务进度轮询完成 
[SYS] 2026/06/27 - 20:09:39 | 任务进度轮询开始 
[SYS] 2026/06/27 - 20:09:39 | 任务进度轮询完成 
[SYS] 2026/06/27 - 20:09:54 | 任务进度轮询开始 
[SYS] 2026/06/27 - 20:09:54 | 任务进度轮询完成 
[SYS] 2026/06/27 - 20:10:07 | syncing options from database 
[SYS] 2026/06/27 - 20:10:09 | 任务进度轮询开始 
[SYS] 2026/06/27 - 20:10:09 | 任务进度轮询完成 
[SYS] 2026/06/27 - 20:10:24 | 任务进度轮询开始 
[SYS] 2026/06/27 - 20:10:24 | 任务进度轮询完成 
[SYS] 2026/06/27 - 20:10:39 | 任务进度轮询开始 
[SYS] 2026/06/27 - 20:10:39 | 任务进度轮询完成 
[SYS] 2026/06/27 - 20:10:54 | 任务进度轮询开始 
[SYS] 2026/06/27 - 20:10:54 | 任务进度轮询完成 
[SYS] 2026/06/27 - 20:11:07 | syncing options from database 
[SYS] 2026/06/27 - 20:11:09 | 任务进度轮询开始 
[SYS] 2026/06/27 - 20:11:09 | 任务进度轮询完成 
[SYS] 2026/06/27 - 20:11:24 | 任务进度轮询开始 
[SYS] 2026/06/27 - 20:11:24 | 任务进度轮询完成 
[SYS] 2026/06/27 - 20:11:39 | 任务进度轮询开始 
[SYS] 2026/06/27 - 20:11:39 | 任务进度轮询完成 
[SYS] 2026/06/27 - 20:11:54 | 任务进度轮询开始 
[SYS] 2026/06/27 - 20:11:54 | 任务进度轮询完成 
[SYS] 2026/06/27 - 20:12:07 | 正在更新数据看板数据... 
[SYS] 2026/06/27 - 20:12:07 | 保存数据看板数据成功，共保存0条数据 
[SYS] 2026/06/27 - 20:12:07 | syncing options from database 
[SYS] 2026/06/27 - 20:12:09 | 任务进度轮询开始 
[SYS] 2026/06/27 - 20:12:09 | 任务进度轮询完成 
[SYS] 2026/06/27 - 20:12:24 | 任务进度轮询开始 
[SYS] 2026/06/27 - 20:12:24 | 任务进度轮询完成 
[SYS] 2026/06/27 - 20:12:39 | 任务进度轮询开始 
[SYS] 2026/06/27 - 20:12:39 | 任务进度轮询完成 
[SYS] 2026/06/27 - 20:12:54 | 任务进度轮询开始 
[SYS] 2026/06/27 - 20:12:54 | 任务进度轮询完成 
[SYS] 2026/06/27 - 20:13:07 | syncing options from database 
[SYS] 2026/06/27 - 20:13:09 | 任务进度轮询开始 
[SYS] 2026/06/27 - 20:13:09 | 任务进度轮询完成 
[SYS] 2026/06/27 - 20:13:24 | 任务进度轮询开始 
[SYS] 2026/06/27 - 20:13:24 | 任务进度轮询完成 
[SYS] 2026/06/27 - 20:13:39 | 任务进度轮询开始 
[SYS] 2026/06/27 - 20:13:39 | 任务进度轮询完成 
[SYS] 2026/06/27 - 20:13:54 | 任务进度轮询开始 
[SYS] 2026/06/27 - 20:13:54 | 任务进度轮询完成 
[SYS] 2026/06/27 - 20:14:07 | syncing options from database 
[SYS] 2026/06/27 - 20:14:09 | 任务进度轮询开始 
[SYS] 2026/06/27 - 20:14:09 | 任务进度轮询完成 
[SYS] 2026/06/27 - 20:14:24 | 任务进度轮询开始 
[SYS] 2026/06/27 - 20:14:24 | 任务进度轮询完成 
[SYS] 2026/06/27 - 20:14:39 | 任务进度轮询开始 
[SYS] 2026/06/27 - 20:14:39 | 任务进度轮询完成 
[SYS] 2026/06/27 - 20:14:54 | 任务进度轮询开始 
[SYS] 2026/06/27 - 20:14:54 | 任务进度轮询完成 
[SYS] 2026/06/27 - 20:15:07 | syncing options from database 
[SYS] 2026/06/27 - 20:15:09 | 任务进度轮询开始 
[SYS] 2026/06/27 - 20:15:09 | 任务进度轮询完成 
[SYS] 2026/06/27 - 20:15:24 | 任务进度轮询开始 
[SYS] 2026/06/27 - 20:15:24 | 任务进度轮询完成 
[SYS] 2026/06/27 - 20:15:39 | 任务进度轮询开始 
[SYS] 2026/06/27 - 20:15:39 | 任务进度轮询完成 
[SYS] 2026/06/27 - 20:15:54 | 任务进度轮询开始 
[SYS] 2026/06/27 - 20:15:54 | 任务进度轮询完成 
[SYS] 2026/06/27 - 20:16:07 | syncing options from database 
[SYS] 2026/06/27 - 20:16:09 | 任务进度轮询开始 
[SYS] 2026/06/27 - 20:16:09 | 任务进度轮询完成 
[SYS] 2026/06/27 - 20:16:24 | 任务进度轮询开始 
[SYS] 2026/06/27 - 20:16:24 | 任务进度轮询完成 
[SYS] 2026/06/27 - 20:16:39 | 任务进度轮询开始 
[SYS] 2026/06/27 - 20:16:39 | 任务进度轮询完成 
[SYS] 2026/06/27 - 20:16:54 | 任务进度轮询开始 
[SYS] 2026/06/27 - 20:16:54 | 任务进度轮询完成 
[SYS] 2026/06/27 - 20:17:07 | 正在更新数据看板数据... 
[SYS] 2026/06/27 - 20:17:07 | 保存数据看板数据成功，共保存0条数据 
[SYS] 2026/06/27 - 20:17:07 | syncing options from database 
[SYS] 2026/06/27 - 20:17:09 | 任务进度轮询开始 
[SYS] 2026/06/27 - 20:17:09 | 任务进度轮询完成 
[SYS] 2026/06/27 - 20:17:24 | 任务进度轮询开始 
[SYS] 2026/06/27 - 20:17:24 | 任务进度轮询完成 
[SYS] 2026/06/27 - 20:17:39 | 任务进度轮询开始 
[SYS] 2026/06/27 - 20:17:39 | 任务进度轮询完成 
[SYS] 2026/06/27 - 20:17:54 | 任务进度轮询开始 
[SYS] 2026/06/27 - 20:17:54 | 任务进度轮询完成 
[SYS] 2026/06/27 - 20:18:07 | syncing options from database 
[SYS] 2026/06/27 - 20:18:09 | 任务进度轮询开始 
[SYS] 2026/06/27 - 20:18:09 | 任务进度轮询完成 
[SYS] 2026/06/27 - 20:18:24 | 任务进度轮询开始 
[SYS] 2026/06/27 - 20:18:24 | 任务进度轮询完成 
[SYS] 2026/06/27 - 20:18:39 | 任务进度轮询开始 
[SYS] 2026/06/27 - 20:18:39 | 任务进度轮询完成 
[SYS] 2026/06/27 - 20:18:54 | 任务进度轮询开始 
[SYS] 2026/06/27 - 20:18:54 | 任务进度轮询完成 
[SYS] 2026/06/27 - 20:19:07 | syncing options from database 
[SYS] 2026/06/27 - 20:19:09 | 任务进度轮询开始 
[SYS] 2026/06/27 - 20:19:09 | 任务进度轮询完成 
[SYS] 2026/06/27 - 20:19:24 | 任务进度轮询开始 
[SYS] 2026/06/27 - 20:19:24 | 任务进度轮询完成 
[SYS] 2026/06/27 - 20:19:39 | 任务进度轮询开始 
[SYS] 2026/06/27 - 20:19:39 | 任务进度轮询完成 
[SYS] 2026/06/27 - 20:19:54 | 任务进度轮询开始 
[SYS] 2026/06/27 - 20:19:54 | 任务进度轮询完成 
[SYS] 2026/06/27 - 20:20:07 | syncing options from database 
[SYS] 2026/06/27 - 20:20:09 | 任务进度轮询开始 
[SYS] 2026/06/27 - 20:20:09 | 任务进度轮询完成 
[SYS] 2026/06/27 - 20:20:24 | 任务进度轮询开始 
[SYS] 2026/06/27 - 20:20:24 | 任务进度轮询完成 
[SYS] 2026/06/27 - 20:20:39 | 任务进度轮询开始 
[SYS] 2026/06/27 - 20:20:39 | 任务进度轮询完成 
[SYS] 2026/06/27 - 20:20:54 | 任务进度轮询开始 
[SYS] 2026/06/27 - 20:20:54 | 任务进度轮询完成 
[SYS] 2026/06/27 - 20:21:07 | syncing options from database 
[SYS] 2026/06/27 - 20:21:09 | 任务进度轮询开始 
[SYS] 2026/06/27 - 20:21:09 | 任务进度轮询完成 
[SYS] 2026/06/27 - 20:21:24 | 任务进度轮询开始 
[SYS] 2026/06/27 - 20:21:24 | 任务进度轮询完成 
[SYS] 2026/06/27 - 20:21:39 | 任务进度轮询开始 
[SYS] 2026/06/27 - 20:21:39 | 任务进度轮询完成 
[SYS] 2026/06/27 - 20:21:54 | 任务进度轮询开始 
[SYS] 2026/06/27 - 20:21:54 | 任务进度轮询完成 
[SYS] 2026/06/27 - 20:22:07 | 正在更新数据看板数据... 
[SYS] 2026/06/27 - 20:22:07 | 保存数据看板数据成功，共保存0条数据 
[SYS] 2026/06/27 - 20:22:07 | syncing options from database 
[SYS] 2026/06/27 - 20:22:09 | 任务进度轮询开始 
[SYS] 2026/06/27 - 20:22:09 | 任务进度轮询完成 
[SYS] 2026/06/27 - 20:22:24 | 任务进度轮询开始 
[SYS] 2026/06/27 - 20:22:24 | 任务进度轮询完成 
[SYS] 2026/06/27 - 20:22:39 | 任务进度轮询开始 
[SYS] 2026/06/27 - 20:22:39 | 任务进度轮询完成 
[SYS] 2026/06/27 - 20:22:54 | 任务进度轮询开始 
[SYS] 2026/06/27 - 20:22:54 | 任务进度轮询完成 
[SYS] 2026/06/27 - 20:23:07 | syncing options from database 
[SYS] 2026/06/27 - 20:23:09 | 任务进度轮询开始 
[SYS] 2026/06/27 - 20:23:09 | 任务进度轮询完成 
[SYS] 2026/06/27 - 20:23:24 | 任务进度轮询开始 
[SYS] 2026/06/27 - 20:23:24 | 任务进度轮询完成 
[SYS] 2026/06/27 - 20:23:39 | 任务进度轮询开始 
[SYS] 2026/06/27 - 20:23:39 | 任务进度轮询完成 
[SYS] 2026/06/27 - 20:23:54 | 任务进度轮询开始 
[SYS] 2026/06/27 - 20:23:54 | 任务进度轮询完成 
[SYS] 2026/06/27 - 20:24:07 | syncing options from database 
[SYS] 2026/06/27 - 20:24:09 | 任务进度轮询开始 
[SYS] 2026/06/27 - 20:24:09 | 任务进度轮询完成 
[SYS] 2026/06/27 - 20:24:24 | 任务进度轮询开始 
[SYS] 2026/06/27 - 20:24:24 | 任务进度轮询完成 
[SYS] 2026/06/27 - 20:24:39 | 任务进度轮询开始 
[SYS] 2026/06/27 - 20:24:39 | 任务进度轮询完成 
[SYS] 2026/06/27 - 20:24:54 | 任务进度轮询开始 
[SYS] 2026/06/27 - 20:24:54 | 任务进度轮询完成 
[SYS] 2026/06/27 - 20:25:07 | syncing options from database 
[SYS] 2026/06/27 - 20:25:09 | 任务进度轮询开始 
[SYS] 2026/06/27 - 20:25:09 | 任务进度轮询完成 
[SYS] 2026/06/27 - 20:25:24 | 任务进度轮询开始 
[SYS] 2026/06/27 - 20:25:24 | 任务进度轮询完成 
[SYS] 2026/06/27 - 20:25:39 | 任务进度轮询开始 
[SYS] 2026/06/27 - 20:25:39 | 任务进度轮询完成 
[SYS] 2026/06/27 - 20:25:54 | 任务进度轮询开始 
[SYS] 2026/06/27 - 20:25:54 | 任务进度轮询完成 
[SYS] 2026/06/27 - 20:26:07 | syncing options from database 
[SYS] 2026/06/27 - 20:26:09 | 任务进度轮询开始 
[SYS] 2026/06/27 - 20:26:09 | 任务进度轮询完成 
[SYS] 2026/06/27 - 20:26:24 | 任务进度轮询开始 
[SYS] 2026/06/27 - 20:26:24 | 任务进度轮询完成 
[SYS] 2026/06/27 - 20:26:39 | 任务进度轮询开始 
[SYS] 2026/06/27 - 20:26:39 | 任务进度轮询完成 
[SYS] 2026/06/27 - 20:26:54 | 任务进度轮询开始 
[SYS] 2026/06/27 - 20:26:54 | 任务进度轮询完成 
[SYS] 2026/06/27 - 20:27:07 | 正在更新数据看板数据... 
[SYS] 2026/06/27 - 20:27:07 | 保存数据看板数据成功，共保存0条数据 
[SYS] 2026/06/27 - 20:27:07 | syncing options from database 
[SYS] 2026/06/27 - 20:27:09 | 任务进度轮询开始 
[SYS] 2026/06/27 - 20:27:09 | 任务进度轮询完成 
[SYS] 2026/06/27 - 20:27:24 | 任务进度轮询开始 
[SYS] 2026/06/27 - 20:27:24 | 任务进度轮询完成 
[SYS] 2026/06/27 - 20:27:39 | 任务进度轮询开始 
[SYS] 2026/06/27 - 20:27:39 | 任务进度轮询完成 
[SYS] 2026/06/27 - 20:27:54 | 任务进度轮询开始 
[SYS] 2026/06/27 - 20:27:54 | 任务进度轮询完成 
[SYS] 2026/06/27 - 20:28:07 | syncing options from database 
[SYS] 2026/06/27 - 20:28:09 | 任务进度轮询开始 
[SYS] 2026/06/27 - 20:28:09 | 任务进度轮询完成 
[SYS] 2026/06/27 - 20:28:24 | 任务进度轮询开始 
[SYS] 2026/06/27 - 20:28:24 | 任务进度轮询完成 
[SYS] 2026/06/27 - 20:28:39 | 任务进度轮询开始 
[SYS] 2026/06/27 - 20:28:39 | 任务进度轮询完成 
[SYS] 2026/06/27 - 20:28:54 | 任务进度轮询开始 
[SYS] 2026/06/27 - 20:28:54 | 任务进度轮询完成 
[SYS] 2026/06/27 - 20:29:07 | syncing options from database 
[SYS] 2026/06/27 - 20:29:09 | 任务进度轮询开始 
[SYS] 2026/06/27 - 20:29:09 | 任务进度轮询完成 
[SYS] 2026/06/27 - 20:29:24 | 任务进度轮询开始 
[SYS] 2026/06/27 - 20:29:24 | 任务进度轮询完成 
[SYS] 2026/06/27 - 20:29:39 | 任务进度轮询开始 
[SYS] 2026/06/27 - 20:29:39 | 任务进度轮询完成 
[SYS] 2026/06/27 - 20:29:54 | 任务进度轮询开始 
[SYS] 2026/06/27 - 20:29:54 | 任务进度轮询完成 
[SYS] 2026/06/27 - 20:30:07 | syncing options from database 
[SYS] 2026/06/27 - 20:30:09 | 任务进度轮询开始 
[SYS] 2026/06/27 - 20:30:09 | 任务进度轮询完成 
[SYS] 2026/06/27 - 20:30:24 | 任务进度轮询开始 
[SYS] 2026/06/27 - 20:30:24 | 任务进度轮询完成 
[SYS] 2026/06/27 - 20:30:39 | 任务进度轮询开始 
[SYS] 2026/06/27 - 20:30:39 | 任务进度轮询完成 
[SYS] 2026/06/27 - 20:30:54 | 任务进度轮询开始 
[SYS] 2026/06/27 - 20:30:54 | 任务进度轮询完成 
[SYS] 2026/06/27 - 20:31:07 | syncing options from database 
[SYS] 2026/06/27 - 20:31:09 | 任务进度轮询开始 
[SYS] 2026/06/27 - 20:31:09 | 任务进度轮询完成 
[SYS] 2026/06/27 - 20:31:24 | 任务进度轮询开始 
[SYS] 2026/06/27 - 20:31:24 | 任务进度轮询完成 
[SYS] 2026/06/27 - 20:31:39 | 任务进度轮询开始 
[SYS] 2026/06/27 - 20:31:39 | 任务进度轮询完成 
[SYS] 2026/06/27 - 20:31:54 | 任务进度轮询开始 
[SYS] 2026/06/27 - 20:31:54 | 任务进度轮询完成 
[SYS] 2026/06/27 - 20:32:07 | 正在更新数据看板数据... 
[SYS] 2026/06/27 - 20:32:07 | 保存数据看板数据成功，共保存0条数据 
[SYS] 2026/06/27 - 20:32:07 | syncing options from database 
[SYS] 2026/06/27 - 20:32:09 | 任务进度轮询开始 
[SYS] 2026/06/27 - 20:32:09 | 任务进度轮询完成 
[SYS] 2026/06/27 - 20:32:24 | 任务进度轮询开始 
[SYS] 2026/06/27 - 20:32:24 | 任务进度轮询完成 
[SYS] 2026/06/27 - 20:32:39 | 任务进度轮询开始 
[SYS] 2026/06/27 - 20:32:39 | 任务进度轮询完成 
[SYS] 2026/06/27 - 20:32:54 | 任务进度轮询开始 
[SYS] 2026/06/27 - 20:32:54 | 任务进度轮询完成 
[SYS] 2026/06/27 - 20:33:07 | syncing options from database 
[SYS] 2026/06/27 - 20:33:09 | 任务进度轮询开始 
[SYS] 2026/06/27 - 20:33:09 | 任务进度轮询完成 
[SYS] 2026/06/27 - 20:33:24 | 任务进度轮询开始 
[SYS] 2026/06/27 - 20:33:24 | 任务进度轮询完成 
[SYS] 2026/06/27 - 20:33:39 | 任务进度轮询开始 
[SYS] 2026/06/27 - 20:33:39 | 任务进度轮询完成 
[SYS] 2026/06/27 - 20:33:54 | 任务进度轮询开始 
[SYS] 2026/06/27 - 20:33:54 | 任务进度轮询完成 
[SYS] 2026/06/27 - 20:34:07 | syncing options from database 
[SYS] 2026/06/27 - 20:34:09 | 任务进度轮询开始 
[SYS] 2026/06/27 - 20:34:09 | 任务进度轮询完成 
[SYS] 2026/06/27 - 20:34:24 | 任务进度轮询开始 
[SYS] 2026/06/27 - 20:34:24 | 任务进度轮询完成 
[SYS] 2026/06/27 - 20:34:39 | 任务进度轮询开始 
[SYS] 2026/06/27 - 20:34:39 | 任务进度轮询完成 
[SYS] 2026/06/27 - 20:34:54 | 任务进度轮询开始 
[SYS] 2026/06/27 - 20:34:54 | 任务进度轮询完成 
[SYS] 2026/06/27 - 20:35:07 | syncing options from database 
[SYS] 2026/06/27 - 20:35:09 | 任务进度轮询开始 
[SYS] 2026/06/27 - 20:35:09 | 任务进度轮询完成 
[SYS] 2026/06/27 - 20:35:24 | 任务进度轮询开始 
[SYS] 2026/06/27 - 20:35:24 | 任务进度轮询完成 
[SYS] 2026/06/27 - 20:35:39 | 任务进度轮询开始 
[SYS] 2026/06/27 - 20:35:39 | 任务进度轮询完成 
[SYS] 2026/06/27 - 20:35:54 | 任务进度轮询开始 
[SYS] 2026/06/27 - 20:35:54 | 任务进度轮询完成 
[SYS] 2026/06/27 - 20:36:07 | syncing options from database 
[SYS] 2026/06/27 - 20:36:09 | 任务进度轮询开始 
[SYS] 2026/06/27 - 20:36:09 | 任务进度轮询完成 
[SYS] 2026/06/27 - 20:36:24 | 任务进度轮询开始 
[SYS] 2026/06/27 - 20:36:24 | 任务进度轮询完成 
[SYS] 2026/06/27 - 20:36:39 | 任务进度轮询开始 
[SYS] 2026/06/27 - 20:36:39 | 任务进度轮询完成 
[SYS] 2026/06/27 - 20:36:54 | 任务进度轮询开始 
[SYS] 2026/06/27 - 20:36:54 | 任务进度轮询完成 
[SYS] 2026/06/27 - 20:37:07 | 正在更新数据看板数据... 
[SYS] 2026/06/27 - 20:37:07 | 保存数据看板数据成功，共保存0条数据 
[SYS] 2026/06/27 - 20:37:07 | syncing options from database 
[SYS] 2026/06/27 - 20:37:09 | 任务进度轮询开始 
[SYS] 2026/06/27 - 20:37:09 | 任务进度轮询完成 
[SYS] 2026/06/27 - 20:37:24 | 任务进度轮询开始 
[SYS] 2026/06/27 - 20:37:24 | 任务进度轮询完成 
[SYS] 2026/06/27 - 20:37:39 | 任务进度轮询开始 
[SYS] 2026/06/27 - 20:37:39 | 任务进度轮询完成 
[SYS] 2026/06/27 - 20:37:54 | 任务进度轮询开始 
[SYS] 2026/06/27 - 20:37:54 | 任务进度轮询完成 
[SYS] 2026/06/27 - 20:38:07 | syncing options from database 
[SYS] 2026/06/27 - 20:38:09 | 任务进度轮询开始 
[SYS] 2026/06/27 - 20:38:09 | 任务进度轮询完成 
[SYS] 2026/06/27 - 20:38:24 | 任务进度轮询开始 
[SYS] 2026/06/27 - 20:38:24 | 任务进度轮询完成 
[SYS] 2026/06/27 - 20:38:39 | 任务进度轮询开始 
[SYS] 2026/06/27 - 20:38:39 | 任务进度轮询完成 
[SYS] 2026/06/27 - 20:38:54 | 任务进度轮询开始 
[SYS] 2026/06/27 - 20:38:54 | 任务进度轮询完成 
[SYS] 2026/06/27 - 20:39:07 | syncing options from database 
[SYS] 2026/06/27 - 20:39:09 | 任务进度轮询开始 
[SYS] 2026/06/27 - 20:39:09 | 任务进度轮询完成 
[SYS] 2026/06/27 - 20:39:24 | 任务进度轮询开始 
[SYS] 2026/06/27 - 20:39:24 | 任务进度轮询完成 
[SYS] 2026/06/27 - 20:39:39 | 任务进度轮询开始 
[SYS] 2026/06/27 - 20:39:39 | 任务进度轮询完成 
[SYS] 2026/06/27 - 20:39:54 | 任务进度轮询开始 
[SYS] 2026/06/27 - 20:39:54 | 任务进度轮询完成 
[SYS] 2026/06/27 - 20:40:07 | syncing options from database 
[SYS] 2026/06/27 - 20:40:09 | 任务进度轮询开始 
[SYS] 2026/06/27 - 20:40:09 | 任务进度轮询完成 
[SYS] 2026/06/27 - 20:40:24 | 任务进度轮询开始 
[SYS] 2026/06/27 - 20:40:24 | 任务进度轮询完成 
[SYS] 2026/06/27 - 20:40:39 | 任务进度轮询开始 
[SYS] 2026/06/27 - 20:40:39 | 任务进度轮询完成 
[SYS] 2026/06/27 - 20:40:54 | 任务进度轮询开始 
[SYS] 2026/06/27 - 20:40:54 | 任务进度轮询完成 
[SYS] 2026/06/27 - 20:41:07 | syncing options from database 
[SYS] 2026/06/27 - 20:41:09 | 任务进度轮询开始 
[SYS] 2026/06/27 - 20:41:09 | 任务进度轮询完成 
[SYS] 2026/06/27 - 20:41:24 | 任务进度轮询开始 
[SYS] 2026/06/27 - 20:41:24 | 任务进度轮询完成 
[SYS] 2026/06/27 - 20:41:39 | 任务进度轮询开始 
[SYS] 2026/06/27 - 20:41:39 | 任务进度轮询完成 
[SYS] 2026/06/27 - 20:41:54 | 任务进度轮询开始 
[SYS] 2026/06/27 - 20:41:54 | 任务进度轮询完成 
[SYS] 2026/06/27 - 20:42:07 | 正在更新数据看板数据... 
[SYS] 2026/06/27 - 20:42:07 | 保存数据看板数据成功，共保存0条数据 
[SYS] 2026/06/27 - 20:42:07 | syncing options from database 
[SYS] 2026/06/27 - 20:42:09 | 任务进度轮询开始 
[SYS] 2026/06/27 - 20:42:09 | 任务进度轮询完成 
[SYS] 2026/06/27 - 20:42:24 | 任务进度轮询开始 
[SYS] 2026/06/27 - 20:42:24 | 任务进度轮询完成 
[SYS] 2026/06/27 - 20:42:39 | 任务进度轮询开始 
[SYS] 2026/06/27 - 20:42:39 | 任务进度轮询完成 
[SYS] 2026/06/27 - 20:42:54 | 任务进度轮询开始 
[SYS] 2026/06/27 - 20:42:54 | 任务进度轮询完成 
[SYS] 2026/06/27 - 20:43:07 | syncing options from database 
[SYS] 2026/06/27 - 20:43:09 | 任务进度轮询开始 
[SYS] 2026/06/27 - 20:43:09 | 任务进度轮询完成 
[SYS] 2026/06/27 - 20:43:24 | 任务进度轮询开始 
[SYS] 2026/06/27 - 20:43:24 | 任务进度轮询完成 
[SYS] 2026/06/27 - 20:43:39 | 任务进度轮询开始 
[SYS] 2026/06/27 - 20:43:39 | 任务进度轮询完成 
[SYS] 2026/06/27 - 20:43:54 | 任务进度轮询开始 
[SYS] 2026/06/27 - 20:43:54 | 任务进度轮询完成 
[SYS] 2026/06/27 - 20:44:07 | syncing options from database 
[SYS] 2026/06/27 - 20:44:09 | 任务进度轮询开始 
[SYS] 2026/06/27 - 20:44:09 | 任务进度轮询完成 
[SYS] 2026/06/27 - 20:44:24 | 任务进度轮询开始 
[SYS] 2026/06/27 - 20:44:24 | 任务进度轮询完成 
[SYS] 2026/06/27 - 20:44:39 | 任务进度轮询开始 
[SYS] 2026/06/27 - 20:44:39 | 任务进度轮询完成 
[SYS] 2026/06/27 - 20:44:54 | 任务进度轮询开始 
[SYS] 2026/06/27 - 20:44:54 | 任务进度轮询完成 
[SYS] 2026/06/27 - 20:45:07 | syncing options from database 
[SYS] 2026/06/27 - 20:45:09 | 任务进度轮询开始 
[SYS] 2026/06/27 - 20:45:09 | 任务进度轮询完成 
[SYS] 2026/06/27 - 20:45:24 | 任务进度轮询开始 
[SYS] 2026/06/27 - 20:45:24 | 任务进度轮询完成 
[SYS] 2026/06/27 - 20:45:39 | 任务进度轮询开始 
[SYS] 2026/06/27 - 20:45:39 | 任务进度轮询完成 
[SYS] 2026/06/27 - 20:45:54 | 任务进度轮询开始 
[SYS] 2026/06/27 - 20:45:54 | 任务进度轮询完成 
[SYS] 2026/06/27 - 20:46:07 | syncing options from database 
[SYS] 2026/06/27 - 20:46:09 | 任务进度轮询开始 
[SYS] 2026/06/27 - 20:46:09 | 任务进度轮询完成 
[SYS] 2026/06/27 - 20:46:24 | 任务进度轮询开始 
[SYS] 2026/06/27 - 20:46:24 | 任务进度轮询完成 
[SYS] 2026/06/27 - 20:46:39 | 任务进度轮询开始 
[SYS] 2026/06/27 - 20:46:39 | 任务进度轮询完成 
[SYS] 2026/06/27 - 20:46:54 | 任务进度轮询开始 
[SYS] 2026/06/27 - 20:46:54 | 任务进度轮询完成 
[SYS] 2026/06/27 - 20:47:07 | 正在更新数据看板数据... 
[SYS] 2026/06/27 - 20:47:07 | 保存数据看板数据成功，共保存0条数据 
[SYS] 2026/06/27 - 20:47:07 | syncing options from database 
[SYS] 2026/06/27 - 20:47:09 | 任务进度轮询开始 
[SYS] 2026/06/27 - 20:47:09 | 任务进度轮询完成 
[SYS] 2026/06/27 - 20:47:24 | 任务进度轮询开始 
[SYS] 2026/06/27 - 20:47:24 | 任务进度轮询完成 
[SYS] 2026/06/27 - 20:47:39 | 任务进度轮询开始 
[SYS] 2026/06/27 - 20:47:39 | 任务进度轮询完成 
[SYS] 2026/06/27 - 20:47:54 | 任务进度轮询开始 
[SYS] 2026/06/27 - 20:47:54 | 任务进度轮询完成 
[SYS] 2026/06/27 - 20:48:07 | syncing options from database 
[SYS] 2026/06/27 - 20:48:09 | 任务进度轮询开始 
[SYS] 2026/06/27 - 20:48:09 | 任务进度轮询完成 
[SYS] 2026/06/27 - 20:48:24 | 任务进度轮询开始 
[SYS] 2026/06/27 - 20:48:24 | 任务进度轮询完成 
[SYS] 2026/06/27 - 20:48:39 | 任务进度轮询开始 
[SYS] 2026/06/27 - 20:48:39 | 任务进度轮询完成 
[SYS] 2026/06/27 - 20:48:54 | 任务进度轮询开始 
[SYS] 2026/06/27 - 20:48:54 | 任务进度轮询完成 
[SYS] 2026/06/27 - 20:49:07 | syncing options from database 
[SYS] 2026/06/27 - 20:49:09 | 任务进度轮询开始 
[SYS] 2026/06/27 - 20:49:09 | 任务进度轮询完成 
[SYS] 2026/06/27 - 20:49:24 | 任务进度轮询开始 
[SYS] 2026/06/27 - 20:49:24 | 任务进度轮询完成 
[SYS] 2026/06/27 - 20:49:39 | 任务进度轮询开始 
[SYS] 2026/06/27 - 20:49:39 | 任务进度轮询完成 
[SYS] 2026/06/27 - 20:49:54 | 任务进度轮询开始 
[SYS] 2026/06/27 - 20:49:54 | 任务进度轮询完成 
[SYS] 2026/06/27 - 20:50:07 | syncing options from database 
[SYS] 2026/06/27 - 20:50:09 | 任务进度轮询开始 
[SYS] 2026/06/27 - 20:50:09 | 任务进度轮询完成 
[SYS] 2026/06/27 - 20:50:24 | 任务进度轮询开始 
[SYS] 2026/06/27 - 20:50:24 | 任务进度轮询完成 
[SYS] 2026/06/27 - 20:50:39 | 任务进度轮询开始 
[SYS] 2026/06/27 - 20:50:39 | 任务进度轮询完成 
[SYS] 2026/06/27 - 20:50:54 | 任务进度轮询开始 
[SYS] 2026/06/27 - 20:50:54 | 任务进度轮询完成 
[SYS] 2026/06/27 - 20:51:07 | syncing options from database 
[SYS] 2026/06/27 - 20:51:09 | 任务进度轮询开始 
[SYS] 2026/06/27 - 20:51:09 | 任务进度轮询完成 
[SYS] 2026/06/27 - 20:51:24 | 任务进度轮询开始 
[SYS] 2026/06/27 - 20:51:24 | 任务进度轮询完成 
[SYS] 2026/06/27 - 20:51:39 | 任务进度轮询开始 
[SYS] 2026/06/27 - 20:51:39 | 任务进度轮询完成 
[SYS] 2026/06/27 - 20:51:54 | 任务进度轮询开始 
[SYS] 2026/06/27 - 20:51:54 | 任务进度轮询完成 
[SYS] 2026/06/27 - 20:52:07 | 正在更新数据看板数据... 
[SYS] 2026/06/27 - 20:52:07 | 保存数据看板数据成功，共保存0条数据 
[SYS] 2026/06/27 - 20:52:07 | syncing options from database 
[SYS] 2026/06/27 - 20:52:09 | 任务进度轮询开始 
[SYS] 2026/06/27 - 20:52:09 | 任务进度轮询完成 
[SYS] 2026/06/27 - 20:52:24 | 任务进度轮询开始 
[SYS] 2026/06/27 - 20:52:24 | 任务进度轮询完成 
[SYS] 2026/06/27 - 20:52:39 | 任务进度轮询开始 
[SYS] 2026/06/27 - 20:52:39 | 任务进度轮询完成 
[SYS] 2026/06/27 - 20:52:54 | 任务进度轮询开始 
[SYS] 2026/06/27 - 20:52:54 | 任务进度轮询完成 
[SYS] 2026/06/27 - 20:53:07 | syncing options from database 
[SYS] 2026/06/27 - 20:53:09 | 任务进度轮询开始 
[SYS] 2026/06/27 - 20:53:09 | 任务进度轮询完成 
[SYS] 2026/06/27 - 20:53:24 | 任务进度轮询开始 
[SYS] 2026/06/27 - 20:53:24 | 任务进度轮询完成 
[SYS] 2026/06/27 - 20:53:39 | 任务进度轮询开始 
[SYS] 2026/06/27 - 20:53:39 | 任务进度轮询完成 
[SYS] 2026/06/27 - 20:53:54 | 任务进度轮询开始 
[SYS] 2026/06/27 - 20:53:54 | 任务进度轮询完成 
[SYS] 2026/06/27 - 20:54:07 | syncing options from database 
[SYS] 2026/06/27 - 20:54:09 | 任务进度轮询开始 
[SYS] 2026/06/27 - 20:54:09 | 任务进度轮询完成 
[SYS] 2026/06/27 - 20:54:24 | 任务进度轮询开始 
[SYS] 2026/06/27 - 20:54:24 | 任务进度轮询完成 
[SYS] 2026/06/27 - 20:54:39 | 任务进度轮询开始 
[SYS] 2026/06/27 - 20:54:39 | 任务进度轮询完成 
[SYS] 2026/06/27 - 20:54:54 | 任务进度轮询开始 
[SYS] 2026/06/27 - 20:54:54 | 任务进度轮询完成 
[SYS] 2026/06/27 - 20:55:07 | syncing options from database 
[SYS] 2026/06/27 - 20:55:09 | 任务进度轮询开始 
[SYS] 2026/06/27 - 20:55:09 | 任务进度轮询完成 
[SYS] 2026/06/27 - 20:55:24 | 任务进度轮询开始 
[SYS] 2026/06/27 - 20:55:24 | 任务进度轮询完成 
[SYS] 2026/06/27 - 20:55:39 | 任务进度轮询开始 
[SYS] 2026/06/27 - 20:55:39 | 任务进度轮询完成 
[SYS] 2026/06/27 - 20:55:54 | 任务进度轮询开始 
[SYS] 2026/06/27 - 20:55:54 | 任务进度轮询完成 
[SYS] 2026/06/27 - 20:56:07 | syncing options from database 
[SYS] 2026/06/27 - 20:56:09 | 任务进度轮询开始 
[SYS] 2026/06/27 - 20:56:09 | 任务进度轮询完成 
[SYS] 2026/06/27 - 20:56:24 | 任务进度轮询开始 
[SYS] 2026/06/27 - 20:56:24 | 任务进度轮询完成 
[SYS] 2026/06/27 - 20:56:39 | 任务进度轮询开始 
[SYS] 2026/06/27 - 20:56:39 | 任务进度轮询完成 
[SYS] 2026/06/27 - 20:56:54 | 任务进度轮询开始 
[SYS] 2026/06/27 - 20:56:54 | 任务进度轮询完成 
[SYS] 2026/06/27 - 20:57:07 | 正在更新数据看板数据... 
[SYS] 2026/06/27 - 20:57:07 | 保存数据看板数据成功，共保存0条数据 
[SYS] 2026/06/27 - 20:57:07 | syncing options from database 
[SYS] 2026/06/27 - 20:57:09 | 任务进度轮询开始 
[SYS] 2026/06/27 - 20:57:09 | 任务进度轮询完成 
[SYS] 2026/06/27 - 20:57:24 | 任务进度轮询开始 
[SYS] 2026/06/27 - 20:57:24 | 任务进度轮询完成 
[SYS] 2026/06/27 - 20:57:39 | 任务进度轮询开始 
[SYS] 2026/06/27 - 20:57:39 | 任务进度轮询完成 
[SYS] 2026/06/27 - 20:57:54 | 任务进度轮询开始 
[SYS] 2026/06/27 - 20:57:54 | 任务进度轮询完成 
[SYS] 2026/06/27 - 20:58:07 | syncing options from database 
[SYS] 2026/06/27 - 20:58:09 | 任务进度轮询开始 
[SYS] 2026/06/27 - 20:58:09 | 任务进度轮询完成 
[SYS] 2026/06/27 - 20:58:24 | 任务进度轮询开始 
[SYS] 2026/06/27 - 20:58:24 | 任务进度轮询完成 
[SYS] 2026/06/27 - 20:58:39 | 任务进度轮询开始 
[SYS] 2026/06/27 - 20:58:39 | 任务进度轮询完成 
[SYS] 2026/06/27 - 20:58:54 | 任务进度轮询开始 
[SYS] 2026/06/27 - 20:58:54 | 任务进度轮询完成 
[SYS] 2026/06/27 - 20:59:07 | syncing options from database 
[SYS] 2026/06/27 - 20:59:09 | 任务进度轮询开始 
[SYS] 2026/06/27 - 20:59:09 | 任务进度轮询完成 
[SYS] 2026/06/27 - 20:59:24 | 任务进度轮询开始 
[SYS] 2026/06/27 - 20:59:24 | 任务进度轮询完成 
[SYS] 2026/06/27 - 20:59:39 | 任务进度轮询开始 
[SYS] 2026/06/27 - 20:59:39 | 任务进度轮询完成 
[SYS] 2026/06/27 - 20:59:54 | 任务进度轮询开始 
[SYS] 2026/06/27 - 20:59:54 | 任务进度轮询完成 
[SYS] 2026/06/27 - 21:00:07 | syncing options from database 
[SYS] 2026/06/27 - 21:00:09 | 任务进度轮询开始 
[SYS] 2026/06/27 - 21:00:09 | 任务进度轮询完成 
[SYS] 2026/06/27 - 21:00:24 | 任务进度轮询开始 
[SYS] 2026/06/27 - 21:00:24 | 任务进度轮询完成 
[SYS] 2026/06/27 - 21:00:39 | 任务进度轮询开始 
[SYS] 2026/06/27 - 21:00:39 | 任务进度轮询完成 
[SYS] 2026/06/27 - 21:00:54 | 任务进度轮询开始 
[SYS] 2026/06/27 - 21:00:54 | 任务进度轮询完成 
[SYS] 2026/06/27 - 21:01:07 | syncing options from database 
[SYS] 2026/06/27 - 21:01:09 | 任务进度轮询开始 
[SYS] 2026/06/27 - 21:01:09 | 任务进度轮询完成 
[SYS] 2026/06/27 - 21:01:24 | 任务进度轮询开始 
[SYS] 2026/06/27 - 21:01:24 | 任务进度轮询完成 
[SYS] 2026/06/27 - 21:01:39 | 任务进度轮询开始 
[SYS] 2026/06/27 - 21:01:39 | 任务进度轮询完成 
[SYS] 2026/06/27 - 21:01:54 | 任务进度轮询开始 
[SYS] 2026/06/27 - 21:01:54 | 任务进度轮询完成 
[SYS] 2026/06/27 - 21:02:07 | 正在更新数据看板数据... 
[SYS] 2026/06/27 - 21:02:07 | 保存数据看板数据成功，共保存0条数据 
[SYS] 2026/06/27 - 21:02:07 | syncing options from database 
[SYS] 2026/06/27 - 21:02:09 | 任务进度轮询开始 
[SYS] 2026/06/27 - 21:02:09 | 任务进度轮询完成 
[SYS] 2026/06/27 - 21:02:24 | 任务进度轮询开始 
[SYS] 2026/06/27 - 21:02:24 | 任务进度轮询完成 
[SYS] 2026/06/27 - 21:02:39 | 任务进度轮询开始 
[SYS] 2026/06/27 - 21:02:39 | 任务进度轮询完成 
[SYS] 2026/06/27 - 21:02:54 | 任务进度轮询开始 
[SYS] 2026/06/27 - 21:02:54 | 任务进度轮询完成 
[SYS] 2026/06/27 - 21:03:07 | syncing options from database 
[SYS] 2026/06/27 - 21:03:09 | 任务进度轮询开始 
[SYS] 2026/06/27 - 21:03:09 | 任务进度轮询完成 
[SYS] 2026/06/27 - 21:03:24 | 任务进度轮询开始 
[SYS] 2026/06/27 - 21:03:24 | 任务进度轮询完成 
[SYS] 2026/06/27 - 21:03:39 | 任务进度轮询开始 
[SYS] 2026/06/27 - 21:03:39 | 任务进度轮询完成 
[SYS] 2026/06/27 - 21:03:54 | 任务进度轮询开始 
[SYS] 2026/06/27 - 21:03:54 | 任务进度轮询完成 
[SYS] 2026/06/27 - 21:04:07 | syncing options from database 
[SYS] 2026/06/27 - 21:04:09 | 任务进度轮询开始 
[SYS] 2026/06/27 - 21:04:09 | 任务进度轮询完成 
[SYS] 2026/06/27 - 21:04:24 | 任务进度轮询开始 
[SYS] 2026/06/27 - 21:04:24 | 任务进度轮询完成 
[SYS] 2026/06/27 - 21:04:39 | 任务进度轮询开始 
[SYS] 2026/06/27 - 21:04:39 | 任务进度轮询完成 
[SYS] 2026/06/27 - 21:04:54 | 任务进度轮询开始 
[SYS] 2026/06/27 - 21:04:54 | 任务进度轮询完成 
[SYS] 2026/06/27 - 21:05:07 | syncing options from database 
[SYS] 2026/06/27 - 21:05:09 | 任务进度轮询开始 
[SYS] 2026/06/27 - 21:05:09 | 任务进度轮询完成 
[SYS] 2026/06/27 - 21:05:24 | 任务进度轮询开始 
[SYS] 2026/06/27 - 21:05:24 | 任务进度轮询完成 
[SYS] 2026/06/27 - 21:05:39 | 任务进度轮询开始 
[SYS] 2026/06/27 - 21:05:39 | 任务进度轮询完成 
[SYS] 2026/06/27 - 21:05:54 | 任务进度轮询开始 
[SYS] 2026/06/27 - 21:05:54 | 任务进度轮询完成 
[SYS] 2026/06/27 - 21:06:07 | syncing options from database 
[SYS] 2026/06/27 - 21:06:09 | 任务进度轮询开始 
[SYS] 2026/06/27 - 21:06:09 | 任务进度轮询完成 
[SYS] 2026/06/27 - 21:06:24 | 任务进度轮询开始 
[SYS] 2026/06/27 - 21:06:24 | 任务进度轮询完成 
[SYS] 2026/06/27 - 21:06:39 | 任务进度轮询开始 
[SYS] 2026/06/27 - 21:06:39 | 任务进度轮询完成 
[SYS] 2026/06/27 - 21:06:54 | 任务进度轮询开始 
[SYS] 2026/06/27 - 21:06:54 | 任务进度轮询完成 
[SYS] 2026/06/27 - 21:07:07 | 正在更新数据看板数据... 
[SYS] 2026/06/27 - 21:07:07 | 保存数据看板数据成功，共保存0条数据 
[SYS] 2026/06/27 - 21:07:07 | syncing options from database 
[SYS] 2026/06/27 - 21:07:09 | 任务进度轮询开始 
[SYS] 2026/06/27 - 21:07:09 | 任务进度轮询完成 
[SYS] 2026/06/27 - 21:07:24 | 任务进度轮询开始 
[SYS] 2026/06/27 - 21:07:24 | 任务进度轮询完成 
[SYS] 2026/06/27 - 21:07:39 | 任务进度轮询开始 
[SYS] 2026/06/27 - 21:07:39 | 任务进度轮询完成 
[SYS] 2026/06/27 - 21:07:54 | 任务进度轮询开始 
[SYS] 2026/06/27 - 21:07:54 | 任务进度轮询完成 
[SYS] 2026/06/27 - 21:08:07 | syncing options from database 
[SYS] 2026/06/27 - 21:08:09 | 任务进度轮询开始 
[SYS] 2026/06/27 - 21:08:09 | 任务进度轮询完成 
[SYS] 2026/06/27 - 21:08:24 | 任务进度轮询开始 
[SYS] 2026/06/27 - 21:08:24 | 任务进度轮询完成 
[SYS] 2026/06/27 - 21:08:39 | 任务进度轮询开始 
[SYS] 2026/06/27 - 21:08:39 | 任务进度轮询完成 
[SYS] 2026/06/27 - 21:08:54 | 任务进度轮询开始 
[SYS] 2026/06/27 - 21:08:54 | 任务进度轮询完成 
[SYS] 2026/06/27 - 21:09:07 | syncing options from database 
[SYS] 2026/06/27 - 21:09:09 | 任务进度轮询开始 
[SYS] 2026/06/27 - 21:09:09 | 任务进度轮询完成 
[SYS] 2026/06/27 - 21:09:24 | 任务进度轮询开始 
[SYS] 2026/06/27 - 21:09:24 | 任务进度轮询完成 
[SYS] 2026/06/27 - 21:09:39 | 任务进度轮询开始 
[SYS] 2026/06/27 - 21:09:39 | 任务进度轮询完成 
[SYS] 2026/06/27 - 21:09:54 | 任务进度轮询开始 
[SYS] 2026/06/27 - 21:09:54 | 任务进度轮询完成 
[SYS] 2026/06/27 - 21:10:07 | syncing options from database 
[SYS] 2026/06/27 - 21:10:09 | 任务进度轮询开始 
[SYS] 2026/06/27 - 21:10:09 | 任务进度轮询完成 
[SYS] 2026/06/27 - 21:10:24 | 任务进度轮询开始 
[SYS] 2026/06/27 - 21:10:24 | 任务进度轮询完成 
[SYS] 2026/06/27 - 21:10:39 | 任务进度轮询开始 
[SYS] 2026/06/27 - 21:10:39 | 任务进度轮询完成 
[SYS] 2026/06/27 - 21:10:54 | 任务进度轮询开始 
[SYS] 2026/06/27 - 21:10:54 | 任务进度轮询完成 
[SYS] 2026/06/27 - 21:11:07 | syncing options from database 
[SYS] 2026/06/27 - 21:11:09 | 任务进度轮询开始 
[SYS] 2026/06/27 - 21:11:09 | 任务进度轮询完成 
[SYS] 2026/06/27 - 21:11:24 | 任务进度轮询开始 
[SYS] 2026/06/27 - 21:11:24 | 任务进度轮询完成 
[SYS] 2026/06/27 - 21:11:39 | 任务进度轮询开始 
[SYS] 2026/06/27 - 21:11:39 | 任务进度轮询完成 
[SYS] 2026/06/27 - 21:11:54 | 任务进度轮询开始 
[SYS] 2026/06/27 - 21:11:54 | 任务进度轮询完成 
[SYS] 2026/06/27 - 21:12:07 | 正在更新数据看板数据... 
[SYS] 2026/06/27 - 21:12:07 | 保存数据看板数据成功，共保存0条数据 
[SYS] 2026/06/27 - 21:12:07 | syncing options from database 
[SYS] 2026/06/27 - 21:12:09 | 任务进度轮询开始 
[SYS] 2026/06/27 - 21:12:09 | 任务进度轮询完成 
[SYS] 2026/06/27 - 21:12:24 | 任务进度轮询开始 
[SYS] 2026/06/27 - 21:12:24 | 任务进度轮询完成 
[SYS] 2026/06/27 - 21:12:39 | 任务进度轮询开始 
[SYS] 2026/06/27 - 21:12:39 | 任务进度轮询完成 
[SYS] 2026/06/27 - 21:12:54 | 任务进度轮询开始 
[SYS] 2026/06/27 - 21:12:54 | 任务进度轮询完成 
[SYS] 2026/06/27 - 21:13:07 | syncing options from database 
[SYS] 2026/06/27 - 21:13:09 | 任务进度轮询开始 
[SYS] 2026/06/27 - 21:13:09 | 任务进度轮询完成 
[SYS] 2026/06/27 - 21:13:24 | 任务进度轮询开始 
[SYS] 2026/06/27 - 21:13:24 | 任务进度轮询完成 
[SYS] 2026/06/27 - 21:13:39 | 任务进度轮询开始 
[SYS] 2026/06/27 - 21:13:39 | 任务进度轮询完成 
[SYS] 2026/06/27 - 21:13:54 | 任务进度轮询开始 
[SYS] 2026/06/27 - 21:13:54 | 任务进度轮询完成 
[SYS] 2026/06/27 - 21:14:07 | syncing options from database 
[SYS] 2026/06/27 - 21:14:09 | 任务进度轮询开始 
[SYS] 2026/06/27 - 21:14:09 | 任务进度轮询完成 
[SYS] 2026/06/27 - 21:14:24 | 任务进度轮询开始 
[SYS] 2026/06/27 - 21:14:24 | 任务进度轮询完成 
[SYS] 2026/06/27 - 21:14:39 | 任务进度轮询开始 
[SYS] 2026/06/27 - 21:14:39 | 任务进度轮询完成 
[SYS] 2026/06/27 - 21:14:54 | 任务进度轮询开始 
[SYS] 2026/06/27 - 21:14:54 | 任务进度轮询完成 
[SYS] 2026/06/27 - 21:15:07 | syncing options from database 
[SYS] 2026/06/27 - 21:15:09 | 任务进度轮询开始 
[SYS] 2026/06/27 - 21:15:09 | 任务进度轮询完成 
[SYS] 2026/06/27 - 21:15:24 | 任务进度轮询开始 
[SYS] 2026/06/27 - 21:15:24 | 任务进度轮询完成 
[SYS] 2026/06/27 - 21:15:39 | 任务进度轮询开始 
[SYS] 2026/06/27 - 21:15:39 | 任务进度轮询完成 
[SYS] 2026/06/27 - 21:15:54 | 任务进度轮询开始 
[SYS] 2026/06/27 - 21:15:54 | 任务进度轮询完成 
[SYS] 2026/06/27 - 21:16:07 | syncing options from database 
[SYS] 2026/06/27 - 21:16:09 | 任务进度轮询开始 
[SYS] 2026/06/27 - 21:16:09 | 任务进度轮询完成 
[SYS] 2026/06/27 - 21:16:24 | 任务进度轮询开始 
[SYS] 2026/06/27 - 21:16:24 | 任务进度轮询完成 
[SYS] 2026/06/27 - 21:16:39 | 任务进度轮询开始 
[SYS] 2026/06/27 - 21:16:39 | 任务进度轮询完成 
[SYS] 2026/06/27 - 21:16:54 | 任务进度轮询开始 
[SYS] 2026/06/27 - 21:16:54 | 任务进度轮询完成 
[SYS] 2026/06/27 - 21:17:07 | 正在更新数据看板数据... 
[SYS] 2026/06/27 - 21:17:07 | 保存数据看板数据成功，共保存0条数据 
[SYS] 2026/06/27 - 21:17:07 | syncing options from database 
[SYS] 2026/06/27 - 21:17:09 | 任务进度轮询开始 
[SYS] 2026/06/27 - 21:17:09 | 任务进度轮询完成 
[SYS] 2026/06/27 - 21:17:24 | 任务进度轮询开始 
[SYS] 2026/06/27 - 21:17:24 | 任务进度轮询完成 
[SYS] 2026/06/27 - 21:17:39 | 任务进度轮询开始 
[SYS] 2026/06/27 - 21:17:39 | 任务进度轮询完成 
[SYS] 2026/06/27 - 21:17:54 | 任务进度轮询开始 
[SYS] 2026/06/27 - 21:17:54 | 任务进度轮询完成 
[SYS] 2026/06/27 - 21:18:07 | syncing options from database 
[SYS] 2026/06/27 - 21:18:09 | 任务进度轮询开始 
[SYS] 2026/06/27 - 21:18:09 | 任务进度轮询完成 
[SYS] 2026/06/27 - 21:18:24 | 任务进度轮询开始 
[SYS] 2026/06/27 - 21:18:24 | 任务进度轮询完成 
[SYS] 2026/06/27 - 21:18:39 | 任务进度轮询开始 
[SYS] 2026/06/27 - 21:18:39 | 任务进度轮询完成 
[SYS] 2026/06/27 - 21:18:54 | 任务进度轮询开始 
[SYS] 2026/06/27 - 21:18:54 | 任务进度轮询完成 
[SYS] 2026/06/27 - 21:19:08 | syncing options from database 
[SYS] 2026/06/27 - 21:19:09 | 任务进度轮询开始 
[SYS] 2026/06/27 - 21:19:09 | 任务进度轮询完成 
[SYS] 2026/06/27 - 21:19:24 | 任务进度轮询开始 
[SYS] 2026/06/27 - 21:19:24 | 任务进度轮询完成 
[SYS] 2026/06/27 - 21:19:39 | 任务进度轮询开始 
[SYS] 2026/06/27 - 21:19:39 | 任务进度轮询完成 
[SYS] 2026/06/27 - 21:19:54 | 任务进度轮询开始 
[SYS] 2026/06/27 - 21:19:54 | 任务进度轮询完成 
[SYS] 2026/06/27 - 21:20:08 | syncing options from database 
[SYS] 2026/06/27 - 21:20:09 | 任务进度轮询开始 
[SYS] 2026/06/27 - 21:20:09 | 任务进度轮询完成 
[SYS] 2026/06/27 - 21:20:24 | 任务进度轮询开始 
[SYS] 2026/06/27 - 21:20:24 | 任务进度轮询完成 
[SYS] 2026/06/27 - 21:20:39 | 任务进度轮询开始 
[SYS] 2026/06/27 - 21:20:39 | 任务进度轮询完成 
[SYS] 2026/06/27 - 21:20:54 | 任务进度轮询开始 
[SYS] 2026/06/27 - 21:20:54 | 任务进度轮询完成 
[SYS] 2026/06/27 - 21:21:08 | syncing options from database 
[SYS] 2026/06/27 - 21:21:09 | 任务进度轮询开始 
[SYS] 2026/06/27 - 21:21:09 | 任务进度轮询完成 
[SYS] 2026/06/27 - 21:21:24 | 任务进度轮询开始 
[SYS] 2026/06/27 - 21:21:24 | 任务进度轮询完成 
[SYS] 2026/06/27 - 21:21:39 | 任务进度轮询开始 
[SYS] 2026/06/27 - 21:21:39 | 任务进度轮询完成 
[SYS] 2026/06/27 - 21:21:54 | 任务进度轮询开始 
[SYS] 2026/06/27 - 21:21:54 | 任务进度轮询完成 
[SYS] 2026/06/27 - 21:22:07 | 正在更新数据看板数据... 
[SYS] 2026/06/27 - 21:22:07 | 保存数据看板数据成功，共保存0条数据 
[SYS] 2026/06/27 - 21:22:08 | syncing options from database 
[SYS] 2026/06/27 - 21:22:09 | 任务进度轮询开始 
[SYS] 2026/06/27 - 21:22:09 | 任务进度轮询完成 
[SYS] 2026/06/27 - 21:22:24 | 任务进度轮询开始 
[SYS] 2026/06/27 - 21:22:24 | 任务进度轮询完成 
[SYS] 2026/06/27 - 21:22:39 | 任务进度轮询开始 
[SYS] 2026/06/27 - 21:22:39 | 任务进度轮询完成 
[SYS] 2026/06/27 - 21:22:54 | 任务进度轮询开始 
[SYS] 2026/06/27 - 21:22:54 | 任务进度轮询完成 
[SYS] 2026/06/27 - 21:23:08 | syncing options from database 
[SYS] 2026/06/27 - 21:23:09 | 任务进度轮询开始 
[SYS] 2026/06/27 - 21:23:09 | 任务进度轮询完成 
[SYS] 2026/06/27 - 21:23:24 | 任务进度轮询开始 
[SYS] 2026/06/27 - 21:23:24 | 任务进度轮询完成 
[SYS] 2026/06/27 - 21:23:39 | 任务进度轮询开始 
[SYS] 2026/06/27 - 21:23:39 | 任务进度轮询完成 
[SYS] 2026/06/27 - 21:23:54 | 任务进度轮询开始 
[SYS] 2026/06/27 - 21:23:54 | 任务进度轮询完成 
[SYS] 2026/06/27 - 21:24:08 | syncing options from database 
[SYS] 2026/06/27 - 21:24:09 | 任务进度轮询开始 
[SYS] 2026/06/27 - 21:24:09 | 任务进度轮询完成 
[SYS] 2026/06/27 - 21:24:24 | 任务进度轮询开始 
[SYS] 2026/06/27 - 21:24:24 | 任务进度轮询完成 
[SYS] 2026/06/27 - 21:24:39 | 任务进度轮询开始 
[SYS] 2026/06/27 - 21:24:39 | 任务进度轮询完成 
[SYS] 2026/06/27 - 21:24:54 | 任务进度轮询开始 
[SYS] 2026/06/27 - 21:24:54 | 任务进度轮询完成 
[SYS] 2026/06/27 - 21:25:08 | syncing options from database 
[SYS] 2026/06/27 - 21:25:09 | 任务进度轮询开始 
[SYS] 2026/06/27 - 21:25:09 | 任务进度轮询完成 
[SYS] 2026/06/27 - 21:25:24 | 任务进度轮询开始 
[SYS] 2026/06/27 - 21:25:24 | 任务进度轮询完成 
[SYS] 2026/06/27 - 21:25:39 | 任务进度轮询开始 
[SYS] 2026/06/27 - 21:25:39 | 任务进度轮询完成 
[SYS] 2026/06/27 - 21:25:54 | 任务进度轮询开始 
[SYS] 2026/06/27 - 21:25:54 | 任务进度轮询完成 
[SYS] 2026/06/27 - 21:26:08 | syncing options from database 
[SYS] 2026/06/27 - 21:26:09 | 任务进度轮询开始 
[SYS] 2026/06/27 - 21:26:09 | 任务进度轮询完成 
[SYS] 2026/06/27 - 21:26:24 | 任务进度轮询开始 
[SYS] 2026/06/27 - 21:26:24 | 任务进度轮询完成 
[SYS] 2026/06/27 - 21:26:39 | 任务进度轮询开始 
[SYS] 2026/06/27 - 21:26:39 | 任务进度轮询完成 
[SYS] 2026/06/27 - 21:26:54 | 任务进度轮询开始 
[SYS] 2026/06/27 - 21:26:54 | 任务进度轮询完成 
[SYS] 2026/06/27 - 21:27:07 | 正在更新数据看板数据... 
[SYS] 2026/06/27 - 21:27:07 | 保存数据看板数据成功，共保存0条数据 
[SYS] 2026/06/27 - 21:27:08 | syncing options from database 
[SYS] 2026/06/27 - 21:27:09 | 任务进度轮询开始 
[SYS] 2026/06/27 - 21:27:09 | 任务进度轮询完成 
[SYS] 2026/06/27 - 21:27:24 | 任务进度轮询开始 
[SYS] 2026/06/27 - 21:27:24 | 任务进度轮询完成 
[SYS] 2026/06/27 - 21:27:39 | 任务进度轮询开始 
[SYS] 2026/06/27 - 21:27:39 | 任务进度轮询完成 
[SYS] 2026/06/27 - 21:27:54 | 任务进度轮询开始 
[SYS] 2026/06/27 - 21:27:54 | 任务进度轮询完成 
[SYS] 2026/06/27 - 21:28:08 | syncing options from database 
[SYS] 2026/06/27 - 21:28:09 | 任务进度轮询开始 
[SYS] 2026/06/27 - 21:28:09 | 任务进度轮询完成 
[SYS] 2026/06/27 - 21:28:24 | 任务进度轮询开始 
[SYS] 2026/06/27 - 21:28:24 | 任务进度轮询完成 
[SYS] 2026/06/27 - 21:28:39 | 任务进度轮询开始 
[SYS] 2026/06/27 - 21:28:39 | 任务进度轮询完成 
[SYS] 2026/06/27 - 21:28:54 | 任务进度轮询开始 
[SYS] 2026/06/27 - 21:28:54 | 任务进度轮询完成 
[SYS] 2026/06/27 - 21:29:08 | syncing options from database 
[SYS] 2026/06/27 - 21:29:09 | 任务进度轮询开始 
[SYS] 2026/06/27 - 21:29:09 | 任务进度轮询完成 
[SYS] 2026/06/27 - 21:29:24 | 任务进度轮询开始 
[SYS] 2026/06/27 - 21:29:24 | 任务进度轮询完成 
[SYS] 2026/06/27 - 21:29:39 | 任务进度轮询开始 
[SYS] 2026/06/27 - 21:29:39 | 任务进度轮询完成 
[SYS] 2026/06/27 - 21:29:54 | 任务进度轮询开始 
[SYS] 2026/06/27 - 21:29:54 | 任务进度轮询完成 
[SYS] 2026/06/27 - 21:30:08 | syncing options from database 
[SYS] 2026/06/27 - 21:30:09 | 任务进度轮询开始 
[SYS] 2026/06/27 - 21:30:09 | 任务进度轮询完成 
[SYS] 2026/06/27 - 21:30:24 | 任务进度轮询开始 
[SYS] 2026/06/27 - 21:30:24 | 任务进度轮询完成 
[SYS] 2026/06/27 - 21:30:39 | 任务进度轮询开始 
[SYS] 2026/06/27 - 21:30:39 | 任务进度轮询完成 
[SYS] 2026/06/27 - 21:30:54 | 任务进度轮询开始 
[SYS] 2026/06/27 - 21:30:54 | 任务进度轮询完成 
[SYS] 2026/06/27 - 21:31:08 | syncing options from database 
[SYS] 2026/06/27 - 21:31:09 | 任务进度轮询开始 
[SYS] 2026/06/27 - 21:31:09 | 任务进度轮询完成 
[SYS] 2026/06/27 - 21:31:24 | 任务进度轮询开始 
[SYS] 2026/06/27 - 21:31:24 | 任务进度轮询完成 
[SYS] 2026/06/27 - 21:31:40 | 任务进度轮询开始 
[SYS] 2026/06/27 - 21:31:40 | 任务进度轮询完成 
[SYS] 2026/06/27 - 21:31:55 | 任务进度轮询开始 
[SYS] 2026/06/27 - 21:31:55 | 任务进度轮询完成 
[SYS] 2026/06/27 - 21:32:07 | 正在更新数据看板数据... 
[SYS] 2026/06/27 - 21:32:07 | 保存数据看板数据成功，共保存0条数据 
[SYS] 2026/06/27 - 21:32:08 | syncing options from database 
[SYS] 2026/06/27 - 21:32:10 | 任务进度轮询开始 
[SYS] 2026/06/27 - 21:32:10 | 任务进度轮询完成 
[SYS] 2026/06/27 - 21:32:25 | 任务进度轮询开始 
[SYS] 2026/06/27 - 21:32:25 | 任务进度轮询完成 
[SYS] 2026/06/27 - 21:32:40 | 任务进度轮询开始 
[SYS] 2026/06/27 - 21:32:40 | 任务进度轮询完成 
[SYS] 2026/06/27 - 21:32:55 | 任务进度轮询开始 
[SYS] 2026/06/27 - 21:32:55 | 任务进度轮询完成 
[SYS] 2026/06/27 - 21:33:08 | syncing options from database 
[SYS] 2026/06/27 - 21:33:10 | 任务进度轮询开始 
[SYS] 2026/06/27 - 21:33:10 | 任务进度轮询完成 
[SYS] 2026/06/27 - 21:33:25 | 任务进度轮询开始 
[SYS] 2026/06/27 - 21:33:25 | 任务进度轮询完成 
[SYS] 2026/06/27 - 21:33:40 | 任务进度轮询开始 
[SYS] 2026/06/27 - 21:33:40 | 任务进度轮询完成 
[SYS] 2026/06/27 - 21:33:55 | 任务进度轮询开始 
[SYS] 2026/06/27 - 21:33:55 | 任务进度轮询完成 
[SYS] 2026/06/27 - 21:34:08 | syncing options from database 
[SYS] 2026/06/27 - 21:34:10 | 任务进度轮询开始 
[SYS] 2026/06/27 - 21:34:10 | 任务进度轮询完成 
[SYS] 2026/06/27 - 21:34:25 | 任务进度轮询开始 
[SYS] 2026/06/27 - 21:34:25 | 任务进度轮询完成 
[SYS] 2026/06/27 - 21:34:40 | 任务进度轮询开始 
[SYS] 2026/06/27 - 21:34:40 | 任务进度轮询完成 
[SYS] 2026/06/27 - 21:34:55 | 任务进度轮询开始 
[SYS] 2026/06/27 - 21:34:55 | 任务进度轮询完成 
[SYS] 2026/06/27 - 21:35:08 | syncing options from database 
[SYS] 2026/06/27 - 21:35:10 | 任务进度轮询开始 
[SYS] 2026/06/27 - 21:35:10 | 任务进度轮询完成 
[SYS] 2026/06/27 - 21:35:25 | 任务进度轮询开始 
[SYS] 2026/06/27 - 21:35:25 | 任务进度轮询完成 
[SYS] 2026/06/27 - 21:35:40 | 任务进度轮询开始 
[SYS] 2026/06/27 - 21:35:40 | 任务进度轮询完成 
[SYS] 2026/06/27 - 21:35:55 | 任务进度轮询开始 
[SYS] 2026/06/27 - 21:35:55 | 任务进度轮询完成 
[SYS] 2026/06/27 - 21:36:08 | syncing options from database 
[SYS] 2026/06/27 - 21:36:10 | 任务进度轮询开始 
[SYS] 2026/06/27 - 21:36:10 | 任务进度轮询完成 
[SYS] 2026/06/27 - 21:36:25 | 任务进度轮询开始 
[SYS] 2026/06/27 - 21:36:25 | 任务进度轮询完成 
[SYS] 2026/06/27 - 21:36:40 | 任务进度轮询开始 
[SYS] 2026/06/27 - 21:36:40 | 任务进度轮询完成 
[SYS] 2026/06/27 - 21:36:55 | 任务进度轮询开始 
[SYS] 2026/06/27 - 21:36:55 | 任务进度轮询完成 
[SYS] 2026/06/27 - 21:37:07 | 正在更新数据看板数据... 
[SYS] 2026/06/27 - 21:37:07 | 保存数据看板数据成功，共保存0条数据 
[SYS] 2026/06/27 - 21:37:08 | syncing options from database 
[SYS] 2026/06/27 - 21:37:10 | 任务进度轮询开始 
[SYS] 2026/06/27 - 21:37:10 | 任务进度轮询完成 
[SYS] 2026/06/27 - 21:37:25 | 任务进度轮询开始 
[SYS] 2026/06/27 - 21:37:25 | 任务进度轮询完成 
[SYS] 2026/06/27 - 21:37:40 | 任务进度轮询开始 
[SYS] 2026/06/27 - 21:37:40 | 任务进度轮询完成 
[SYS] 2026/06/27 - 21:37:55 | 任务进度轮询开始 
[SYS] 2026/06/27 - 21:37:55 | 任务进度轮询完成 
[SYS] 2026/06/27 - 21:38:08 | syncing options from database 
[SYS] 2026/06/27 - 21:38:10 | 任务进度轮询开始 
[SYS] 2026/06/27 - 21:38:10 | 任务进度轮询完成 
[SYS] 2026/06/27 - 21:38:25 | 任务进度轮询开始 
[SYS] 2026/06/27 - 21:38:25 | 任务进度轮询完成 
[SYS] 2026/06/27 - 21:38:40 | 任务进度轮询开始 
[SYS] 2026/06/27 - 21:38:40 | 任务进度轮询完成 
[SYS] 2026/06/27 - 21:38:55 | 任务进度轮询开始 
[SYS] 2026/06/27 - 21:38:55 | 任务进度轮询完成 
[SYS] 2026/06/27 - 21:39:08 | syncing options from database 
[SYS] 2026/06/27 - 21:39:10 | 任务进度轮询开始 
[SYS] 2026/06/27 - 21:39:10 | 任务进度轮询完成 
[SYS] 2026/06/27 - 21:39:25 | 任务进度轮询开始 
[SYS] 2026/06/27 - 21:39:25 | 任务进度轮询完成 
[SYS] 2026/06/27 - 21:39:40 | 任务进度轮询开始 
[SYS] 2026/06/27 - 21:39:40 | 任务进度轮询完成 
[SYS] 2026/06/27 - 21:39:55 | 任务进度轮询开始 
[SYS] 2026/06/27 - 21:39:55 | 任务进度轮询完成 
[SYS] 2026/06/27 - 21:40:08 | syncing options from database 
[SYS] 2026/06/27 - 21:40:10 | 任务进度轮询开始 
[SYS] 2026/06/27 - 21:40:10 | 任务进度轮询完成 
[SYS] 2026/06/27 - 21:40:25 | 任务进度轮询开始 
[SYS] 2026/06/27 - 21:40:25 | 任务进度轮询完成 
[SYS] 2026/06/27 - 21:40:40 | 任务进度轮询开始 
[SYS] 2026/06/27 - 21:40:40 | 任务进度轮询完成 
[SYS] 2026/06/27 - 21:40:55 | 任务进度轮询开始 
[SYS] 2026/06/27 - 21:40:55 | 任务进度轮询完成 
[SYS] 2026/06/27 - 21:41:08 | syncing options from database 
[SYS] 2026/06/27 - 21:41:10 | 任务进度轮询开始 
[SYS] 2026/06/27 - 21:41:10 | 任务进度轮询完成 
[SYS] 2026/06/27 - 21:41:25 | 任务进度轮询开始 
[SYS] 2026/06/27 - 21:41:25 | 任务进度轮询完成 
[SYS] 2026/06/27 - 21:41:40 | 任务进度轮询开始 
[SYS] 2026/06/27 - 21:41:40 | 任务进度轮询完成 
[SYS] 2026/06/27 - 21:41:55 | 任务进度轮询开始 
[SYS] 2026/06/27 - 21:41:55 | 任务进度轮询完成 
[SYS] 2026/06/27 - 21:42:07 | 正在更新数据看板数据... 
[SYS] 2026/06/27 - 21:42:07 | 保存数据看板数据成功，共保存0条数据 
[SYS] 2026/06/27 - 21:42:08 | syncing options from database 
[SYS] 2026/06/27 - 21:42:10 | 任务进度轮询开始 
[SYS] 2026/06/27 - 21:42:10 | 任务进度轮询完成 
[SYS] 2026/06/27 - 21:42:25 | 任务进度轮询开始 
[SYS] 2026/06/27 - 21:42:25 | 任务进度轮询完成 
[SYS] 2026/06/27 - 21:42:40 | 任务进度轮询开始 
[SYS] 2026/06/27 - 21:42:40 | 任务进度轮询完成 
[SYS] 2026/06/27 - 21:42:55 | 任务进度轮询开始 
[SYS] 2026/06/27 - 21:42:55 | 任务进度轮询完成 
[SYS] 2026/06/27 - 21:43:08 | syncing options from database 
[SYS] 2026/06/27 - 21:43:10 | 任务进度轮询开始 
[SYS] 2026/06/27 - 21:43:10 | 任务进度轮询完成 
[SYS] 2026/06/27 - 21:43:25 | 任务进度轮询开始 
[SYS] 2026/06/27 - 21:43:25 | 任务进度轮询完成 
[SYS] 2026/06/27 - 21:43:40 | 任务进度轮询开始 
[SYS] 2026/06/27 - 21:43:40 | 任务进度轮询完成 
[SYS] 2026/06/27 - 21:43:55 | 任务进度轮询开始 
[SYS] 2026/06/27 - 21:43:55 | 任务进度轮询完成 
[SYS] 2026/06/27 - 21:44:08 | syncing options from database 
[SYS] 2026/06/27 - 21:44:10 | 任务进度轮询开始 
[SYS] 2026/06/27 - 21:44:10 | 任务进度轮询完成 
[SYS] 2026/06/27 - 21:44:25 | 任务进度轮询开始 
[SYS] 2026/06/27 - 21:44:25 | 任务进度轮询完成 
[SYS] 2026/06/27 - 21:44:40 | 任务进度轮询开始 
[SYS] 2026/06/27 - 21:44:40 | 任务进度轮询完成 
[SYS] 2026/06/27 - 21:44:55 | 任务进度轮询开始 
[SYS] 2026/06/27 - 21:44:55 | 任务进度轮询完成 
[SYS] 2026/06/27 - 21:45:08 | syncing options from database 
[SYS] 2026/06/27 - 21:45:10 | 任务进度轮询开始 
[SYS] 2026/06/27 - 21:45:10 | 任务进度轮询完成 
[SYS] 2026/06/27 - 21:45:25 | 任务进度轮询开始 
[SYS] 2026/06/27 - 21:45:25 | 任务进度轮询完成 
[SYS] 2026/06/27 - 21:45:40 | 任务进度轮询开始 
[SYS] 2026/06/27 - 21:45:40 | 任务进度轮询完成 
[SYS] 2026/06/27 - 21:45:55 | 任务进度轮询开始 
[SYS] 2026/06/27 - 21:45:55 | 任务进度轮询完成 
[SYS] 2026/06/27 - 21:46:08 | syncing options from database 
[SYS] 2026/06/27 - 21:46:10 | 任务进度轮询开始 
[SYS] 2026/06/27 - 21:46:10 | 任务进度轮询完成 
[SYS] 2026/06/27 - 21:46:25 | 任务进度轮询开始 
[SYS] 2026/06/27 - 21:46:25 | 任务进度轮询完成 
[SYS] 2026/06/27 - 21:46:40 | 任务进度轮询开始 
[SYS] 2026/06/27 - 21:46:40 | 任务进度轮询完成 
[SYS] 2026/06/27 - 21:46:55 | 任务进度轮询开始 
[SYS] 2026/06/27 - 21:46:55 | 任务进度轮询完成 
[SYS] 2026/06/27 - 21:47:07 | 正在更新数据看板数据... 
[SYS] 2026/06/27 - 21:47:07 | 保存数据看板数据成功，共保存0条数据 
[SYS] 2026/06/27 - 21:47:08 | syncing options from database 
[SYS] 2026/06/27 - 21:47:10 | 任务进度轮询开始 
[SYS] 2026/06/27 - 21:47:10 | 任务进度轮询完成 
[SYS] 2026/06/27 - 21:47:25 | 任务进度轮询开始 
[SYS] 2026/06/27 - 21:47:25 | 任务进度轮询完成 
[SYS] 2026/06/27 - 21:47:40 | 任务进度轮询开始 
[SYS] 2026/06/27 - 21:47:40 | 任务进度轮询完成 
[SYS] 2026/06/27 - 21:47:55 | 任务进度轮询开始 
[SYS] 2026/06/27 - 21:47:55 | 任务进度轮询完成 
[SYS] 2026/06/27 - 21:48:08 | syncing options from database 
[SYS] 2026/06/27 - 21:48:10 | 任务进度轮询开始 
[SYS] 2026/06/27 - 21:48:10 | 任务进度轮询完成 
[SYS] 2026/06/27 - 21:48:25 | 任务进度轮询开始 
[SYS] 2026/06/27 - 21:48:25 | 任务进度轮询完成 
[SYS] 2026/06/27 - 21:48:40 | 任务进度轮询开始 
[SYS] 2026/06/27 - 21:48:40 | 任务进度轮询完成 
[SYS] 2026/06/27 - 21:48:55 | 任务进度轮询开始 
[SYS] 2026/06/27 - 21:48:55 | 任务进度轮询完成 
[SYS] 2026/06/27 - 21:49:08 | syncing options from database 
[SYS] 2026/06/27 - 21:49:10 | 任务进度轮询开始 
[SYS] 2026/06/27 - 21:49:10 | 任务进度轮询完成 
[SYS] 2026/06/27 - 21:49:25 | 任务进度轮询开始 
[SYS] 2026/06/27 - 21:49:25 | 任务进度轮询完成 
[SYS] 2026/06/27 - 21:49:40 | 任务进度轮询开始 
[SYS] 2026/06/27 - 21:49:40 | 任务进度轮询完成 
[SYS] 2026/06/27 - 21:49:55 | 任务进度轮询开始 
[SYS] 2026/06/27 - 21:49:55 | 任务进度轮询完成 
[SYS] 2026/06/27 - 21:50:08 | syncing options from database 
[SYS] 2026/06/27 - 21:50:10 | 任务进度轮询开始 
[SYS] 2026/06/27 - 21:50:10 | 任务进度轮询完成 
[SYS] 2026/06/27 - 21:50:25 | 任务进度轮询开始 
[SYS] 2026/06/27 - 21:50:25 | 任务进度轮询完成 
[SYS] 2026/06/27 - 21:50:40 | 任务进度轮询开始 
[SYS] 2026/06/27 - 21:50:40 | 任务进度轮询完成 
[SYS] 2026/06/27 - 21:50:55 | 任务进度轮询开始 
[SYS] 2026/06/27 - 21:50:55 | 任务进度轮询完成 
[SYS] 2026/06/27 - 21:51:08 | syncing options from database 
[SYS] 2026/06/27 - 21:51:10 | 任务进度轮询开始 
[SYS] 2026/06/27 - 21:51:10 | 任务进度轮询完成 
[SYS] 2026/06/27 - 21:51:25 | 任务进度轮询开始 
[SYS] 2026/06/27 - 21:51:25 | 任务进度轮询完成 
[SYS] 2026/06/27 - 21:51:40 | 任务进度轮询开始 
[SYS] 2026/06/27 - 21:51:40 | 任务进度轮询完成 
[SYS] 2026/06/27 - 21:51:55 | 任务进度轮询开始 
[SYS] 2026/06/27 - 21:51:55 | 任务进度轮询完成 
[SYS] 2026/06/27 - 21:52:07 | 正在更新数据看板数据... 
[SYS] 2026/06/27 - 21:52:07 | 保存数据看板数据成功，共保存0条数据 
[SYS] 2026/06/27 - 21:52:08 | syncing options from database 
[SYS] 2026/06/27 - 21:52:10 | 任务进度轮询开始 
[SYS] 2026/06/27 - 21:52:10 | 任务进度轮询完成 
[SYS] 2026/06/27 - 21:52:25 | 任务进度轮询开始 
[SYS] 2026/06/27 - 21:52:25 | 任务进度轮询完成 
[SYS] 2026/06/27 - 21:52:40 | 任务进度轮询开始 
[SYS] 2026/06/27 - 21:52:40 | 任务进度轮询完成 
[SYS] 2026/06/27 - 21:52:55 | 任务进度轮询开始 
[SYS] 2026/06/27 - 21:52:55 | 任务进度轮询完成 
[SYS] 2026/06/27 - 21:53:08 | syncing options from database 
[SYS] 2026/06/27 - 21:53:10 | 任务进度轮询开始 
[SYS] 2026/06/27 - 21:53:10 | 任务进度轮询完成 
[SYS] 2026/06/27 - 21:53:25 | 任务进度轮询开始 
[SYS] 2026/06/27 - 21:53:25 | 任务进度轮询完成 
[SYS] 2026/06/27 - 21:53:40 | 任务进度轮询开始 
[SYS] 2026/06/27 - 21:53:40 | 任务进度轮询完成 
[SYS] 2026/06/27 - 21:53:55 | 任务进度轮询开始 
[SYS] 2026/06/27 - 21:53:55 | 任务进度轮询完成 
[SYS] 2026/06/27 - 21:54:08 | syncing options from database 
[SYS] 2026/06/27 - 21:54:10 | 任务进度轮询开始 
[SYS] 2026/06/27 - 21:54:10 | 任务进度轮询完成 
[SYS] 2026/06/27 - 21:54:25 | 任务进度轮询开始 
[SYS] 2026/06/27 - 21:54:25 | 任务进度轮询完成 
[SYS] 2026/06/27 - 21:54:40 | 任务进度轮询开始 
[SYS] 2026/06/27 - 21:54:40 | 任务进度轮询完成 
[SYS] 2026/06/27 - 21:54:55 | 任务进度轮询开始 
[SYS] 2026/06/27 - 21:54:55 | 任务进度轮询完成 
[SYS] 2026/06/27 - 21:55:08 | syncing options from database 
[SYS] 2026/06/27 - 21:55:10 | 任务进度轮询开始 
[SYS] 2026/06/27 - 21:55:10 | 任务进度轮询完成 
[SYS] 2026/06/27 - 21:55:25 | 任务进度轮询开始 
[SYS] 2026/06/27 - 21:55:25 | 任务进度轮询完成 
[SYS] 2026/06/27 - 21:55:40 | 任务进度轮询开始 
[SYS] 2026/06/27 - 21:55:40 | 任务进度轮询完成 
[SYS] 2026/06/27 - 21:55:55 | 任务进度轮询开始 
[SYS] 2026/06/27 - 21:55:55 | 任务进度轮询完成 
[SYS] 2026/06/27 - 21:56:08 | syncing options from database 
[SYS] 2026/06/27 - 21:56:10 | 任务进度轮询开始 
[SYS] 2026/06/27 - 21:56:10 | 任务进度轮询完成 
[SYS] 2026/06/27 - 21:56:25 | 任务进度轮询开始 
[SYS] 2026/06/27 - 21:56:25 | 任务进度轮询完成 
[SYS] 2026/06/27 - 21:56:40 | 任务进度轮询开始 
[SYS] 2026/06/27 - 21:56:40 | 任务进度轮询完成 
[SYS] 2026/06/27 - 21:56:55 | 任务进度轮询开始 
[SYS] 2026/06/27 - 21:56:55 | 任务进度轮询完成 
[SYS] 2026/06/27 - 21:57:07 | 正在更新数据看板数据... 
[SYS] 2026/06/27 - 21:57:07 | 保存数据看板数据成功，共保存0条数据 
[SYS] 2026/06/27 - 21:57:08 | syncing options from database 
[SYS] 2026/06/27 - 21:57:10 | 任务进度轮询开始 
[SYS] 2026/06/27 - 21:57:10 | 任务进度轮询完成 
[SYS] 2026/06/27 - 21:57:25 | 任务进度轮询开始 
[SYS] 2026/06/27 - 21:57:25 | 任务进度轮询完成 
[SYS] 2026/06/27 - 21:57:40 | 任务进度轮询开始 
[SYS] 2026/06/27 - 21:57:40 | 任务进度轮询完成 
[SYS] 2026/06/27 - 21:57:55 | 任务进度轮询开始 
[SYS] 2026/06/27 - 21:57:55 | 任务进度轮询完成 
[SYS] 2026/06/27 - 21:58:08 | syncing options from database 
[SYS] 2026/06/27 - 21:58:10 | 任务进度轮询开始 
[SYS] 2026/06/27 - 21:58:10 | 任务进度轮询完成 
[SYS] 2026/06/27 - 21:58:25 | 任务进度轮询开始 
[SYS] 2026/06/27 - 21:58:25 | 任务进度轮询完成 
[SYS] 2026/06/27 - 21:58:40 | 任务进度轮询开始 
[SYS] 2026/06/27 - 21:58:40 | 任务进度轮询完成 
[SYS] 2026/06/27 - 21:58:55 | 任务进度轮询开始 
[SYS] 2026/06/27 - 21:58:55 | 任务进度轮询完成 
[SYS] 2026/06/27 - 21:59:08 | syncing options from database 
[SYS] 2026/06/27 - 21:59:10 | 任务进度轮询开始 
[SYS] 2026/06/27 - 21:59:10 | 任务进度轮询完成 
[SYS] 2026/06/27 - 21:59:25 | 任务进度轮询开始 
[SYS] 2026/06/27 - 21:59:25 | 任务进度轮询完成 
[SYS] 2026/06/27 - 21:59:40 | 任务进度轮询开始 
[SYS] 2026/06/27 - 21:59:40 | 任务进度轮询完成 
[SYS] 2026/06/27 - 21:59:55 | 任务进度轮询开始 
[SYS] 2026/06/27 - 21:59:55 | 任务进度轮询完成 
[SYS] 2026/06/27 - 22:00:08 | syncing options from database 
[SYS] 2026/06/27 - 22:00:10 | 任务进度轮询开始 
[SYS] 2026/06/27 - 22:00:10 | 任务进度轮询完成 
[SYS] 2026/06/27 - 22:00:25 | 任务进度轮询开始 
[SYS] 2026/06/27 - 22:00:25 | 任务进度轮询完成 
[SYS] 2026/06/27 - 22:00:40 | 任务进度轮询开始 
[SYS] 2026/06/27 - 22:00:40 | 任务进度轮询完成 
[SYS] 2026/06/27 - 22:00:55 | 任务进度轮询开始 
[SYS] 2026/06/27 - 22:00:55 | 任务进度轮询完成 
[SYS] 2026/06/27 - 22:01:08 | syncing options from database 
[SYS] 2026/06/27 - 22:01:10 | 任务进度轮询开始 
[SYS] 2026/06/27 - 22:01:10 | 任务进度轮询完成 
[SYS] 2026/06/27 - 22:01:25 | 任务进度轮询开始 
[SYS] 2026/06/27 - 22:01:25 | 任务进度轮询完成 
[SYS] 2026/06/27 - 22:01:40 | 任务进度轮询开始 
[SYS] 2026/06/27 - 22:01:40 | 任务进度轮询完成 
[SYS] 2026/06/27 - 22:01:55 | 任务进度轮询开始 
[SYS] 2026/06/27 - 22:01:55 | 任务进度轮询完成 
[SYS] 2026/06/27 - 22:02:07 | 正在更新数据看板数据... 
[SYS] 2026/06/27 - 22:02:07 | 保存数据看板数据成功，共保存0条数据 
[SYS] 2026/06/27 - 22:02:08 | syncing options from database 
[SYS] 2026/06/27 - 22:02:10 | 任务进度轮询开始 
[SYS] 2026/06/27 - 22:02:10 | 任务进度轮询完成 
[SYS] 2026/06/27 - 22:02:25 | 任务进度轮询开始 
[SYS] 2026/06/27 - 22:02:25 | 任务进度轮询完成 
[SYS] 2026/06/27 - 22:02:40 | 任务进度轮询开始 
[SYS] 2026/06/27 - 22:02:40 | 任务进度轮询完成 
[SYS] 2026/06/27 - 22:02:55 | 任务进度轮询开始 
[SYS] 2026/06/27 - 22:02:55 | 任务进度轮询完成 
[SYS] 2026/06/27 - 22:03:08 | syncing options from database 
[SYS] 2026/06/27 - 22:03:10 | 任务进度轮询开始 
[SYS] 2026/06/27 - 22:03:10 | 任务进度轮询完成 
[SYS] 2026/06/27 - 22:03:25 | 任务进度轮询开始 
[SYS] 2026/06/27 - 22:03:25 | 任务进度轮询完成 
[SYS] 2026/06/27 - 22:03:40 | 任务进度轮询开始 
[SYS] 2026/06/27 - 22:03:40 | 任务进度轮询完成 
[SYS] 2026/06/27 - 22:03:55 | 任务进度轮询开始 
[SYS] 2026/06/27 - 22:03:55 | 任务进度轮询完成 
[SYS] 2026/06/27 - 22:04:08 | syncing options from database 
[SYS] 2026/06/27 - 22:04:10 | 任务进度轮询开始 
[SYS] 2026/06/27 - 22:04:10 | 任务进度轮询完成 
[SYS] 2026/06/27 - 22:04:25 | 任务进度轮询开始 
[SYS] 2026/06/27 - 22:04:25 | 任务进度轮询完成 
[SYS] 2026/06/27 - 22:04:40 | 任务进度轮询开始 
[SYS] 2026/06/27 - 22:04:40 | 任务进度轮询完成 
[SYS] 2026/06/27 - 22:04:55 | 任务进度轮询开始 
[SYS] 2026/06/27 - 22:04:55 | 任务进度轮询完成 
[SYS] 2026/06/27 - 22:05:08 | syncing options from database 
[SYS] 2026/06/27 - 22:05:10 | 任务进度轮询开始 
[SYS] 2026/06/27 - 22:05:10 | 任务进度轮询完成 
[SYS] 2026/06/27 - 22:05:25 | 任务进度轮询开始 
[SYS] 2026/06/27 - 22:05:25 | 任务进度轮询完成 
[SYS] 2026/06/27 - 22:05:40 | 任务进度轮询开始 
[SYS] 2026/06/27 - 22:05:40 | 任务进度轮询完成 
[SYS] 2026/06/27 - 22:05:55 | 任务进度轮询开始 
[SYS] 2026/06/27 - 22:05:55 | 任务进度轮询完成 
[SYS] 2026/06/27 - 22:06:08 | syncing options from database 
[SYS] 2026/06/27 - 22:06:10 | 任务进度轮询开始 
[SYS] 2026/06/27 - 22:06:10 | 任务进度轮询完成 
[SYS] 2026/06/27 - 22:06:25 | 任务进度轮询开始 
[SYS] 2026/06/27 - 22:06:25 | 任务进度轮询完成 
[SYS] 2026/06/27 - 22:06:40 | 任务进度轮询开始 
[SYS] 2026/06/27 - 22:06:40 | 任务进度轮询完成 
[SYS] 2026/06/27 - 22:06:55 | 任务进度轮询开始 
[SYS] 2026/06/27 - 22:06:55 | 任务进度轮询完成 
[SYS] 2026/06/27 - 22:07:07 | 正在更新数据看板数据... 
[SYS] 2026/06/27 - 22:07:07 | 保存数据看板数据成功，共保存0条数据 
[SYS] 2026/06/27 - 22:07:08 | syncing options from database 
[SYS] 2026/06/27 - 22:07:10 | 任务进度轮询开始 
[SYS] 2026/06/27 - 22:07:10 | 任务进度轮询完成 
[SYS] 2026/06/27 - 22:07:25 | 任务进度轮询开始 
[SYS] 2026/06/27 - 22:07:25 | 任务进度轮询完成 
[SYS] 2026/06/27 - 22:07:40 | 任务进度轮询开始 
[SYS] 2026/06/27 - 22:07:40 | 任务进度轮询完成 
[SYS] 2026/06/27 - 22:07:55 | 任务进度轮询开始 
[SYS] 2026/06/27 - 22:07:55 | 任务进度轮询完成 
[SYS] 2026/06/27 - 22:08:08 | syncing options from database 
[SYS] 2026/06/27 - 22:08:10 | 任务进度轮询开始 
[SYS] 2026/06/27 - 22:08:10 | 任务进度轮询完成 
[SYS] 2026/06/27 - 22:08:25 | 任务进度轮询开始 
[SYS] 2026/06/27 - 22:08:25 | 任务进度轮询完成 
[SYS] 2026/06/27 - 22:08:40 | 任务进度轮询开始 
[SYS] 2026/06/27 - 22:08:40 | 任务进度轮询完成 
[SYS] 2026/06/27 - 22:08:55 | 任务进度轮询开始 
[SYS] 2026/06/27 - 22:08:55 | 任务进度轮询完成 
[SYS] 2026/06/27 - 22:09:08 | syncing options from database 
[SYS] 2026/06/27 - 22:09:10 | 任务进度轮询开始 
[SYS] 2026/06/27 - 22:09:10 | 任务进度轮询完成 
[SYS] 2026/06/27 - 22:09:25 | 任务进度轮询开始 
[SYS] 2026/06/27 - 22:09:25 | 任务进度轮询完成 
[SYS] 2026/06/27 - 22:09:40 | 任务进度轮询开始 
[SYS] 2026/06/27 - 22:09:40 | 任务进度轮询完成 
[SYS] 2026/06/27 - 22:09:55 | 任务进度轮询开始 
[SYS] 2026/06/27 - 22:09:55 | 任务进度轮询完成 
[SYS] 2026/06/27 - 22:10:08 | syncing options from database 
[SYS] 2026/06/27 - 22:10:10 | 任务进度轮询开始 
[SYS] 2026/06/27 - 22:10:10 | 任务进度轮询完成 
[SYS] 2026/06/27 - 22:10:25 | 任务进度轮询开始 
[SYS] 2026/06/27 - 22:10:25 | 任务进度轮询完成 
[SYS] 2026/06/27 - 22:10:40 | 任务进度轮询开始 
[SYS] 2026/06/27 - 22:10:40 | 任务进度轮询完成 
[SYS] 2026/06/27 - 22:10:55 | 任务进度轮询开始 
[SYS] 2026/06/27 - 22:10:55 | 任务进度轮询完成 
[SYS] 2026/06/27 - 22:11:08 | syncing options from database 
[SYS] 2026/06/27 - 22:11:10 | 任务进度轮询开始 
[SYS] 2026/06/27 - 22:11:10 | 任务进度轮询完成 
[SYS] 2026/06/27 - 22:11:25 | 任务进度轮询开始 
[SYS] 2026/06/27 - 22:11:25 | 任务进度轮询完成 
[SYS] 2026/06/27 - 22:11:40 | 任务进度轮询开始 
[SYS] 2026/06/27 - 22:11:40 | 任务进度轮询完成 
[SYS] 2026/06/27 - 22:11:55 | 任务进度轮询开始 
[SYS] 2026/06/27 - 22:11:55 | 任务进度轮询完成 
[SYS] 2026/06/27 - 22:12:07 | 正在更新数据看板数据... 
[SYS] 2026/06/27 - 22:12:07 | 保存数据看板数据成功，共保存0条数据 
[SYS] 2026/06/27 - 22:12:08 | syncing options from database 
[SYS] 2026/06/27 - 22:12:10 | 任务进度轮询开始 
[SYS] 2026/06/27 - 22:12:10 | 任务进度轮询完成 
[SYS] 2026/06/27 - 22:12:25 | 任务进度轮询开始 
[SYS] 2026/06/27 - 22:12:25 | 任务进度轮询完成 
[SYS] 2026/06/27 - 22:12:40 | 任务进度轮询开始 
[SYS] 2026/06/27 - 22:12:40 | 任务进度轮询完成 
[SYS] 2026/06/27 - 22:12:55 | 任务进度轮询开始 
[SYS] 2026/06/27 - 22:12:55 | 任务进度轮询完成 
[SYS] 2026/06/27 - 22:13:08 | syncing options from database 
[SYS] 2026/06/27 - 22:13:10 | 任务进度轮询开始 
[SYS] 2026/06/27 - 22:13:10 | 任务进度轮询完成 
[SYS] 2026/06/27 - 22:13:25 | 任务进度轮询开始 
[SYS] 2026/06/27 - 22:13:25 | 任务进度轮询完成 
[SYS] 2026/06/27 - 22:13:40 | 任务进度轮询开始 
[SYS] 2026/06/27 - 22:13:40 | 任务进度轮询完成 
[SYS] 2026/06/27 - 22:13:55 | 任务进度轮询开始 
[SYS] 2026/06/27 - 22:13:55 | 任务进度轮询完成 
[SYS] 2026/06/27 - 22:14:08 | syncing options from database 
[SYS] 2026/06/27 - 22:14:10 | 任务进度轮询开始 
[SYS] 2026/06/27 - 22:14:10 | 任务进度轮询完成 
[SYS] 2026/06/27 - 22:14:25 | 任务进度轮询开始 
[SYS] 2026/06/27 - 22:14:25 | 任务进度轮询完成 
[SYS] 2026/06/27 - 22:14:40 | 任务进度轮询开始 
[SYS] 2026/06/27 - 22:14:40 | 任务进度轮询完成 
[SYS] 2026/06/27 - 22:14:55 | 任务进度轮询开始 
[SYS] 2026/06/27 - 22:14:55 | 任务进度轮询完成 
[SYS] 2026/06/27 - 22:15:08 | syncing options from database 
[SYS] 2026/06/27 - 22:15:10 | 任务进度轮询开始 
[SYS] 2026/06/27 - 22:15:10 | 任务进度轮询完成 
[SYS] 2026/06/27 - 22:15:25 | 任务进度轮询开始 
[SYS] 2026/06/27 - 22:15:25 | 任务进度轮询完成 
[SYS] 2026/06/27 - 22:15:40 | 任务进度轮询开始 
[SYS] 2026/06/27 - 22:15:40 | 任务进度轮询完成 
[SYS] 2026/06/27 - 22:15:55 | 任务进度轮询开始 
[SYS] 2026/06/27 - 22:15:55 | 任务进度轮询完成 
[SYS] 2026/06/27 - 22:16:08 | syncing options from database 
[SYS] 2026/06/27 - 22:16:10 | 任务进度轮询开始 
[SYS] 2026/06/27 - 22:16:10 | 任务进度轮询完成 
[SYS] 2026/06/27 - 22:16:25 | 任务进度轮询开始 
[SYS] 2026/06/27 - 22:16:25 | 任务进度轮询完成 
[SYS] 2026/06/27 - 22:16:40 | 任务进度轮询开始 
[SYS] 2026/06/27 - 22:16:40 | 任务进度轮询完成 
[SYS] 2026/06/27 - 22:16:55 | 任务进度轮询开始 
[SYS] 2026/06/27 - 22:16:55 | 任务进度轮询完成 
[SYS] 2026/06/27 - 22:17:07 | 正在更新数据看板数据... 
[SYS] 2026/06/27 - 22:17:07 | 保存数据看板数据成功，共保存0条数据 
[SYS] 2026/06/27 - 22:17:08 | syncing options from database 
[SYS] 2026/06/27 - 22:17:10 | 任务进度轮询开始 
[SYS] 2026/06/27 - 22:17:10 | 任务进度轮询完成 
[SYS] 2026/06/27 - 22:17:25 | 任务进度轮询开始 
[SYS] 2026/06/27 - 22:17:25 | 任务进度轮询完成 
[SYS] 2026/06/27 - 22:17:40 | 任务进度轮询开始 
[SYS] 2026/06/27 - 22:17:40 | 任务进度轮询完成 
[SYS] 2026/06/27 - 22:17:55 | 任务进度轮询开始 
[SYS] 2026/06/27 - 22:17:55 | 任务进度轮询完成 
[SYS] 2026/06/27 - 22:18:08 | syncing options from database 
[SYS] 2026/06/27 - 22:18:10 | 任务进度轮询开始 
[SYS] 2026/06/27 - 22:18:10 | 任务进度轮询完成 
[SYS] 2026/06/27 - 22:18:25 | 任务进度轮询开始 
[SYS] 2026/06/27 - 22:18:25 | 任务进度轮询完成 
[SYS] 2026/06/27 - 22:18:40 | 任务进度轮询开始 
[SYS] 2026/06/27 - 22:18:40 | 任务进度轮询完成 
[SYS] 2026/06/27 - 22:18:55 | 任务进度轮询开始 
[SYS] 2026/06/27 - 22:18:55 | 任务进度轮询完成 
[SYS] 2026/06/27 - 22:19:08 | syncing options from database 
[SYS] 2026/06/27 - 22:19:10 | 任务进度轮询开始 
[SYS] 2026/06/27 - 22:19:10 | 任务进度轮询完成 
[SYS] 2026/06/27 - 22:19:25 | 任务进度轮询开始 
[SYS] 2026/06/27 - 22:19:25 | 任务进度轮询完成 
[SYS] 2026/06/27 - 22:19:40 | 任务进度轮询开始 
[SYS] 2026/06/27 - 22:19:40 | 任务进度轮询完成 
[SYS] 2026/06/27 - 22:19:55 | 任务进度轮询开始 
[SYS] 2026/06/27 - 22:19:55 | 任务进度轮询完成 
[SYS] 2026/06/27 - 22:20:08 | syncing options from database 
[SYS] 2026/06/27 - 22:20:10 | 任务进度轮询开始 
[SYS] 2026/06/27 - 22:20:10 | 任务进度轮询完成 
[SYS] 2026/06/27 - 22:20:25 | 任务进度轮询开始 
[SYS] 2026/06/27 - 22:20:25 | 任务进度轮询完成 
[SYS] 2026/06/27 - 22:20:40 | 任务进度轮询开始 
[SYS] 2026/06/27 - 22:20:40 | 任务进度轮询完成 
[SYS] 2026/06/27 - 22:20:55 | 任务进度轮询开始 
[SYS] 2026/06/27 - 22:20:55 | 任务进度轮询完成 
[SYS] 2026/06/27 - 22:21:08 | syncing options from database 
[SYS] 2026/06/27 - 22:21:10 | 任务进度轮询开始 
[SYS] 2026/06/27 - 22:21:10 | 任务进度轮询完成 
[SYS] 2026/06/27 - 22:21:25 | 任务进度轮询开始 
[SYS] 2026/06/27 - 22:21:25 | 任务进度轮询完成 
[SYS] 2026/06/27 - 22:21:40 | 任务进度轮询开始 
[SYS] 2026/06/27 - 22:21:40 | 任务进度轮询完成 
[SYS] 2026/06/27 - 22:21:55 | 任务进度轮询开始 
[SYS] 2026/06/27 - 22:21:55 | 任务进度轮询完成 
[SYS] 2026/06/27 - 22:22:07 | 正在更新数据看板数据... 
[SYS] 2026/06/27 - 22:22:07 | 保存数据看板数据成功，共保存0条数据 
[SYS] 2026/06/27 - 22:22:08 | syncing options from database 
[SYS] 2026/06/27 - 22:22:10 | 任务进度轮询开始 
[SYS] 2026/06/27 - 22:22:10 | 任务进度轮询完成 
[SYS] 2026/06/27 - 22:22:25 | 任务进度轮询开始 
[SYS] 2026/06/27 - 22:22:25 | 任务进度轮询完成 
[SYS] 2026/06/27 - 22:22:40 | 任务进度轮询开始 
[SYS] 2026/06/27 - 22:22:40 | 任务进度轮询完成 
[SYS] 2026/06/27 - 22:22:55 | 任务进度轮询开始 
[SYS] 2026/06/27 - 22:22:55 | 任务进度轮询完成 
[SYS] 2026/06/27 - 22:23:08 | syncing options from database 
[SYS] 2026/06/27 - 22:23:10 | 任务进度轮询开始 
[SYS] 2026/06/27 - 22:23:10 | 任务进度轮询完成 
[SYS] 2026/06/27 - 22:23:25 | 任务进度轮询开始 
[SYS] 2026/06/27 - 22:23:25 | 任务进度轮询完成 
[SYS] 2026/06/27 - 22:23:40 | 任务进度轮询开始 
[SYS] 2026/06/27 - 22:23:40 | 任务进度轮询完成 
[SYS] 2026/06/27 - 22:23:55 | 任务进度轮询开始 
[SYS] 2026/06/27 - 22:23:55 | 任务进度轮询完成 
[SYS] 2026/06/27 - 22:24:08 | syncing options from database 
[SYS] 2026/06/27 - 22:24:10 | 任务进度轮询开始 
[SYS] 2026/06/27 - 22:24:10 | 任务进度轮询完成 
[SYS] 2026/06/27 - 22:24:25 | 任务进度轮询开始 
[SYS] 2026/06/27 - 22:24:25 | 任务进度轮询完成 
[SYS] 2026/06/27 - 22:24:40 | 任务进度轮询开始 
[SYS] 2026/06/27 - 22:24:40 | 任务进度轮询完成 
[SYS] 2026/06/27 - 22:24:55 | 任务进度轮询开始 
[SYS] 2026/06/27 - 22:24:55 | 任务进度轮询完成 
[SYS] 2026/06/27 - 22:25:08 | syncing options from database 
[SYS] 2026/06/27 - 22:25:10 | 任务进度轮询开始 
[SYS] 2026/06/27 - 22:25:10 | 任务进度轮询完成 
[SYS] 2026/06/27 - 22:25:25 | 任务进度轮询开始 
[SYS] 2026/06/27 - 22:25:25 | 任务进度轮询完成 
[SYS] 2026/06/27 - 22:25:40 | 任务进度轮询开始 
[SYS] 2026/06/27 - 22:25:40 | 任务进度轮询完成 
[SYS] 2026/06/27 - 22:25:55 | 任务进度轮询开始 
[SYS] 2026/06/27 - 22:25:55 | 任务进度轮询完成 
[SYS] 2026/06/27 - 22:26:08 | syncing options from database 
[SYS] 2026/06/27 - 22:26:10 | 任务进度轮询开始 
[SYS] 2026/06/27 - 22:26:10 | 任务进度轮询完成 
[SYS] 2026/06/27 - 22:26:25 | 任务进度轮询开始 
[SYS] 2026/06/27 - 22:26:25 | 任务进度轮询完成 
[SYS] 2026/06/27 - 22:26:40 | 任务进度轮询开始 
[SYS] 2026/06/27 - 22:26:40 | 任务进度轮询完成 
[SYS] 2026/06/27 - 22:26:55 | 任务进度轮询开始 
[SYS] 2026/06/27 - 22:26:55 | 任务进度轮询完成 
[SYS] 2026/06/27 - 22:27:07 | 正在更新数据看板数据... 
[SYS] 2026/06/27 - 22:27:07 | 保存数据看板数据成功，共保存0条数据 
[SYS] 2026/06/27 - 22:27:08 | syncing options from database 
[SYS] 2026/06/27 - 22:27:10 | 任务进度轮询开始 
[SYS] 2026/06/27 - 22:27:10 | 任务进度轮询完成 
[SYS] 2026/06/27 - 22:27:25 | 任务进度轮询开始 
[SYS] 2026/06/27 - 22:27:25 | 任务进度轮询完成 
[SYS] 2026/06/27 - 22:27:40 | 任务进度轮询开始 
[SYS] 2026/06/27 - 22:27:40 | 任务进度轮询完成 
[SYS] 2026/06/27 - 22:27:55 | 任务进度轮询开始 
[SYS] 2026/06/27 - 22:27:55 | 任务进度轮询完成 
[SYS] 2026/06/27 - 22:28:08 | syncing options from database 
[SYS] 2026/06/27 - 22:28:10 | 任务进度轮询开始 
[SYS] 2026/06/27 - 22:28:10 | 任务进度轮询完成 
[SYS] 2026/06/27 - 22:28:25 | 任务进度轮询开始 
[SYS] 2026/06/27 - 22:28:25 | 任务进度轮询完成 
[SYS] 2026/06/27 - 22:28:40 | 任务进度轮询开始 
[SYS] 2026/06/27 - 22:28:40 | 任务进度轮询完成 
[SYS] 2026/06/27 - 22:28:55 | 任务进度轮询开始 
[SYS] 2026/06/27 - 22:28:55 | 任务进度轮询完成 
[SYS] 2026/06/27 - 22:29:08 | syncing options from database 
[SYS] 2026/06/27 - 22:29:10 | 任务进度轮询开始 
[SYS] 2026/06/27 - 22:29:10 | 任务进度轮询完成 
[SYS] 2026/06/27 - 22:29:25 | 任务进度轮询开始 
[SYS] 2026/06/27 - 22:29:25 | 任务进度轮询完成 
[SYS] 2026/06/27 - 22:29:40 | 任务进度轮询开始 
[SYS] 2026/06/27 - 22:29:40 | 任务进度轮询完成 
[SYS] 2026/06/27 - 22:29:55 | 任务进度轮询开始 
[SYS] 2026/06/27 - 22:29:55 | 任务进度轮询完成 
[SYS] 2026/06/27 - 22:30:08 | syncing options from database 
[SYS] 2026/06/27 - 22:30:10 | 任务进度轮询开始 
[SYS] 2026/06/27 - 22:30:10 | 任务进度轮询完成 
[SYS] 2026/06/27 - 22:30:25 | 任务进度轮询开始 
[SYS] 2026/06/27 - 22:30:25 | 任务进度轮询完成 
[SYS] 2026/06/27 - 22:30:40 | 任务进度轮询开始 
[SYS] 2026/06/27 - 22:30:40 | 任务进度轮询完成 
[SYS] 2026/06/27 - 22:30:55 | 任务进度轮询开始 
[SYS] 2026/06/27 - 22:30:55 | 任务进度轮询完成 
[SYS] 2026/06/27 - 22:31:08 | syncing options from database 
[SYS] 2026/06/27 - 22:31:10 | 任务进度轮询开始 
[SYS] 2026/06/27 - 22:31:10 | 任务进度轮询完成 
[SYS] 2026/06/27 - 22:31:25 | 任务进度轮询开始 
[SYS] 2026/06/27 - 22:31:25 | 任务进度轮询完成 
[SYS] 2026/06/27 - 22:31:40 | 任务进度轮询开始 
[SYS] 2026/06/27 - 22:31:40 | 任务进度轮询完成 
[SYS] 2026/06/27 - 22:31:55 | 任务进度轮询开始 
[SYS] 2026/06/27 - 22:31:55 | 任务进度轮询完成 
[SYS] 2026/06/27 - 22:32:07 | 正在更新数据看板数据... 
[SYS] 2026/06/27 - 22:32:07 | 保存数据看板数据成功，共保存0条数据 
[SYS] 2026/06/27 - 22:32:08 | syncing options from database 
[SYS] 2026/06/27 - 22:32:10 | 任务进度轮询开始 
[SYS] 2026/06/27 - 22:32:10 | 任务进度轮询完成 
[SYS] 2026/06/27 - 22:32:25 | 任务进度轮询开始 
[SYS] 2026/06/27 - 22:32:25 | 任务进度轮询完成 
[SYS] 2026/06/27 - 22:32:40 | 任务进度轮询开始 
[SYS] 2026/06/27 - 22:32:40 | 任务进度轮询完成 
[SYS] 2026/06/27 - 22:32:55 | 任务进度轮询开始 
[SYS] 2026/06/27 - 22:32:55 | 任务进度轮询完成 
[SYS] 2026/06/27 - 22:33:08 | syncing options from database 
[SYS] 2026/06/27 - 22:33:10 | 任务进度轮询开始 
[SYS] 2026/06/27 - 22:33:10 | 任务进度轮询完成 
[SYS] 2026/06/27 - 22:33:25 | 任务进度轮询开始 
[SYS] 2026/06/27 - 22:33:25 | 任务进度轮询完成 
[SYS] 2026/06/27 - 22:33:40 | 任务进度轮询开始 
[SYS] 2026/06/27 - 22:33:40 | 任务进度轮询完成 
[SYS] 2026/06/27 - 22:33:55 | 任务进度轮询开始 
[SYS] 2026/06/27 - 22:33:55 | 任务进度轮询完成 
[SYS] 2026/06/27 - 22:34:08 | syncing options from database 
[SYS] 2026/06/27 - 22:34:10 | 任务进度轮询开始 
[SYS] 2026/06/27 - 22:34:10 | 任务进度轮询完成 
[SYS] 2026/06/27 - 22:34:25 | 任务进度轮询开始 
[SYS] 2026/06/27 - 22:34:25 | 任务进度轮询完成 
[SYS] 2026/06/27 - 22:34:40 | 任务进度轮询开始 
[SYS] 2026/06/27 - 22:34:40 | 任务进度轮询完成 
[SYS] 2026/06/27 - 22:34:55 | 任务进度轮询开始 
[SYS] 2026/06/27 - 22:34:55 | 任务进度轮询完成 
[SYS] 2026/06/27 - 22:35:08 | syncing options from database 
[SYS] 2026/06/27 - 22:35:10 | 任务进度轮询开始 
[SYS] 2026/06/27 - 22:35:10 | 任务进度轮询完成 
[SYS] 2026/06/27 - 22:35:25 | 任务进度轮询开始 
[SYS] 2026/06/27 - 22:35:25 | 任务进度轮询完成 
[SYS] 2026/06/27 - 22:35:40 | 任务进度轮询开始 
[SYS] 2026/06/27 - 22:35:40 | 任务进度轮询完成 
[SYS] 2026/06/27 - 22:35:55 | 任务进度轮询开始 
[SYS] 2026/06/27 - 22:35:55 | 任务进度轮询完成 
[SYS] 2026/06/27 - 22:36:08 | syncing options from database 
[SYS] 2026/06/27 - 22:36:10 | 任务进度轮询开始 
[SYS] 2026/06/27 - 22:36:10 | 任务进度轮询完成 
[SYS] 2026/06/27 - 22:36:25 | 任务进度轮询开始 
[SYS] 2026/06/27 - 22:36:25 | 任务进度轮询完成 
[SYS] 2026/06/27 - 22:36:40 | 任务进度轮询开始 
[SYS] 2026/06/27 - 22:36:40 | 任务进度轮询完成 
[SYS] 2026/06/27 - 22:36:55 | 任务进度轮询开始 
[SYS] 2026/06/27 - 22:36:55 | 任务进度轮询完成 
[SYS] 2026/06/27 - 22:37:07 | 正在更新数据看板数据... 
[SYS] 2026/06/27 - 22:37:07 | 保存数据看板数据成功，共保存0条数据 
[SYS] 2026/06/27 - 22:37:08 | syncing options from database 
[SYS] 2026/06/27 - 22:37:10 | 任务进度轮询开始 
[SYS] 2026/06/27 - 22:37:10 | 任务进度轮询完成 
[SYS] 2026/06/27 - 22:37:25 | 任务进度轮询开始 
[SYS] 2026/06/27 - 22:37:25 | 任务进度轮询完成 
[SYS] 2026/06/27 - 22:37:40 | 任务进度轮询开始 
[SYS] 2026/06/27 - 22:37:40 | 任务进度轮询完成 
[SYS] 2026/06/27 - 22:37:55 | 任务进度轮询开始 
[SYS] 2026/06/27 - 22:37:55 | 任务进度轮询完成 
[SYS] 2026/06/27 - 22:38:08 | syncing options from database 
[SYS] 2026/06/27 - 22:38:10 | 任务进度轮询开始 
[SYS] 2026/06/27 - 22:38:10 | 任务进度轮询完成 
[SYS] 2026/06/27 - 22:38:25 | 任务进度轮询开始 
[SYS] 2026/06/27 - 22:38:25 | 任务进度轮询完成 
[SYS] 2026/06/27 - 22:38:40 | 任务进度轮询开始 
[SYS] 2026/06/27 - 22:38:40 | 任务进度轮询完成 
[SYS] 2026/06/27 - 22:38:55 | 任务进度轮询开始 
[SYS] 2026/06/27 - 22:38:55 | 任务进度轮询完成 
[SYS] 2026/06/27 - 22:39:08 | syncing options from database 
[SYS] 2026/06/27 - 22:39:10 | 任务进度轮询开始 
[SYS] 2026/06/27 - 22:39:10 | 任务进度轮询完成 
[SYS] 2026/06/27 - 22:39:25 | 任务进度轮询开始 
[SYS] 2026/06/27 - 22:39:25 | 任务进度轮询完成 
[SYS] 2026/06/27 - 22:39:40 | 任务进度轮询开始 
[SYS] 2026/06/27 - 22:39:40 | 任务进度轮询完成 
[SYS] 2026/06/27 - 22:39:55 | 任务进度轮询开始 
[SYS] 2026/06/27 - 22:39:55 | 任务进度轮询完成 
[SYS] 2026/06/27 - 22:40:08 | syncing options from database 
[SYS] 2026/06/27 - 22:40:10 | 任务进度轮询开始 
[SYS] 2026/06/27 - 22:40:10 | 任务进度轮询完成 
[SYS] 2026/06/27 - 22:40:25 | 任务进度轮询开始 
[SYS] 2026/06/27 - 22:40:25 | 任务进度轮询完成 
[SYS] 2026/06/27 - 22:40:40 | 任务进度轮询开始 
[SYS] 2026/06/27 - 22:40:40 | 任务进度轮询完成 
[SYS] 2026/06/27 - 22:40:55 | 任务进度轮询开始 
[SYS] 2026/06/27 - 22:40:55 | 任务进度轮询完成 
[GIN] 2026/06/27 - 22:41:05 | web | 20260627144105276637148268d9d6XpKltMyt | 200 |    3.194732ms |    207.46.13.17 |     GET /
[SYS] 2026/06/27 - 22:41:08 | syncing options from database 
[SYS] 2026/06/27 - 22:41:10 | 任务进度轮询开始 
[SYS] 2026/06/27 - 22:41:10 | 任务进度轮询完成 
[SYS] 2026/06/27 - 22:41:25 | 任务进度轮询开始 
[SYS] 2026/06/27 - 22:41:25 | 任务进度轮询完成 
[SYS] 2026/06/27 - 22:41:40 | 任务进度轮询开始 
[SYS] 2026/06/27 - 22:41:40 | 任务进度轮询完成 
[SYS] 2026/06/27 - 22:41:55 | 任务进度轮询开始 
[SYS] 2026/06/27 - 22:41:55 | 任务进度轮询完成 
[SYS] 2026/06/27 - 22:42:07 | 正在更新数据看板数据... 
[SYS] 2026/06/27 - 22:42:07 | 保存数据看板数据成功，共保存0条数据 
[SYS] 2026/06/27 - 22:42:08 | syncing options from database 
[SYS] 2026/06/27 - 22:42:10 | 任务进度轮询开始 
[SYS] 2026/06/27 - 22:42:10 | 任务进度轮询完成 
[SYS] 2026/06/27 - 22:42:25 | 任务进度轮询开始 
[SYS] 2026/06/27 - 22:42:25 | 任务进度轮询完成 
[SYS] 2026/06/27 - 22:42:40 | 任务进度轮询开始 
[SYS] 2026/06/27 - 22:42:40 | 任务进度轮询完成 
[SYS] 2026/06/27 - 22:42:55 | 任务进度轮询开始 
[SYS] 2026/06/27 - 22:42:55 | 任务进度轮询完成 
[SYS] 2026/06/27 - 22:43:08 | syncing options from database 
[SYS] 2026/06/27 - 22:43:10 | 任务进度轮询开始 
[SYS] 2026/06/27 - 22:43:10 | 任务进度轮询完成 
[SYS] 2026/06/27 - 22:43:25 | 任务进度轮询开始 
[SYS] 2026/06/27 - 22:43:25 | 任务进度轮询完成 
[SYS] 2026/06/27 - 22:43:40 | 任务进度轮询开始 
[SYS] 2026/06/27 - 22:43:40 | 任务进度轮询完成 
[SYS] 2026/06/27 - 22:43:55 | 任务进度轮询开始 
[SYS] 2026/06/27 - 22:43:55 | 任务进度轮询完成 
[SYS] 2026/06/27 - 22:44:08 | syncing options from database 
[SYS] 2026/06/27 - 22:44:10 | 任务进度轮询开始 
[SYS] 2026/06/27 - 22:44:10 | 任务进度轮询完成 
[SYS] 2026/06/27 - 22:44:25 | 任务进度轮询开始 
[SYS] 2026/06/27 - 22:44:25 | 任务进度轮询完成 
[SYS] 2026/06/27 - 22:44:40 | 任务进度轮询开始 
[SYS] 2026/06/27 - 22:44:40 | 任务进度轮询完成 
[GIN] 2026/06/27 - 22:44:53 | api | 202606271444534088738358268d9d6IFT9gEtX | 200 |    4.778166ms |  112.116.89.159 |    POST /api/user/login
[GIN] 2026/06/27 - 22:44:53 | api | 202606271444534543879608268d9d6PXlXOl3q | 200 |   14.291596ms |  112.116.89.159 |    POST /api/user/login
[SYS] 2026/06/27 - 22:44:55 | 任务进度轮询开始 
[SYS] 2026/06/27 - 22:44:55 | 任务进度轮询完成 
[SYS] 2026/06/27 - 22:45:08 | syncing options from database 
[SYS] 2026/06/27 - 22:45:10 | 任务进度轮询开始 
[SYS] 2026/06/27 - 22:45:10 | 任务进度轮询完成 
[SYS] 2026/06/27 - 22:45:25 | 任务进度轮询开始 
[SYS] 2026/06/27 - 22:45:25 | 任务进度轮询完成 
[SYS] 2026/06/27 - 22:45:40 | 任务进度轮询开始 
[SYS] 2026/06/27 - 22:45:40 | 任务进度轮询完成 
[SYS] 2026/06/27 - 22:45:55 | 任务进度轮询开始 
[SYS] 2026/06/27 - 22:45:55 | 任务进度轮询完成 
[SYS] 2026/06/27 - 22:46:08 | syncing options from database 
[SYS] 2026/06/27 - 22:46:10 | 任务进度轮询开始 
[SYS] 2026/06/27 - 22:46:10 | 任务进度轮询完成 
[SYS] 2026/06/27 - 22:46:25 | 任务进度轮询开始 
[SYS] 2026/06/27 - 22:46:25 | 任务进度轮询完成 
[SYS] 2026/06/27 - 22:46:40 | 任务进度轮询开始 
[SYS] 2026/06/27 - 22:46:40 | 任务进度轮询完成 
[SYS] 2026/06/27 - 22:46:55 | 任务进度轮询开始 
[SYS] 2026/06/27 - 22:46:55 | 任务进度轮询完成 
[SYS] 2026/06/27 - 22:47:07 | 正在更新数据看板数据... 
[SYS] 2026/06/27 - 22:47:07 | 保存数据看板数据成功，共保存0条数据 
[SYS] 2026/06/27 - 22:47:08 | syncing options from database 
[SYS] 2026/06/27 - 22:47:10 | 任务进度轮询开始 
[SYS] 2026/06/27 - 22:47:10 | 任务进度轮询完成 
[SYS] 2026/06/27 - 22:47:25 | 任务进度轮询开始 
[SYS] 2026/06/27 - 22:47:25 | 任务进度轮询完成 
[SYS] 2026/06/27 - 22:47:40 | 任务进度轮询开始 
[SYS] 2026/06/27 - 22:47:40 | 任务进度轮询完成 
[SYS] 2026/06/27 - 22:47:55 | 任务进度轮询开始 
[SYS] 2026/06/27 - 22:47:55 | 任务进度轮询完成 
[SYS] 2026/06/27 - 22:48:08 | syncing options from database 
[SYS] 2026/06/27 - 22:48:10 | 任务进度轮询开始 
[SYS] 2026/06/27 - 22:48:10 | 任务进度轮询完成 
[SYS] 2026/06/27 - 22:48:25 | 任务进度轮询开始 
[SYS] 2026/06/27 - 22:48:25 | 任务进度轮询完成 
[SYS] 2026/06/27 - 22:48:40 | 任务进度轮询开始 
[SYS] 2026/06/27 - 22:48:40 | 任务进度轮询完成 
[SYS] 2026/06/27 - 22:48:55 | 任务进度轮询开始 
[SYS] 2026/06/27 - 22:48:55 | 任务进度轮询完成 
[SYS] 2026/06/27 - 22:49:08 | syncing options from database 
[SYS] 2026/06/27 - 22:49:10 | 任务进度轮询开始 
[SYS] 2026/06/27 - 22:49:10 | 任务进度轮询完成 
[SYS] 2026/06/27 - 22:49:25 | 任务进度轮询开始 
[SYS] 2026/06/27 - 22:49:25 | 任务进度轮询完成 
[SYS] 2026/06/27 - 22:49:40 | 任务进度轮询开始 
[SYS] 2026/06/27 - 22:49:40 | 任务进度轮询完成 
[SYS] 2026/06/27 - 22:49:55 | 任务进度轮询开始 
[SYS] 2026/06/27 - 22:49:55 | 任务进度轮询完成 
[SYS] 2026/06/27 - 22:50:08 | syncing options from database 
[SYS] 2026/06/27 - 22:50:10 | 任务进度轮询开始 
[SYS] 2026/06/27 - 22:50:10 | 任务进度轮询完成 
[SYS] 2026/06/27 - 22:50:25 | 任务进度轮询开始 
[SYS] 2026/06/27 - 22:50:25 | 任务进度轮询完成 
[SYS] 2026/06/27 - 22:50:40 | 任务进度轮询开始 
[SYS] 2026/06/27 - 22:50:40 | 任务进度轮询完成 
[SYS] 2026/06/27 - 22:50:55 | 任务进度轮询开始 
[SYS] 2026/06/27 - 22:50:55 | 任务进度轮询完成 
[SYS] 2026/06/27 - 22:51:08 | syncing options from database 
[SYS] 2026/06/27 - 22:51:10 | 任务进度轮询开始 
[SYS] 2026/06/27 - 22:51:10 | 任务进度轮询完成 
[SYS] 2026/06/27 - 22:51:25 | 任务进度轮询开始 
[SYS] 2026/06/27 - 22:51:25 | 任务进度轮询完成 
[SYS] 2026/06/27 - 22:51:40 | 任务进度轮询开始 
[SYS] 2026/06/27 - 22:51:40 | 任务进度轮询完成 
[SYS] 2026/06/27 - 22:51:55 | 任务进度轮询开始 
[SYS] 2026/06/27 - 22:51:55 | 任务进度轮询完成 
[SYS] 2026/06/27 - 22:52:07 | 正在更新数据看板数据... 
[SYS] 2026/06/27 - 22:52:07 | 保存数据看板数据成功，共保存0条数据 
[SYS] 2026/06/27 - 22:52:08 | syncing options from database 
[SYS] 2026/06/27 - 22:52:10 | 任务进度轮询开始 
[SYS] 2026/06/27 - 22:52:10 | 任务进度轮询完成 
[SYS] 2026/06/27 - 22:52:25 | 任务进度轮询开始 
[SYS] 2026/06/27 - 22:52:25 | 任务进度轮询完成 
[SYS] 2026/06/27 - 22:52:40 | 任务进度轮询开始 
[SYS] 2026/06/27 - 22:52:40 | 任务进度轮询完成 
[SYS] 2026/06/27 - 22:52:55 | 任务进度轮询开始 
[SYS] 2026/06/27 - 22:52:55 | 任务进度轮询完成 
[SYS] 2026/06/27 - 22:53:08 | syncing options from database 
[SYS] 2026/06/27 - 22:53:10 | 任务进度轮询开始 
[SYS] 2026/06/27 - 22:53:10 | 任务进度轮询完成 
[SYS] 2026/06/27 - 22:53:25 | 任务进度轮询开始 
[SYS] 2026/06/27 - 22:53:25 | 任务进度轮询完成 
[SYS] 2026/06/27 - 22:53:40 | 任务进度轮询开始 
[SYS] 2026/06/27 - 22:53:40 | 任务进度轮询完成 
[SYS] 2026/06/27 - 22:53:55 | 任务进度轮询开始 
[SYS] 2026/06/27 - 22:53:55 | 任务进度轮询完成 
[SYS] 2026/06/27 - 22:54:08 | syncing options from database 
[SYS] 2026/06/27 - 22:54:10 | 任务进度轮询开始 
[SYS] 2026/06/27 - 22:54:10 | 任务进度轮询完成 
[SYS] 2026/06/27 - 22:54:25 | 任务进度轮询开始 
[SYS] 2026/06/27 - 22:54:25 | 任务进度轮询完成 
[SYS] 2026/06/27 - 22:54:40 | 任务进度轮询开始 
[SYS] 2026/06/27 - 22:54:40 | 任务进度轮询完成 
[SYS] 2026/06/27 - 22:54:55 | 任务进度轮询开始 
[SYS] 2026/06/27 - 22:54:55 | 任务进度轮询完成 
[SYS] 2026/06/27 - 22:55:08 | syncing options from database 
[SYS] 2026/06/27 - 22:55:10 | 任务进度轮询开始 
[SYS] 2026/06/27 - 22:55:10 | 任务进度轮询完成 
[SYS] 2026/06/27 - 22:55:25 | 任务进度轮询开始 
[SYS] 2026/06/27 - 22:55:25 | 任务进度轮询完成 
[SYS] 2026/06/27 - 22:55:40 | 任务进度轮询开始 
[SYS] 2026/06/27 - 22:55:40 | 任务进度轮询完成 
[SYS] 2026/06/27 - 22:55:55 | 任务进度轮询开始 
[SYS] 2026/06/27 - 22:55:55 | 任务进度轮询完成 
[SYS] 2026/06/27 - 22:56:08 | syncing options from database 
[SYS] 2026/06/27 - 22:56:10 | 任务进度轮询开始 
[SYS] 2026/06/27 - 22:56:10 | 任务进度轮询完成 
[SYS] 2026/06/27 - 22:56:25 | 任务进度轮询开始 
[SYS] 2026/06/27 - 22:56:25 | 任务进度轮询完成 
[SYS] 2026/06/27 - 22:56:40 | 任务进度轮询开始 
[SYS] 2026/06/27 - 22:56:40 | 任务进度轮询完成 
[SYS] 2026/06/27 - 22:56:55 | 任务进度轮询开始 
[SYS] 2026/06/27 - 22:56:55 | 任务进度轮询完成 
[SYS] 2026/06/27 - 22:57:07 | 正在更新数据看板数据... 
[SYS] 2026/06/27 - 22:57:07 | 保存数据看板数据成功，共保存0条数据 
[SYS] 2026/06/27 - 22:57:08 | syncing options from database 
[SYS] 2026/06/27 - 22:57:10 | 任务进度轮询开始 
[SYS] 2026/06/27 - 22:57:10 | 任务进度轮询完成 
[SYS] 2026/06/27 - 22:57:25 | 任务进度轮询开始 
[SYS] 2026/06/27 - 22:57:25 | 任务进度轮询完成 
[SYS] 2026/06/27 - 22:57:40 | 任务进度轮询开始 
[SYS] 2026/06/27 - 22:57:40 | 任务进度轮询完成 
[SYS] 2026/06/27 - 22:57:55 | 任务进度轮询开始 
[SYS] 2026/06/27 - 22:57:55 | 任务进度轮询完成 
[SYS] 2026/06/27 - 22:58:08 | syncing options from database 
[SYS] 2026/06/27 - 22:58:10 | 任务进度轮询开始 
[SYS] 2026/06/27 - 22:58:10 | 任务进度轮询完成 
[SYS] 2026/06/27 - 22:58:25 | 任务进度轮询开始 
[SYS] 2026/06/27 - 22:58:25 | 任务进度轮询完成 
[SYS] 2026/06/27 - 22:58:40 | 任务进度轮询开始 
[SYS] 2026/06/27 - 22:58:40 | 任务进度轮询完成 
[SYS] 2026/06/27 - 22:58:55 | 任务进度轮询开始 
[SYS] 2026/06/27 - 22:58:55 | 任务进度轮询完成 
[SYS] 2026/06/27 - 22:59:08 | syncing options from database 
[SYS] 2026/06/27 - 22:59:10 | 任务进度轮询开始 
[SYS] 2026/06/27 - 22:59:10 | 任务进度轮询完成 
[SYS] 2026/06/27 - 22:59:25 | 任务进度轮询开始 
[SYS] 2026/06/27 - 22:59:25 | 任务进度轮询完成 
[SYS] 2026/06/27 - 22:59:40 | 任务进度轮询开始 
[SYS] 2026/06/27 - 22:59:40 | 任务进度轮询完成 
[SYS] 2026/06/27 - 22:59:55 | 任务进度轮询开始 
[SYS] 2026/06/27 - 22:59:55 | 任务进度轮询完成 
[SYS] 2026/06/27 - 23:00:08 | syncing options from database 
[SYS] 2026/06/27 - 23:00:10 | 任务进度轮询开始 
[SYS] 2026/06/27 - 23:00:10 | 任务进度轮询完成 
[SYS] 2026/06/27 - 23:00:25 | 任务进度轮询开始 
[SYS] 2026/06/27 - 23:00:25 | 任务进度轮询完成 
[SYS] 2026/06/27 - 23:00:40 | 任务进度轮询开始 
[SYS] 2026/06/27 - 23:00:40 | 任务进度轮询完成 
[SYS] 2026/06/27 - 23:00:55 | 任务进度轮询开始 
[SYS] 2026/06/27 - 23:00:55 | 任务进度轮询完成 
[SYS] 2026/06/27 - 23:01:08 | syncing options from database 
[SYS] 2026/06/27 - 23:01:10 | 任务进度轮询开始 
[SYS] 2026/06/27 - 23:01:10 | 任务进度轮询完成 
[SYS] 2026/06/27 - 23:01:25 | 任务进度轮询开始 
[SYS] 2026/06/27 - 23:01:25 | 任务进度轮询完成 
[SYS] 2026/06/27 - 23:01:40 | 任务进度轮询开始 
[SYS] 2026/06/27 - 23:01:40 | 任务进度轮询完成 
[SYS] 2026/06/27 - 23:01:55 | 任务进度轮询开始 
[SYS] 2026/06/27 - 23:01:55 | 任务进度轮询完成 
[SYS] 2026/06/27 - 23:02:07 | 正在更新数据看板数据... 
[SYS] 2026/06/27 - 23:02:07 | 保存数据看板数据成功，共保存0条数据 
[SYS] 2026/06/27 - 23:02:08 | syncing options from database 
[SYS] 2026/06/27 - 23:02:10 | 任务进度轮询开始 
[SYS] 2026/06/27 - 23:02:10 | 任务进度轮询完成 
[SYS] 2026/06/27 - 23:02:25 | 任务进度轮询开始 
[SYS] 2026/06/27 - 23:02:25 | 任务进度轮询完成 
[SYS] 2026/06/27 - 23:02:40 | 任务进度轮询开始 
[SYS] 2026/06/27 - 23:02:40 | 任务进度轮询完成 
[SYS] 2026/06/27 - 23:02:55 | 任务进度轮询开始 
[SYS] 2026/06/27 - 23:02:55 | 任务进度轮询完成 
[SYS] 2026/06/27 - 23:03:08 | syncing options from database 
[SYS] 2026/06/27 - 23:03:10 | 任务进度轮询开始 
[SYS] 2026/06/27 - 23:03:10 | 任务进度轮询完成 
[SYS] 2026/06/27 - 23:03:25 | 任务进度轮询开始 
[SYS] 2026/06/27 - 23:03:25 | 任务进度轮询完成 
[SYS] 2026/06/27 - 23:03:40 | 任务进度轮询开始 
[SYS] 2026/06/27 - 23:03:40 | 任务进度轮询完成 
[SYS] 2026/06/27 - 23:03:55 | 任务进度轮询开始 
[SYS] 2026/06/27 - 23:03:55 | 任务进度轮询完成 
[SYS] 2026/06/27 - 23:04:08 | syncing options from database 
[SYS] 2026/06/27 - 23:04:10 | 任务进度轮询开始 
[SYS] 2026/06/27 - 23:04:10 | 任务进度轮询完成 
[SYS] 2026/06/27 - 23:04:25 | 任务进度轮询开始 
[SYS] 2026/06/27 - 23:04:25 | 任务进度轮询完成 
[SYS] 2026/06/27 - 23:04:40 | 任务进度轮询开始 
[SYS] 2026/06/27 - 23:04:40 | 任务进度轮询完成 
[SYS] 2026/06/27 - 23:04:56 | 任务进度轮询开始 
[SYS] 2026/06/27 - 23:04:56 | 任务进度轮询完成 
[SYS] 2026/06/27 - 23:05:08 | syncing options from database 
[SYS] 2026/06/27 - 23:05:11 | 任务进度轮询开始 
[SYS] 2026/06/27 - 23:05:11 | 任务进度轮询完成 
[SYS] 2026/06/27 - 23:05:26 | 任务进度轮询开始 
[SYS] 2026/06/27 - 23:05:26 | 任务进度轮询完成 
[SYS] 2026/06/27 - 23:05:41 | 任务进度轮询开始 
[SYS] 2026/06/27 - 23:05:41 | 任务进度轮询完成 
[SYS] 2026/06/27 - 23:05:56 | 任务进度轮询开始 
[SYS] 2026/06/27 - 23:05:56 | 任务进度轮询完成 
[SYS] 2026/06/27 - 23:06:08 | syncing options from database 
[SYS] 2026/06/27 - 23:06:11 | 任务进度轮询开始 
[SYS] 2026/06/27 - 23:06:11 | 任务进度轮询完成 
[SYS] 2026/06/27 - 23:06:26 | 任务进度轮询开始 
[SYS] 2026/06/27 - 23:06:26 | 任务进度轮询完成 
[SYS] 2026/06/27 - 23:06:41 | 任务进度轮询开始 
[SYS] 2026/06/27 - 23:06:41 | 任务进度轮询完成 
[SYS] 2026/06/27 - 23:06:56 | 任务进度轮询开始 
[SYS] 2026/06/27 - 23:06:56 | 任务进度轮询完成 
[SYS] 2026/06/27 - 23:07:07 | 正在更新数据看板数据... 
[SYS] 2026/06/27 - 23:07:07 | 保存数据看板数据成功，共保存0条数据 
[SYS] 2026/06/27 - 23:07:08 | syncing options from database 
[SYS] 2026/06/27 - 23:07:11 | 任务进度轮询开始 
[SYS] 2026/06/27 - 23:07:11 | 任务进度轮询完成 
[SYS] 2026/06/27 - 23:07:26 | 任务进度轮询开始 
[SYS] 2026/06/27 - 23:07:26 | 任务进度轮询完成 
[SYS] 2026/06/27 - 23:07:41 | 任务进度轮询开始 
[SYS] 2026/06/27 - 23:07:41 | 任务进度轮询完成 
[SYS] 2026/06/27 - 23:07:56 | 任务进度轮询开始 
[SYS] 2026/06/27 - 23:07:56 | 任务进度轮询完成 
[SYS] 2026/06/27 - 23:08:08 | syncing options from database 
[SYS] 2026/06/27 - 23:08:11 | 任务进度轮询开始 
[SYS] 2026/06/27 - 23:08:11 | 任务进度轮询完成 
[SYS] 2026/06/27 - 23:08:26 | 任务进度轮询开始 
[SYS] 2026/06/27 - 23:08:26 | 任务进度轮询完成 
[SYS] 2026/06/27 - 23:08:41 | 任务进度轮询开始 
[SYS] 2026/06/27 - 23:08:41 | 任务进度轮询完成 
[SYS] 2026/06/27 - 23:08:56 | 任务进度轮询开始 
[SYS] 2026/06/27 - 23:08:56 | 任务进度轮询完成 
[SYS] 2026/06/27 - 23:09:08 | syncing options from database 
[SYS] 2026/06/27 - 23:09:11 | 任务进度轮询开始 
[SYS] 2026/06/27 - 23:09:11 | 任务进度轮询完成 
[SYS] 2026/06/27 - 23:09:26 | 任务进度轮询开始 
[SYS] 2026/06/27 - 23:09:26 | 任务进度轮询完成 
[SYS] 2026/06/27 - 23:09:41 | 任务进度轮询开始 
[SYS] 2026/06/27 - 23:09:41 | 任务进度轮询完成 
[SYS] 2026/06/27 - 23:09:56 | 任务进度轮询开始 
[SYS] 2026/06/27 - 23:09:56 | 任务进度轮询完成 
[SYS] 2026/06/27 - 23:10:08 | syncing options from database 
[SYS] 2026/06/27 - 23:10:11 | 任务进度轮询开始 
[SYS] 2026/06/27 - 23:10:11 | 任务进度轮询完成 
[SYS] 2026/06/27 - 23:10:26 | 任务进度轮询开始 
[SYS] 2026/06/27 - 23:10:26 | 任务进度轮询完成 
[SYS] 2026/06/27 - 23:10:41 | 任务进度轮询开始 
[SYS] 2026/06/27 - 23:10:41 | 任务进度轮询完成 
[SYS] 2026/06/27 - 23:10:56 | 任务进度轮询开始 
[SYS] 2026/06/27 - 23:10:56 | 任务进度轮询完成 
[SYS] 2026/06/27 - 23:11:08 | syncing options from database 
[SYS] 2026/06/27 - 23:11:11 | 任务进度轮询开始 
[SYS] 2026/06/27 - 23:11:11 | 任务进度轮询完成 
[SYS] 2026/06/27 - 23:11:26 | 任务进度轮询开始 
[SYS] 2026/06/27 - 23:11:26 | 任务进度轮询完成 
[SYS] 2026/06/27 - 23:11:41 | 任务进度轮询开始 
[SYS] 2026/06/27 - 23:11:41 | 任务进度轮询完成 
[SYS] 2026/06/27 - 23:11:56 | 任务进度轮询开始 
[SYS] 2026/06/27 - 23:11:56 | 任务进度轮询完成 
[SYS] 2026/06/27 - 23:12:07 | 正在更新数据看板数据... 
[SYS] 2026/06/27 - 23:12:07 | 保存数据看板数据成功，共保存0条数据 
[SYS] 2026/06/27 - 23:12:08 | syncing options from database 
[SYS] 2026/06/27 - 23:12:11 | 任务进度轮询开始 
[SYS] 2026/06/27 - 23:12:11 | 任务进度轮询完成 
[SYS] 2026/06/27 - 23:12:26 | 任务进度轮询开始 
[SYS] 2026/06/27 - 23:12:26 | 任务进度轮询完成 
[SYS] 2026/06/27 - 23:12:41 | 任务进度轮询开始 
[SYS] 2026/06/27 - 23:12:41 | 任务进度轮询完成 
[SYS] 2026/06/27 - 23:12:56 | 任务进度轮询开始 
[SYS] 2026/06/27 - 23:12:56 | 任务进度轮询完成 
[SYS] 2026/06/27 - 23:13:08 | syncing options from database 
[SYS] 2026/06/27 - 23:13:11 | 任务进度轮询开始 
[SYS] 2026/06/27 - 23:13:11 | 任务进度轮询完成 
[SYS] 2026/06/27 - 23:13:26 | 任务进度轮询开始 
[SYS] 2026/06/27 - 23:13:26 | 任务进度轮询完成 
[SYS] 2026/06/27 - 23:13:41 | 任务进度轮询开始 
[SYS] 2026/06/27 - 23:13:41 | 任务进度轮询完成 
[SYS] 2026/06/27 - 23:13:56 | 任务进度轮询开始 
[SYS] 2026/06/27 - 23:13:56 | 任务进度轮询完成 
[SYS] 2026/06/27 - 23:14:08 | syncing options from database 
[SYS] 2026/06/27 - 23:14:11 | 任务进度轮询开始 
[SYS] 2026/06/27 - 23:14:11 | 任务进度轮询完成 
[SYS] 2026/06/27 - 23:14:26 | 任务进度轮询开始 
[SYS] 2026/06/27 - 23:14:26 | 任务进度轮询完成 
[SYS] 2026/06/27 - 23:14:41 | 任务进度轮询开始 
[SYS] 2026/06/27 - 23:14:41 | 任务进度轮询完成 
[SYS] 2026/06/27 - 23:14:56 | 任务进度轮询开始 
[SYS] 2026/06/27 - 23:14:56 | 任务进度轮询完成 
[SYS] 2026/06/27 - 23:15:09 | syncing options from database 
[SYS] 2026/06/27 - 23:15:11 | 任务进度轮询开始 
[SYS] 2026/06/27 - 23:15:11 | 任务进度轮询完成 
[SYS] 2026/06/27 - 23:15:26 | 任务进度轮询开始 
[SYS] 2026/06/27 - 23:15:26 | 任务进度轮询完成 
[SYS] 2026/06/27 - 23:15:41 | 任务进度轮询开始 
[SYS] 2026/06/27 - 23:15:41 | 任务进度轮询完成 
[SYS] 2026/06/27 - 23:15:56 | 任务进度轮询开始 
[SYS] 2026/06/27 - 23:15:56 | 任务进度轮询完成 
[SYS] 2026/06/27 - 23:16:09 | syncing options from database 
[SYS] 2026/06/27 - 23:16:11 | 任务进度轮询开始 
[SYS] 2026/06/27 - 23:16:11 | 任务进度轮询完成 
[SYS] 2026/06/27 - 23:16:26 | 任务进度轮询开始 
[SYS] 2026/06/27 - 23:16:26 | 任务进度轮询完成 
[SYS] 2026/06/27 - 23:16:41 | 任务进度轮询开始 
[SYS] 2026/06/27 - 23:16:41 | 任务进度轮询完成 
[SYS] 2026/06/27 - 23:16:56 | 任务进度轮询开始 
[SYS] 2026/06/27 - 23:16:56 | 任务进度轮询完成 
[SYS] 2026/06/27 - 23:17:07 | 正在更新数据看板数据... 
[SYS] 2026/06/27 - 23:17:07 | 保存数据看板数据成功，共保存0条数据 
[SYS] 2026/06/27 - 23:17:09 | syncing options from database 
[SYS] 2026/06/27 - 23:17:11 | 任务进度轮询开始 
[SYS] 2026/06/27 - 23:17:11 | 任务进度轮询完成 
[SYS] 2026/06/27 - 23:17:26 | 任务进度轮询开始 
[SYS] 2026/06/27 - 23:17:26 | 任务进度轮询完成 
[SYS] 2026/06/27 - 23:17:41 | 任务进度轮询开始 
[SYS] 2026/06/27 - 23:17:41 | 任务进度轮询完成 
[SYS] 2026/06/27 - 23:17:56 | 任务进度轮询开始 
[SYS] 2026/06/27 - 23:17:56 | 任务进度轮询完成 
[SYS] 2026/06/27 - 23:18:09 | syncing options from database 
[SYS] 2026/06/27 - 23:18:11 | 任务进度轮询开始 
[SYS] 2026/06/27 - 23:18:11 | 任务进度轮询完成 
[SYS] 2026/06/27 - 23:18:26 | 任务进度轮询开始 
[SYS] 2026/06/27 - 23:18:26 | 任务进度轮询完成 
[SYS] 2026/06/27 - 23:18:41 | 任务进度轮询开始 
[SYS] 2026/06/27 - 23:18:41 | 任务进度轮询完成 
[SYS] 2026/06/27 - 23:18:56 | 任务进度轮询开始 
[SYS] 2026/06/27 - 23:18:56 | 任务进度轮询完成 
[SYS] 2026/06/27 - 23:19:09 | syncing options from database 
[SYS] 2026/06/27 - 23:19:11 | 任务进度轮询开始 
[SYS] 2026/06/27 - 23:19:11 | 任务进度轮询完成 
[SYS] 2026/06/27 - 23:19:26 | 任务进度轮询开始 
[SYS] 2026/06/27 - 23:19:26 | 任务进度轮询完成 
[SYS] 2026/06/27 - 23:19:41 | 任务进度轮询开始 
[SYS] 2026/06/27 - 23:19:41 | 任务进度轮询完成 
[SYS] 2026/06/27 - 23:19:56 | 任务进度轮询开始 
[SYS] 2026/06/27 - 23:19:56 | 任务进度轮询完成 
[SYS] 2026/06/27 - 23:20:09 | syncing options from database 
[SYS] 2026/06/27 - 23:20:11 | 任务进度轮询开始 
[SYS] 2026/06/27 - 23:20:11 | 任务进度轮询完成 
[SYS] 2026/06/27 - 23:20:26 | 任务进度轮询开始 
[SYS] 2026/06/27 - 23:20:26 | 任务进度轮询完成 
[SYS] 2026/06/27 - 23:20:41 | 任务进度轮询开始 
[SYS] 2026/06/27 - 23:20:41 | 任务进度轮询完成 
[SYS] 2026/06/27 - 23:20:56 | 任务进度轮询开始 
[SYS] 2026/06/27 - 23:20:56 | 任务进度轮询完成 
[SYS] 2026/06/27 - 23:21:09 | syncing options from database 
[SYS] 2026/06/27 - 23:21:11 | 任务进度轮询开始 
[SYS] 2026/06/27 - 23:21:11 | 任务进度轮询完成 
[SYS] 2026/06/27 - 23:21:26 | 任务进度轮询开始 
[SYS] 2026/06/27 - 23:21:26 | 任务进度轮询完成 
[SYS] 2026/06/27 - 23:21:41 | 任务进度轮询开始 
[SYS] 2026/06/27 - 23:21:41 | 任务进度轮询完成 
[SYS] 2026/06/27 - 23:21:56 | 任务进度轮询开始 
[SYS] 2026/06/27 - 23:21:56 | 任务进度轮询完成 
[SYS] 2026/06/27 - 23:22:07 | 正在更新数据看板数据... 
[SYS] 2026/06/27 - 23:22:07 | 保存数据看板数据成功，共保存0条数据 
[SYS] 2026/06/27 - 23:22:09 | syncing options from database 
[SYS] 2026/06/27 - 23:22:11 | 任务进度轮询开始 
[SYS] 2026/06/27 - 23:22:11 | 任务进度轮询完成 
[SYS] 2026/06/27 - 23:22:26 | 任务进度轮询开始 
[SYS] 2026/06/27 - 23:22:26 | 任务进度轮询完成 
[SYS] 2026/06/27 - 23:22:41 | 任务进度轮询开始 
[SYS] 2026/06/27 - 23:22:41 | 任务进度轮询完成 
[SYS] 2026/06/27 - 23:22:56 | 任务进度轮询开始 
[SYS] 2026/06/27 - 23:22:56 | 任务进度轮询完成 
[SYS] 2026/06/27 - 23:23:09 | syncing options from database 
[SYS] 2026/06/27 - 23:23:11 | 任务进度轮询开始 
[SYS] 2026/06/27 - 23:23:11 | 任务进度轮询完成 
[SYS] 2026/06/27 - 23:23:26 | 任务进度轮询开始 
[SYS] 2026/06/27 - 23:23:26 | 任务进度轮询完成 
[SYS] 2026/06/27 - 23:23:41 | 任务进度轮询开始 
[SYS] 2026/06/27 - 23:23:41 | 任务进度轮询完成 
[SYS] 2026/06/27 - 23:23:56 | 任务进度轮询开始 
[SYS] 2026/06/27 - 23:23:56 | 任务进度轮询完成 
[SYS] 2026/06/27 - 23:24:09 | syncing options from database 
[SYS] 2026/06/27 - 23:24:11 | 任务进度轮询开始 
[SYS] 2026/06/27 - 23:24:11 | 任务进度轮询完成 
[SYS] 2026/06/27 - 23:24:26 | 任务进度轮询开始 
[SYS] 2026/06/27 - 23:24:26 | 任务进度轮询完成 
[SYS] 2026/06/27 - 23:24:41 | 任务进度轮询开始 
[SYS] 2026/06/27 - 23:24:41 | 任务进度轮询完成 
[SYS] 2026/06/27 - 23:24:56 | 任务进度轮询开始 
[SYS] 2026/06/27 - 23:24:56 | 任务进度轮询完成 
[SYS] 2026/06/27 - 23:25:09 | syncing options from database 
[SYS] 2026/06/27 - 23:25:11 | 任务进度轮询开始 
[SYS] 2026/06/27 - 23:25:11 | 任务进度轮询完成 
[SYS] 2026/06/27 - 23:25:26 | 任务进度轮询开始 
[SYS] 2026/06/27 - 23:25:26 | 任务进度轮询完成 
[SYS] 2026/06/27 - 23:25:41 | 任务进度轮询开始 
[SYS] 2026/06/27 - 23:25:41 | 任务进度轮询完成 
[SYS] 2026/06/27 - 23:25:56 | 任务进度轮询开始 
[SYS] 2026/06/27 - 23:25:56 | 任务进度轮询完成 
[SYS] 2026/06/27 - 23:26:09 | syncing options from database 
[SYS] 2026/06/27 - 23:26:11 | 任务进度轮询开始 
[SYS] 2026/06/27 - 23:26:11 | 任务进度轮询完成 
[SYS] 2026/06/27 - 23:26:26 | 任务进度轮询开始 
[SYS] 2026/06/27 - 23:26:26 | 任务进度轮询完成 
[SYS] 2026/06/27 - 23:26:41 | 任务进度轮询开始 
[SYS] 2026/06/27 - 23:26:41 | 任务进度轮询完成 
[SYS] 2026/06/27 - 23:26:56 | 任务进度轮询开始 
[SYS] 2026/06/27 - 23:26:56 | 任务进度轮询完成 
[SYS] 2026/06/27 - 23:27:07 | 正在更新数据看板数据... 
[SYS] 2026/06/27 - 23:27:07 | 保存数据看板数据成功，共保存0条数据 
[SYS] 2026/06/27 - 23:27:09 | syncing options from database 
[SYS] 2026/06/27 - 23:27:11 | 任务进度轮询开始 
[SYS] 2026/06/27 - 23:27:11 | 任务进度轮询完成 
[SYS] 2026/06/27 - 23:27:26 | 任务进度轮询开始 
[SYS] 2026/06/27 - 23:27:26 | 任务进度轮询完成 
[SYS] 2026/06/27 - 23:27:41 | 任务进度轮询开始 
[SYS] 2026/06/27 - 23:27:41 | 任务进度轮询完成 
[SYS] 2026/06/27 - 23:27:56 | 任务进度轮询开始 
[SYS] 2026/06/27 - 23:27:56 | 任务进度轮询完成 
[SYS] 2026/06/27 - 23:28:09 | syncing options from database 
[SYS] 2026/06/27 - 23:28:11 | 任务进度轮询开始 
[SYS] 2026/06/27 - 23:28:11 | 任务进度轮询完成 
[SYS] 2026/06/27 - 23:28:26 | 任务进度轮询开始 
[SYS] 2026/06/27 - 23:28:26 | 任务进度轮询完成 
[SYS] 2026/06/27 - 23:28:41 | 任务进度轮询开始 
[SYS] 2026/06/27 - 23:28:41 | 任务进度轮询完成 
[SYS] 2026/06/27 - 23:28:56 | 任务进度轮询开始 
[SYS] 2026/06/27 - 23:28:56 | 任务进度轮询完成 
[SYS] 2026/06/27 - 23:29:09 | syncing options from database 
[SYS] 2026/06/27 - 23:29:11 | 任务进度轮询开始 
[SYS] 2026/06/27 - 23:29:11 | 任务进度轮询完成 
[SYS] 2026/06/27 - 23:29:26 | 任务进度轮询开始 
[SYS] 2026/06/27 - 23:29:26 | 任务进度轮询完成 
[SYS] 2026/06/27 - 23:29:41 | 任务进度轮询开始 
[SYS] 2026/06/27 - 23:29:41 | 任务进度轮询完成 
[SYS] 2026/06/27 - 23:29:56 | 任务进度轮询开始 
[SYS] 2026/06/27 - 23:29:56 | 任务进度轮询完成 
[SYS] 2026/06/27 - 23:30:09 | syncing options from database 
[SYS] 2026/06/27 - 23:30:11 | 任务进度轮询开始 
[SYS] 2026/06/27 - 23:30:11 | 任务进度轮询完成 
[SYS] 2026/06/27 - 23:30:26 | 任务进度轮询开始 
[SYS] 2026/06/27 - 23:30:26 | 任务进度轮询完成 
[SYS] 2026/06/27 - 23:30:41 | 任务进度轮询开始 
[SYS] 2026/06/27 - 23:30:41 | 任务进度轮询完成 
[SYS] 2026/06/27 - 23:30:56 | 任务进度轮询开始 
[SYS] 2026/06/27 - 23:30:56 | 任务进度轮询完成 
[SYS] 2026/06/27 - 23:31:09 | syncing options from database 
[SYS] 2026/06/27 - 23:31:11 | 任务进度轮询开始 
[SYS] 2026/06/27 - 23:31:11 | 任务进度轮询完成 
[SYS] 2026/06/27 - 23:31:26 | 任务进度轮询开始 
[SYS] 2026/06/27 - 23:31:26 | 任务进度轮询完成 
[SYS] 2026/06/27 - 23:31:41 | 任务进度轮询开始 
[SYS] 2026/06/27 - 23:31:41 | 任务进度轮询完成 
[SYS] 2026/06/27 - 23:31:56 | 任务进度轮询开始 
[SYS] 2026/06/27 - 23:31:56 | 任务进度轮询完成 
[SYS] 2026/06/27 - 23:32:07 | 正在更新数据看板数据... 
[SYS] 2026/06/27 - 23:32:07 | 保存数据看板数据成功，共保存0条数据 
[SYS] 2026/06/27 - 23:32:09 | syncing options from database 
[SYS] 2026/06/27 - 23:32:11 | 任务进度轮询开始 
[SYS] 2026/06/27 - 23:32:11 | 任务进度轮询完成 
[SYS] 2026/06/27 - 23:32:26 | 任务进度轮询开始 
[SYS] 2026/06/27 - 23:32:26 | 任务进度轮询完成 
[SYS] 2026/06/27 - 23:32:41 | 任务进度轮询开始 
[SYS] 2026/06/27 - 23:32:41 | 任务进度轮询完成 
[SYS] 2026/06/27 - 23:32:56 | 任务进度轮询开始 
[SYS] 2026/06/27 - 23:32:56 | 任务进度轮询完成 
[SYS] 2026/06/27 - 23:33:09 | syncing options from database 
[SYS] 2026/06/27 - 23:33:11 | 任务进度轮询开始 
[SYS] 2026/06/27 - 23:33:11 | 任务进度轮询完成 
[SYS] 2026/06/27 - 23:33:26 | 任务进度轮询开始 
[SYS] 2026/06/27 - 23:33:26 | 任务进度轮询完成 
[SYS] 2026/06/27 - 23:33:41 | 任务进度轮询开始 
[SYS] 2026/06/27 - 23:33:41 | 任务进度轮询完成 
[SYS] 2026/06/27 - 23:33:56 | 任务进度轮询开始 
[SYS] 2026/06/27 - 23:33:56 | 任务进度轮询完成 
[SYS] 2026/06/27 - 23:34:09 | syncing options from database 
[SYS] 2026/06/27 - 23:34:11 | 任务进度轮询开始 
[SYS] 2026/06/27 - 23:34:11 | 任务进度轮询完成 
[SYS] 2026/06/27 - 23:34:26 | 任务进度轮询开始 
[SYS] 2026/06/27 - 23:34:26 | 任务进度轮询完成 
[SYS] 2026/06/27 - 23:34:41 | 任务进度轮询开始 
[SYS] 2026/06/27 - 23:34:41 | 任务进度轮询完成 
[SYS] 2026/06/27 - 23:34:56 | 任务进度轮询开始 
[SYS] 2026/06/27 - 23:34:56 | 任务进度轮询完成 
[SYS] 2026/06/27 - 23:35:09 | syncing options from database 
[SYS] 2026/06/27 - 23:35:11 | 任务进度轮询开始 
[SYS] 2026/06/27 - 23:35:11 | 任务进度轮询完成 
[SYS] 2026/06/27 - 23:35:26 | 任务进度轮询开始 
[SYS] 2026/06/27 - 23:35:26 | 任务进度轮询完成 
[SYS] 2026/06/27 - 23:35:41 | 任务进度轮询开始 
[SYS] 2026/06/27 - 23:35:41 | 任务进度轮询完成 
[SYS] 2026/06/27 - 23:35:56 | 任务进度轮询开始 
[SYS] 2026/06/27 - 23:35:56 | 任务进度轮询完成 
[SYS] 2026/06/27 - 23:36:09 | syncing options from database 
[SYS] 2026/06/27 - 23:36:11 | 任务进度轮询开始 
[SYS] 2026/06/27 - 23:36:11 | 任务进度轮询完成 
[SYS] 2026/06/27 - 23:36:26 | 任务进度轮询开始 
[SYS] 2026/06/27 - 23:36:26 | 任务进度轮询完成 
[SYS] 2026/06/27 - 23:36:41 | 任务进度轮询开始 
[SYS] 2026/06/27 - 23:36:41 | 任务进度轮询完成 
[SYS] 2026/06/27 - 23:36:56 | 任务进度轮询开始 
[SYS] 2026/06/27 - 23:36:56 | 任务进度轮询完成 
[SYS] 2026/06/27 - 23:37:07 | 正在更新数据看板数据... 
[SYS] 2026/06/27 - 23:37:07 | 保存数据看板数据成功，共保存0条数据 
[SYS] 2026/06/27 - 23:37:09 | syncing options from database 
[SYS] 2026/06/27 - 23:37:11 | 任务进度轮询开始 
[SYS] 2026/06/27 - 23:37:11 | 任务进度轮询完成 
[SYS] 2026/06/27 - 23:37:26 | 任务进度轮询开始 
[SYS] 2026/06/27 - 23:37:26 | 任务进度轮询完成 
[SYS] 2026/06/27 - 23:37:41 | 任务进度轮询开始 
[SYS] 2026/06/27 - 23:37:41 | 任务进度轮询完成 
[SYS] 2026/06/27 - 23:37:56 | 任务进度轮询开始 
[SYS] 2026/06/27 - 23:37:56 | 任务进度轮询完成 
[SYS] 2026/06/27 - 23:38:09 | syncing options from database 
[SYS] 2026/06/27 - 23:38:11 | 任务进度轮询开始 
[SYS] 2026/06/27 - 23:38:11 | 任务进度轮询完成 
[SYS] 2026/06/27 - 23:38:26 | 任务进度轮询开始 
[SYS] 2026/06/27 - 23:38:26 | 任务进度轮询完成 
[SYS] 2026/06/27 - 23:38:41 | 任务进度轮询开始 
[SYS] 2026/06/27 - 23:38:41 | 任务进度轮询完成 
[SYS] 2026/06/27 - 23:38:56 | 任务进度轮询开始 
[SYS] 2026/06/27 - 23:38:56 | 任务进度轮询完成 
[SYS] 2026/06/27 - 23:39:09 | syncing options from database 
[SYS] 2026/06/27 - 23:39:11 | 任务进度轮询开始 
[SYS] 2026/06/27 - 23:39:11 | 任务进度轮询完成 
[SYS] 2026/06/27 - 23:39:26 | 任务进度轮询开始 
[SYS] 2026/06/27 - 23:39:26 | 任务进度轮询完成 
[SYS] 2026/06/27 - 23:39:41 | 任务进度轮询开始 
[SYS] 2026/06/27 - 23:39:41 | 任务进度轮询完成 
[SYS] 2026/06/27 - 23:39:56 | 任务进度轮询开始 
[SYS] 2026/06/27 - 23:39:56 | 任务进度轮询完成 
[SYS] 2026/06/27 - 23:40:09 | syncing options from database 
[SYS] 2026/06/27 - 23:40:11 | 任务进度轮询开始 
[SYS] 2026/06/27 - 23:40:11 | 任务进度轮询完成 
[SYS] 2026/06/27 - 23:40:26 | 任务进度轮询开始 
[SYS] 2026/06/27 - 23:40:26 | 任务进度轮询完成 
[SYS] 2026/06/27 - 23:40:41 | 任务进度轮询开始 
[SYS] 2026/06/27 - 23:40:41 | 任务进度轮询完成 
[SYS] 2026/06/27 - 23:40:56 | 任务进度轮询开始 
[SYS] 2026/06/27 - 23:40:56 | 任务进度轮询完成 
[SYS] 2026/06/27 - 23:41:09 | syncing options from database 
[SYS] 2026/06/27 - 23:41:11 | 任务进度轮询开始 
[SYS] 2026/06/27 - 23:41:11 | 任务进度轮询完成 
[SYS] 2026/06/27 - 23:41:26 | 任务进度轮询开始 
[SYS] 2026/06/27 - 23:41:26 | 任务进度轮询完成 
[SYS] 2026/06/27 - 23:41:41 | 任务进度轮询开始 
[SYS] 2026/06/27 - 23:41:41 | 任务进度轮询完成 
[SYS] 2026/06/27 - 23:41:56 | 任务进度轮询开始 
[SYS] 2026/06/27 - 23:41:56 | 任务进度轮询完成 
[SYS] 2026/06/27 - 23:42:07 | 正在更新数据看板数据... 
[SYS] 2026/06/27 - 23:42:07 | 保存数据看板数据成功，共保存0条数据 
[SYS] 2026/06/27 - 23:42:09 | syncing options from database 
[SYS] 2026/06/27 - 23:42:11 | 任务进度轮询开始 
[SYS] 2026/06/27 - 23:42:11 | 任务进度轮询完成 
[SYS] 2026/06/27 - 23:42:26 | 任务进度轮询开始 
[SYS] 2026/06/27 - 23:42:26 | 任务进度轮询完成 
[SYS] 2026/06/27 - 23:42:41 | 任务进度轮询开始 
[SYS] 2026/06/27 - 23:42:41 | 任务进度轮询完成 
[SYS] 2026/06/27 - 23:42:56 | 任务进度轮询开始 
[SYS] 2026/06/27 - 23:42:56 | 任务进度轮询完成 
[SYS] 2026/06/27 - 23:43:09 | syncing options from database 
[SYS] 2026/06/27 - 23:43:11 | 任务进度轮询开始 
[SYS] 2026/06/27 - 23:43:11 | 任务进度轮询完成 
[SYS] 2026/06/27 - 23:43:26 | 任务进度轮询开始 
[SYS] 2026/06/27 - 23:43:26 | 任务进度轮询完成 
[SYS] 2026/06/27 - 23:43:41 | 任务进度轮询开始 
[SYS] 2026/06/27 - 23:43:41 | 任务进度轮询完成 
[SYS] 2026/06/27 - 23:43:56 | 任务进度轮询开始 
[SYS] 2026/06/27 - 23:43:56 | 任务进度轮询完成 
[SYS] 2026/06/27 - 23:44:09 | syncing options from database 
[SYS] 2026/06/27 - 23:44:11 | 任务进度轮询开始 
[SYS] 2026/06/27 - 23:44:11 | 任务进度轮询完成 
[SYS] 2026/06/27 - 23:44:26 | 任务进度轮询开始 
[SYS] 2026/06/27 - 23:44:26 | 任务进度轮询完成 
[SYS] 2026/06/27 - 23:44:41 | 任务进度轮询开始 
[SYS] 2026/06/27 - 23:44:41 | 任务进度轮询完成 
[SYS] 2026/06/27 - 23:44:56 | 任务进度轮询开始 
[SYS] 2026/06/27 - 23:44:56 | 任务进度轮询完成 
[SYS] 2026/06/27 - 23:45:09 | syncing options from database 
[SYS] 2026/06/27 - 23:45:11 | 任务进度轮询开始 
[SYS] 2026/06/27 - 23:45:11 | 任务进度轮询完成 
[SYS] 2026/06/27 - 23:45:26 | 任务进度轮询开始 
[SYS] 2026/06/27 - 23:45:26 | 任务进度轮询完成 
[SYS] 2026/06/27 - 23:45:41 | 任务进度轮询开始 
[SYS] 2026/06/27 - 23:45:41 | 任务进度轮询完成 
[SYS] 2026/06/27 - 23:45:56 | 任务进度轮询开始 
[SYS] 2026/06/27 - 23:45:56 | 任务进度轮询完成 
[SYS] 2026/06/27 - 23:46:09 | syncing options from database 
[SYS] 2026/06/27 - 23:46:11 | 任务进度轮询开始 
[SYS] 2026/06/27 - 23:46:11 | 任务进度轮询完成 
[SYS] 2026/06/27 - 23:46:26 | 任务进度轮询开始 
[SYS] 2026/06/27 - 23:46:26 | 任务进度轮询完成 
[SYS] 2026/06/27 - 23:46:41 | 任务进度轮询开始 
[SYS] 2026/06/27 - 23:46:41 | 任务进度轮询完成 
[SYS] 2026/06/27 - 23:46:56 | 任务进度轮询开始 
[SYS] 2026/06/27 - 23:46:56 | 任务进度轮询完成 
[SYS] 2026/06/27 - 23:47:07 | 正在更新数据看板数据... 
[SYS] 2026/06/27 - 23:47:07 | 保存数据看板数据成功，共保存0条数据 
[SYS] 2026/06/27 - 23:47:09 | syncing options from database 
[SYS] 2026/06/27 - 23:47:11 | 任务进度轮询开始 
[SYS] 2026/06/27 - 23:47:11 | 任务进度轮询完成 
[SYS] 2026/06/27 - 23:47:26 | 任务进度轮询开始 
[SYS] 2026/06/27 - 23:47:26 | 任务进度轮询完成 
[SYS] 2026/06/27 - 23:47:41 | 任务进度轮询开始 
[SYS] 2026/06/27 - 23:47:41 | 任务进度轮询完成 
[SYS] 2026/06/27 - 23:47:56 | 任务进度轮询开始 
[SYS] 2026/06/27 - 23:47:56 | 任务进度轮询完成 
[SYS] 2026/06/27 - 23:48:09 | syncing options from database 
[SYS] 2026/06/27 - 23:48:11 | 任务进度轮询开始 
[SYS] 2026/06/27 - 23:48:11 | 任务进度轮询完成 
[SYS] 2026/06/27 - 23:48:26 | 任务进度轮询开始 
[SYS] 2026/06/27 - 23:48:26 | 任务进度轮询完成 
[SYS] 2026/06/27 - 23:48:41 | 任务进度轮询开始 
[SYS] 2026/06/27 - 23:48:41 | 任务进度轮询完成 
[SYS] 2026/06/27 - 23:48:56 | 任务进度轮询开始 
[SYS] 2026/06/27 - 23:48:56 | 任务进度轮询完成 
[SYS] 2026/06/27 - 23:49:09 | syncing options from database 
[SYS] 2026/06/27 - 23:49:11 | 任务进度轮询开始 
[SYS] 2026/06/27 - 23:49:11 | 任务进度轮询完成 
[SYS] 2026/06/27 - 23:49:26 | 任务进度轮询开始 
[SYS] 2026/06/27 - 23:49:26 | 任务进度轮询完成 
[SYS] 2026/06/27 - 23:49:41 | 任务进度轮询开始 
[SYS] 2026/06/27 - 23:49:41 | 任务进度轮询完成 
[SYS] 2026/06/27 - 23:49:56 | 任务进度轮询开始 
[SYS] 2026/06/27 - 23:49:56 | 任务进度轮询完成 
[SYS] 2026/06/27 - 23:50:09 | syncing options from database 
[SYS] 2026/06/27 - 23:50:11 | 任务进度轮询开始 
[SYS] 2026/06/27 - 23:50:11 | 任务进度轮询完成 
[SYS] 2026/06/27 - 23:50:26 | 任务进度轮询开始 
[SYS] 2026/06/27 - 23:50:26 | 任务进度轮询完成 
[SYS] 2026/06/27 - 23:50:41 | 任务进度轮询开始 
[SYS] 2026/06/27 - 23:50:41 | 任务进度轮询完成 
[SYS] 2026/06/27 - 23:50:56 | 任务进度轮询开始 
[SYS] 2026/06/27 - 23:50:56 | 任务进度轮询完成 
[SYS] 2026/06/27 - 23:51:09 | syncing options from database 
[SYS] 2026/06/27 - 23:51:11 | 任务进度轮询开始 
[SYS] 2026/06/27 - 23:51:11 | 任务进度轮询完成 
[SYS] 2026/06/27 - 23:51:26 | 任务进度轮询开始 
[SYS] 2026/06/27 - 23:51:26 | 任务进度轮询完成 
[SYS] 2026/06/27 - 23:51:41 | 任务进度轮询开始 
[SYS] 2026/06/27 - 23:51:41 | 任务进度轮询完成 
[SYS] 2026/06/27 - 23:51:56 | 任务进度轮询开始 
[SYS] 2026/06/27 - 23:51:56 | 任务进度轮询完成 
[SYS] 2026/06/27 - 23:52:07 | 正在更新数据看板数据... 
[SYS] 2026/06/27 - 23:52:07 | 保存数据看板数据成功，共保存0条数据 
[SYS] 2026/06/27 - 23:52:09 | syncing options from database 
[SYS] 2026/06/27 - 23:52:11 | 任务进度轮询开始 
[SYS] 2026/06/27 - 23:52:11 | 任务进度轮询完成 
[SYS] 2026/06/27 - 23:52:26 | 任务进度轮询开始 
[SYS] 2026/06/27 - 23:52:26 | 任务进度轮询完成 
[SYS] 2026/06/27 - 23:52:41 | 任务进度轮询开始 
[SYS] 2026/06/27 - 23:52:41 | 任务进度轮询完成 
[SYS] 2026/06/27 - 23:52:56 | 任务进度轮询开始 
[SYS] 2026/06/27 - 23:52:56 | 任务进度轮询完成 
[SYS] 2026/06/27 - 23:53:09 | syncing options from database 
[SYS] 2026/06/27 - 23:53:11 | 任务进度轮询开始 
[SYS] 2026/06/27 - 23:53:11 | 任务进度轮询完成 
[SYS] 2026/06/27 - 23:53:26 | 任务进度轮询开始 
[SYS] 2026/06/27 - 23:53:26 | 任务进度轮询完成 
[SYS] 2026/06/27 - 23:53:41 | 任务进度轮询开始 
[SYS] 2026/06/27 - 23:53:41 | 任务进度轮询完成 
[SYS] 2026/06/27 - 23:53:56 | 任务进度轮询开始 
[SYS] 2026/06/27 - 23:53:56 | 任务进度轮询完成 
[SYS] 2026/06/27 - 23:54:09 | syncing options from database 
[SYS] 2026/06/27 - 23:54:11 | 任务进度轮询开始 
[SYS] 2026/06/27 - 23:54:11 | 任务进度轮询完成 
[SYS] 2026/06/27 - 23:54:26 | 任务进度轮询开始 
[SYS] 2026/06/27 - 23:54:26 | 任务进度轮询完成 
[SYS] 2026/06/27 - 23:54:41 | 任务进度轮询开始 
[SYS] 2026/06/27 - 23:54:41 | 任务进度轮询完成 
[SYS] 2026/06/27 - 23:54:56 | 任务进度轮询开始 
[SYS] 2026/06/27 - 23:54:56 | 任务进度轮询完成 
[SYS] 2026/06/27 - 23:55:09 | syncing options from database 
[SYS] 2026/06/27 - 23:55:11 | 任务进度轮询开始 
[SYS] 2026/06/27 - 23:55:11 | 任务进度轮询完成 
[SYS] 2026/06/27 - 23:55:26 | 任务进度轮询开始 
[SYS] 2026/06/27 - 23:55:26 | 任务进度轮询完成 
[SYS] 2026/06/27 - 23:55:41 | 任务进度轮询开始 
[SYS] 2026/06/27 - 23:55:41 | 任务进度轮询完成 
[SYS] 2026/06/27 - 23:55:56 | 任务进度轮询开始 
[SYS] 2026/06/27 - 23:55:56 | 任务进度轮询完成 
[SYS] 2026/06/27 - 23:56:09 | syncing options from database 
[SYS] 2026/06/27 - 23:56:11 | 任务进度轮询开始 
[SYS] 2026/06/27 - 23:56:11 | 任务进度轮询完成 
[SYS] 2026/06/27 - 23:56:26 | 任务进度轮询开始 
[SYS] 2026/06/27 - 23:56:26 | 任务进度轮询完成 
[SYS] 2026/06/27 - 23:56:41 | 任务进度轮询开始 
[SYS] 2026/06/27 - 23:56:41 | 任务进度轮询完成 
[SYS] 2026/06/27 - 23:56:56 | 任务进度轮询开始 
[SYS] 2026/06/27 - 23:56:56 | 任务进度轮询完成 
[SYS] 2026/06/27 - 23:57:07 | 正在更新数据看板数据... 
[SYS] 2026/06/27 - 23:57:07 | 保存数据看板数据成功，共保存0条数据 
[SYS] 2026/06/27 - 23:57:09 | syncing options from database 
[SYS] 2026/06/27 - 23:57:11 | 任务进度轮询开始 
[SYS] 2026/06/27 - 23:57:11 | 任务进度轮询完成 
[SYS] 2026/06/27 - 23:57:26 | 任务进度轮询开始 
[SYS] 2026/06/27 - 23:57:26 | 任务进度轮询完成 
[SYS] 2026/06/27 - 23:57:41 | 任务进度轮询开始 
[SYS] 2026/06/27 - 23:57:41 | 任务进度轮询完成 
[SYS] 2026/06/27 - 23:57:56 | 任务进度轮询开始 
[SYS] 2026/06/27 - 23:57:56 | 任务进度轮询完成 
[GIN] 2026/06/27 - 23:57:57 | api | 20260627155757824687528268d9d6FVhU9Aso | 200 |     893.013µs |     5.34.216.51 |    POST /api/user/login?turnstile=
[SYS] 2026/06/27 - 23:58:09 | syncing options from database 
[SYS] 2026/06/27 - 23:58:11 | 任务进度轮询开始 
[SYS] 2026/06/27 - 23:58:11 | 任务进度轮询完成 
[SYS] 2026/06/27 - 23:58:26 | 任务进度轮询开始 
[SYS] 2026/06/27 - 23:58:26 | 任务进度轮询完成 
[SYS] 2026/06/27 - 23:58:41 | 任务进度轮询开始 
[SYS] 2026/06/27 - 23:58:41 | 任务进度轮询完成 
[SYS] 2026/06/27 - 23:58:56 | 任务进度轮询开始 
[SYS] 2026/06/27 - 23:58:56 | 任务进度轮询完成 
[SYS] 2026/06/27 - 23:59:09 | syncing options from database 
[SYS] 2026/06/27 - 23:59:11 | 任务进度轮询开始 
[SYS] 2026/06/27 - 23:59:11 | 任务进度轮询完成 
[SYS] 2026/06/27 - 23:59:26 | 任务进度轮询开始 
[SYS] 2026/06/27 - 23:59:26 | 任务进度轮询完成 
[SYS] 2026/06/27 - 23:59:41 | 任务进度轮询开始 
[SYS] 2026/06/27 - 23:59:41 | 任务进度轮询完成 
[SYS] 2026/06/27 - 23:59:56 | 任务进度轮询开始 
[SYS] 2026/06/27 - 23:59:56 | 任务进度轮询完成 
[SYS] 2026/06/28 - 00:00:09 | syncing options from database 
[SYS] 2026/06/28 - 00:00:11 | 任务进度轮询开始 
[SYS] 2026/06/28 - 00:00:11 | 任务进度轮询完成 
[SYS] 2026/06/28 - 00:00:26 | 任务进度轮询开始 
[SYS] 2026/06/28 - 00:00:26 | 任务进度轮询完成 
[SYS] 2026/06/28 - 00:00:41 | 任务进度轮询开始 
[SYS] 2026/06/28 - 00:00:41 | 任务进度轮询完成 
[SYS] 2026/06/28 - 00:00:56 | 任务进度轮询开始 
[SYS] 2026/06/28 - 00:00:56 | 任务进度轮询完成 
[SYS] 2026/06/28 - 00:01:09 | syncing options from database 
[SYS] 2026/06/28 - 00:01:11 | 任务进度轮询开始 
[SYS] 2026/06/28 - 00:01:11 | 任务进度轮询完成 
[SYS] 2026/06/28 - 00:01:26 | 任务进度轮询开始 
[SYS] 2026/06/28 - 00:01:26 | 任务进度轮询完成 
[SYS] 2026/06/28 - 00:01:41 | 任务进度轮询开始 
[SYS] 2026/06/28 - 00:01:41 | 任务进度轮询完成 
[SYS] 2026/06/28 - 00:01:56 | 任务进度轮询开始 
[SYS] 2026/06/28 - 00:01:56 | 任务进度轮询完成 
[SYS] 2026/06/28 - 00:02:07 | 正在更新数据看板数据... 
[SYS] 2026/06/28 - 00:02:07 | 保存数据看板数据成功，共保存0条数据 
[SYS] 2026/06/28 - 00:02:09 | syncing options from database 
[SYS] 2026/06/28 - 00:02:11 | 任务进度轮询开始 
[SYS] 2026/06/28 - 00:02:11 | 任务进度轮询完成 
[SYS] 2026/06/28 - 00:02:26 | 任务进度轮询开始 
[SYS] 2026/06/28 - 00:02:26 | 任务进度轮询完成 
[SYS] 2026/06/28 - 00:02:41 | 任务进度轮询开始 
[SYS] 2026/06/28 - 00:02:41 | 任务进度轮询完成 
[SYS] 2026/06/28 - 00:02:56 | 任务进度轮询开始 
[SYS] 2026/06/28 - 00:02:56 | 任务进度轮询完成 
[SYS] 2026/06/28 - 00:03:09 | syncing options from database 
[SYS] 2026/06/28 - 00:03:11 | 任务进度轮询开始 
[SYS] 2026/06/28 - 00:03:11 | 任务进度轮询完成 
[SYS] 2026/06/28 - 00:03:26 | 任务进度轮询开始 
[SYS] 2026/06/28 - 00:03:26 | 任务进度轮询完成 
[SYS] 2026/06/28 - 00:03:41 | 任务进度轮询开始 
[SYS] 2026/06/28 - 00:03:41 | 任务进度轮询完成 
[SYS] 2026/06/28 - 00:03:56 | 任务进度轮询开始 
[SYS] 2026/06/28 - 00:03:56 | 任务进度轮询完成 
[SYS] 2026/06/28 - 00:04:09 | syncing options from database 
[SYS] 2026/06/28 - 00:04:11 | 任务进度轮询开始 
[SYS] 2026/06/28 - 00:04:11 | 任务进度轮询完成 
[SYS] 2026/06/28 - 00:04:26 | 任务进度轮询开始 
[SYS] 2026/06/28 - 00:04:26 | 任务进度轮询完成 
[SYS] 2026/06/28 - 00:04:41 | 任务进度轮询开始 
[SYS] 2026/06/28 - 00:04:41 | 任务进度轮询完成 
[SYS] 2026/06/28 - 00:04:56 | 任务进度轮询开始 
[SYS] 2026/06/28 - 00:04:56 | 任务进度轮询完成 
[SYS] 2026/06/28 - 00:05:09 | syncing options from database 
[SYS] 2026/06/28 - 00:05:11 | 任务进度轮询开始 
[SYS] 2026/06/28 - 00:05:11 | 任务进度轮询完成 
[SYS] 2026/06/28 - 00:05:26 | 任务进度轮询开始 
[SYS] 2026/06/28 - 00:05:26 | 任务进度轮询完成 
[SYS] 2026/06/28 - 00:05:41 | 任务进度轮询开始 
[SYS] 2026/06/28 - 00:05:41 | 任务进度轮询完成 
[SYS] 2026/06/28 - 00:05:56 | 任务进度轮询开始 
[SYS] 2026/06/28 - 00:05:56 | 任务进度轮询完成 
[SYS] 2026/06/28 - 00:06:09 | syncing options from database 
[SYS] 2026/06/28 - 00:06:11 | 任务进度轮询开始 
[SYS] 2026/06/28 - 00:06:11 | 任务进度轮询完成 
[SYS] 2026/06/28 - 00:06:26 | 任务进度轮询开始 
[SYS] 2026/06/28 - 00:06:26 | 任务进度轮询完成 
[SYS] 2026/06/28 - 00:06:41 | 任务进度轮询开始 
[SYS] 2026/06/28 - 00:06:41 | 任务进度轮询完成 
[SYS] 2026/06/28 - 00:06:56 | 任务进度轮询开始 
[SYS] 2026/06/28 - 00:06:56 | 任务进度轮询完成 
[SYS] 2026/06/28 - 00:07:07 | 正在更新数据看板数据... 
[SYS] 2026/06/28 - 00:07:07 | 保存数据看板数据成功，共保存0条数据 
[SYS] 2026/06/28 - 00:07:09 | syncing options from database 
[SYS] 2026/06/28 - 00:07:11 | 任务进度轮询开始 
[SYS] 2026/06/28 - 00:07:11 | 任务进度轮询完成 
[SYS] 2026/06/28 - 00:07:26 | 任务进度轮询开始 
[SYS] 2026/06/28 - 00:07:26 | 任务进度轮询完成 
[SYS] 2026/06/28 - 00:07:41 | 任务进度轮询开始 
[SYS] 2026/06/28 - 00:07:41 | 任务进度轮询完成 
[SYS] 2026/06/28 - 00:07:56 | 任务进度轮询开始 
[SYS] 2026/06/28 - 00:07:56 | 任务进度轮询完成 
[SYS] 2026/06/28 - 00:08:09 | syncing options from database 
[SYS] 2026/06/28 - 00:08:11 | 任务进度轮询开始 
[SYS] 2026/06/28 - 00:08:11 | 任务进度轮询完成 
[SYS] 2026/06/28 - 00:08:26 | 任务进度轮询开始 
[SYS] 2026/06/28 - 00:08:26 | 任务进度轮询完成 
[SYS] 2026/06/28 - 00:08:41 | 任务进度轮询开始 
[SYS] 2026/06/28 - 00:08:41 | 任务进度轮询完成 
[SYS] 2026/06/28 - 00:08:56 | 任务进度轮询开始 
[SYS] 2026/06/28 - 00:08:56 | 任务进度轮询完成 
[SYS] 2026/06/28 - 00:09:09 | syncing options from database 
[SYS] 2026/06/28 - 00:09:11 | 任务进度轮询开始 
[SYS] 2026/06/28 - 00:09:11 | 任务进度轮询完成 
[SYS] 2026/06/28 - 00:09:26 | 任务进度轮询开始 
[SYS] 2026/06/28 - 00:09:26 | 任务进度轮询完成 
[SYS] 2026/06/28 - 00:09:41 | 任务进度轮询开始 
[SYS] 2026/06/28 - 00:09:41 | 任务进度轮询完成 
[SYS] 2026/06/28 - 00:09:56 | 任务进度轮询开始 
[SYS] 2026/06/28 - 00:09:56 | 任务进度轮询完成 
[SYS] 2026/06/28 - 00:10:09 | syncing options from database 
[SYS] 2026/06/28 - 00:10:11 | 任务进度轮询开始 
[SYS] 2026/06/28 - 00:10:11 | 任务进度轮询完成 
[SYS] 2026/06/28 - 00:10:26 | 任务进度轮询开始 
[SYS] 2026/06/28 - 00:10:26 | 任务进度轮询完成 
[SYS] 2026/06/28 - 00:10:41 | 任务进度轮询开始 
[SYS] 2026/06/28 - 00:10:41 | 任务进度轮询完成 
[SYS] 2026/06/28 - 00:10:56 | 任务进度轮询开始 
[SYS] 2026/06/28 - 00:10:56 | 任务进度轮询完成 
[SYS] 2026/06/28 - 00:11:09 | syncing options from database 
[SYS] 2026/06/28 - 00:11:11 | 任务进度轮询开始 
[SYS] 2026/06/28 - 00:11:11 | 任务进度轮询完成 
[SYS] 2026/06/28 - 00:11:26 | 任务进度轮询开始 
[SYS] 2026/06/28 - 00:11:26 | 任务进度轮询完成 
[SYS] 2026/06/28 - 00:11:41 | 任务进度轮询开始 
[SYS] 2026/06/28 - 00:11:41 | 任务进度轮询完成 
[SYS] 2026/06/28 - 00:11:56 | 任务进度轮询开始 
[SYS] 2026/06/28 - 00:11:56 | 任务进度轮询完成 
[SYS] 2026/06/28 - 00:12:07 | 正在更新数据看板数据... 
[SYS] 2026/06/28 - 00:12:07 | 保存数据看板数据成功，共保存0条数据 
[GIN] 2026/06/28 - 00:12:08 | web | 20260627161208172667918268d9d67joO7Vrp | 200 |       776.5µs |  20.118.209.103 |     GET /
[SYS] 2026/06/28 - 00:12:09 | syncing options from database 
[SYS] 2026/06/28 - 00:12:11 | 任务进度轮询开始 
[SYS] 2026/06/28 - 00:12:11 | 任务进度轮询完成 
[SYS] 2026/06/28 - 00:12:26 | 任务进度轮询开始 
[SYS] 2026/06/28 - 00:12:26 | 任务进度轮询完成 
[SYS] 2026/06/28 - 00:12:41 | 任务进度轮询开始 
[SYS] 2026/06/28 - 00:12:41 | 任务进度轮询完成 
[SYS] 2026/06/28 - 00:12:56 | 任务进度轮询开始 
[SYS] 2026/06/28 - 00:12:56 | 任务进度轮询完成 
[SYS] 2026/06/28 - 00:13:09 | syncing options from database 
[SYS] 2026/06/28 - 00:13:11 | 任务进度轮询开始 
[SYS] 2026/06/28 - 00:13:11 | 任务进度轮询完成 
[SYS] 2026/06/28 - 00:13:26 | 任务进度轮询开始 
[SYS] 2026/06/28 - 00:13:26 | 任务进度轮询完成 
[SYS] 2026/06/28 - 00:13:41 | 任务进度轮询开始 
[SYS] 2026/06/28 - 00:13:41 | 任务进度轮询完成 
[SYS] 2026/06/28 - 00:13:56 | 任务进度轮询开始 
[SYS] 2026/06/28 - 00:13:56 | 任务进度轮询完成 
[SYS] 2026/06/28 - 00:14:09 | syncing options from database 
[SYS] 2026/06/28 - 00:14:11 | 任务进度轮询开始 
[SYS] 2026/06/28 - 00:14:11 | 任务进度轮询完成 
[SYS] 2026/06/28 - 00:14:26 | 任务进度轮询开始 
[SYS] 2026/06/28 - 00:14:26 | 任务进度轮询完成 
[SYS] 2026/06/28 - 00:14:41 | 任务进度轮询开始 
[SYS] 2026/06/28 - 00:14:41 | 任务进度轮询完成 
[SYS] 2026/06/28 - 00:14:56 | 任务进度轮询开始 
[SYS] 2026/06/28 - 00:14:56 | 任务进度轮询完成 
[SYS] 2026/06/28 - 00:15:09 | syncing options from database 
[SYS] 2026/06/28 - 00:15:11 | 任务进度轮询开始 
[SYS] 2026/06/28 - 00:15:11 | 任务进度轮询完成 
[SYS] 2026/06/28 - 00:15:26 | 任务进度轮询开始 
[SYS] 2026/06/28 - 00:15:26 | 任务进度轮询完成 
[SYS] 2026/06/28 - 00:15:41 | 任务进度轮询开始 
[SYS] 2026/06/28 - 00:15:41 | 任务进度轮询完成 
[SYS] 2026/06/28 - 00:15:56 | 任务进度轮询开始 
[SYS] 2026/06/28 - 00:15:56 | 任务进度轮询完成 
[SYS] 2026/06/28 - 00:16:09 | syncing options from database 
[SYS] 2026/06/28 - 00:16:11 | 任务进度轮询开始 
[SYS] 2026/06/28 - 00:16:11 | 任务进度轮询完成 
[SYS] 2026/06/28 - 00:16:26 | 任务进度轮询开始 
[SYS] 2026/06/28 - 00:16:26 | 任务进度轮询完成 
[SYS] 2026/06/28 - 00:16:41 | 任务进度轮询开始 
[SYS] 2026/06/28 - 00:16:41 | 任务进度轮询完成 
[SYS] 2026/06/28 - 00:16:56 | 任务进度轮询开始 
[SYS] 2026/06/28 - 00:16:56 | 任务进度轮询完成 
[SYS] 2026/06/28 - 00:17:07 | 正在更新数据看板数据... 
[SYS] 2026/06/28 - 00:17:07 | 保存数据看板数据成功，共保存0条数据 
[SYS] 2026/06/28 - 00:17:09 | syncing options from database 
[SYS] 2026/06/28 - 00:17:11 | 任务进度轮询开始 
[SYS] 2026/06/28 - 00:17:11 | 任务进度轮询完成 
[SYS] 2026/06/28 - 00:17:26 | 任务进度轮询开始 
[SYS] 2026/06/28 - 00:17:26 | 任务进度轮询完成 
[SYS] 2026/06/28 - 00:17:41 | 任务进度轮询开始 
[SYS] 2026/06/28 - 00:17:41 | 任务进度轮询完成 
[SYS] 2026/06/28 - 00:17:56 | 任务进度轮询开始 
[SYS] 2026/06/28 - 00:17:56 | 任务进度轮询完成 
[SYS] 2026/06/28 - 00:18:09 | syncing options from database 
[SYS] 2026/06/28 - 00:18:11 | 任务进度轮询开始 
[SYS] 2026/06/28 - 00:18:11 | 任务进度轮询完成 
[SYS] 2026/06/28 - 00:18:26 | 任务进度轮询开始 
[SYS] 2026/06/28 - 00:18:26 | 任务进度轮询完成 
[SYS] 2026/06/28 - 00:18:41 | 任务进度轮询开始 
[SYS] 2026/06/28 - 00:18:41 | 任务进度轮询完成 
[SYS] 2026/06/28 - 00:18:56 | 任务进度轮询开始 
[SYS] 2026/06/28 - 00:18:56 | 任务进度轮询完成 
[SYS] 2026/06/28 - 00:19:09 | syncing options from database 
[SYS] 2026/06/28 - 00:19:11 | 任务进度轮询开始 
[SYS] 2026/06/28 - 00:19:11 | 任务进度轮询完成 
[SYS] 2026/06/28 - 00:19:26 | 任务进度轮询开始 
[SYS] 2026/06/28 - 00:19:26 | 任务进度轮询完成 
[SYS] 2026/06/28 - 00:19:41 | 任务进度轮询开始 
[SYS] 2026/06/28 - 00:19:41 | 任务进度轮询完成 
[SYS] 2026/06/28 - 00:19:56 | 任务进度轮询开始 
[SYS] 2026/06/28 - 00:19:56 | 任务进度轮询完成 
[SYS] 2026/06/28 - 00:20:09 | syncing options from database 
[SYS] 2026/06/28 - 00:20:11 | 任务进度轮询开始 
[SYS] 2026/06/28 - 00:20:11 | 任务进度轮询完成 
[SYS] 2026/06/28 - 00:20:26 | 任务进度轮询开始 
[SYS] 2026/06/28 - 00:20:26 | 任务进度轮询完成 
[SYS] 2026/06/28 - 00:20:41 | 任务进度轮询开始 
[SYS] 2026/06/28 - 00:20:41 | 任务进度轮询完成 
[SYS] 2026/06/28 - 00:20:56 | 任务进度轮询开始 
[SYS] 2026/06/28 - 00:20:56 | 任务进度轮询完成 
[GIN] 2026/06/28 - 00:20:58 | api | 202606271620585359825408268d9d6P3uCMHjy | 200 |    4.359531ms |    34.105.91.25 |     GET /api/status
[SYS] 2026/06/28 - 00:21:09 | syncing options from database 
[SYS] 2026/06/28 - 00:21:11 | 任务进度轮询开始 
[SYS] 2026/06/28 - 00:21:11 | 任务进度轮询完成 
[SYS] 2026/06/28 - 00:21:26 | 任务进度轮询开始 
[SYS] 2026/06/28 - 00:21:26 | 任务进度轮询完成 
[SYS] 2026/06/28 - 00:21:41 | 任务进度轮询开始 
[SYS] 2026/06/28 - 00:21:41 | 任务进度轮询完成 
[SYS] 2026/06/28 - 00:21:56 | 任务进度轮询开始 
[SYS] 2026/06/28 - 00:21:56 | 任务进度轮询完成 
[SYS] 2026/06/28 - 00:22:07 | 正在更新数据看板数据... 
[SYS] 2026/06/28 - 00:22:07 | 保存数据看板数据成功，共保存0条数据 
[SYS] 2026/06/28 - 00:22:09 | syncing options from database 
[SYS] 2026/06/28 - 00:22:11 | 任务进度轮询开始 
[SYS] 2026/06/28 - 00:22:11 | 任务进度轮询完成 
[SYS] 2026/06/28 - 00:22:26 | 任务进度轮询开始 
[SYS] 2026/06/28 - 00:22:26 | 任务进度轮询完成 
[SYS] 2026/06/28 - 00:22:41 | 任务进度轮询开始 
[SYS] 2026/06/28 - 00:22:41 | 任务进度轮询完成 
[SYS] 2026/06/28 - 00:22:56 | 任务进度轮询开始 
[SYS] 2026/06/28 - 00:22:56 | 任务进度轮询完成 
[SYS] 2026/06/28 - 00:23:09 | syncing options from database 
[SYS] 2026/06/28 - 00:23:11 | 任务进度轮询开始 
[SYS] 2026/06/28 - 00:23:11 | 任务进度轮询完成 
[SYS] 2026/06/28 - 00:23:26 | 任务进度轮询开始 
[SYS] 2026/06/28 - 00:23:26 | 任务进度轮询完成 
[SYS] 2026/06/28 - 00:23:41 | 任务进度轮询开始 
[SYS] 2026/06/28 - 00:23:41 | 任务进度轮询完成 
[SYS] 2026/06/28 - 00:23:56 | 任务进度轮询开始 
[SYS] 2026/06/28 - 00:23:56 | 任务进度轮询完成 
[SYS] 2026/06/28 - 00:24:09 | syncing options from database 
[SYS] 2026/06/28 - 00:24:11 | 任务进度轮询开始 
[SYS] 2026/06/28 - 00:24:11 | 任务进度轮询完成 
[SYS] 2026/06/28 - 00:24:26 | 任务进度轮询开始 
[SYS] 2026/06/28 - 00:24:26 | 任务进度轮询完成 
[SYS] 2026/06/28 - 00:24:41 | 任务进度轮询开始 
[SYS] 2026/06/28 - 00:24:41 | 任务进度轮询完成 
[SYS] 2026/06/28 - 00:24:56 | 任务进度轮询开始 
[SYS] 2026/06/28 - 00:24:56 | 任务进度轮询完成 
[SYS] 2026/06/28 - 00:25:09 | syncing options from database 
[SYS] 2026/06/28 - 00:25:11 | 任务进度轮询开始 
[SYS] 2026/06/28 - 00:25:11 | 任务进度轮询完成 
[SYS] 2026/06/28 - 00:25:26 | 任务进度轮询开始 
[SYS] 2026/06/28 - 00:25:26 | 任务进度轮询完成 
[SYS] 2026/06/28 - 00:25:41 | 任务进度轮询开始 
[SYS] 2026/06/28 - 00:25:41 | 任务进度轮询完成 
[SYS] 2026/06/28 - 00:25:56 | 任务进度轮询开始 
[SYS] 2026/06/28 - 00:25:56 | 任务进度轮询完成 
[SYS] 2026/06/28 - 00:26:09 | syncing options from database 
[SYS] 2026/06/28 - 00:26:11 | 任务进度轮询开始 
[SYS] 2026/06/28 - 00:26:11 | 任务进度轮询完成 
[SYS] 2026/06/28 - 00:26:26 | 任务进度轮询开始 
[SYS] 2026/06/28 - 00:26:26 | 任务进度轮询完成 
[SYS] 2026/06/28 - 00:26:41 | 任务进度轮询开始 
[SYS] 2026/06/28 - 00:26:41 | 任务进度轮询完成 
[SYS] 2026/06/28 - 00:26:56 | 任务进度轮询开始 
[SYS] 2026/06/28 - 00:26:56 | 任务进度轮询完成 
[SYS] 2026/06/28 - 00:27:07 | 正在更新数据看板数据... 
[SYS] 2026/06/28 - 00:27:07 | 保存数据看板数据成功，共保存0条数据 
[SYS] 2026/06/28 - 00:27:09 | syncing options from database 
[SYS] 2026/06/28 - 00:27:11 | 任务进度轮询开始 
[SYS] 2026/06/28 - 00:27:11 | 任务进度轮询完成 
[SYS] 2026/06/28 - 00:27:26 | 任务进度轮询开始 
[SYS] 2026/06/28 - 00:27:26 | 任务进度轮询完成 
[SYS] 2026/06/28 - 00:27:41 | 任务进度轮询开始 
[SYS] 2026/06/28 - 00:27:41 | 任务进度轮询完成 
[SYS] 2026/06/28 - 00:27:56 | 任务进度轮询开始 
[SYS] 2026/06/28 - 00:27:56 | 任务进度轮询完成 
[SYS] 2026/06/28 - 00:28:09 | syncing options from database 
[SYS] 2026/06/28 - 00:28:11 | 任务进度轮询开始 
[SYS] 2026/06/28 - 00:28:11 | 任务进度轮询完成 
[SYS] 2026/06/28 - 00:28:26 | 任务进度轮询开始 
[SYS] 2026/06/28 - 00:28:26 | 任务进度轮询完成 
[SYS] 2026/06/28 - 00:28:41 | 任务进度轮询开始 
[SYS] 2026/06/28 - 00:28:41 | 任务进度轮询完成 
[SYS] 2026/06/28 - 00:28:56 | 任务进度轮询开始 
[SYS] 2026/06/28 - 00:28:56 | 任务进度轮询完成 
[SYS] 2026/06/28 - 00:29:09 | syncing options from database 
[SYS] 2026/06/28 - 00:29:11 | 任务进度轮询开始 
[SYS] 2026/06/28 - 00:29:11 | 任务进度轮询完成 
[SYS] 2026/06/28 - 00:29:26 | 任务进度轮询开始 
[SYS] 2026/06/28 - 00:29:26 | 任务进度轮询完成 
[SYS] 2026/06/28 - 00:29:41 | 任务进度轮询开始 
[SYS] 2026/06/28 - 00:29:41 | 任务进度轮询完成 
[SYS] 2026/06/28 - 00:29:56 | 任务进度轮询开始 
[SYS] 2026/06/28 - 00:29:56 | 任务进度轮询完成 
[SYS] 2026/06/28 - 00:30:09 | syncing options from database 
[SYS] 2026/06/28 - 00:30:11 | 任务进度轮询开始 
[SYS] 2026/06/28 - 00:30:11 | 任务进度轮询完成 
[SYS] 2026/06/28 - 00:30:26 | 任务进度轮询开始 
[SYS] 2026/06/28 - 00:30:26 | 任务进度轮询完成 
[SYS] 2026/06/28 - 00:30:41 | 任务进度轮询开始 
[SYS] 2026/06/28 - 00:30:41 | 任务进度轮询完成 
[SYS] 2026/06/28 - 00:30:56 | 任务进度轮询开始 
[SYS] 2026/06/28 - 00:30:56 | 任务进度轮询完成 
[SYS] 2026/06/28 - 00:31:09 | syncing options from database 
[SYS] 2026/06/28 - 00:31:11 | 任务进度轮询开始 
[SYS] 2026/06/28 - 00:31:11 | 任务进度轮询完成 
[SYS] 2026/06/28 - 00:31:26 | 任务进度轮询开始 
[SYS] 2026/06/28 - 00:31:26 | 任务进度轮询完成 
[SYS] 2026/06/28 - 00:31:41 | 任务进度轮询开始 
[SYS] 2026/06/28 - 00:31:41 | 任务进度轮询完成 
[SYS] 2026/06/28 - 00:31:56 | 任务进度轮询开始 
[SYS] 2026/06/28 - 00:31:56 | 任务进度轮询完成 
[SYS] 2026/06/28 - 00:32:07 | 正在更新数据看板数据... 
[SYS] 2026/06/28 - 00:32:07 | 保存数据看板数据成功，共保存0条数据 
[SYS] 2026/06/28 - 00:32:09 | syncing options from database 
[SYS] 2026/06/28 - 00:32:11 | 任务进度轮询开始 
[SYS] 2026/06/28 - 00:32:11 | 任务进度轮询完成 
[SYS] 2026/06/28 - 00:32:26 | 任务进度轮询开始 
[SYS] 2026/06/28 - 00:32:26 | 任务进度轮询完成 
[SYS] 2026/06/28 - 00:32:41 | 任务进度轮询开始 
[SYS] 2026/06/28 - 00:32:41 | 任务进度轮询完成 
[SYS] 2026/06/28 - 00:32:56 | 任务进度轮询开始 
[SYS] 2026/06/28 - 00:32:56 | 任务进度轮询完成 
[SYS] 2026/06/28 - 00:33:09 | syncing options from database 
[SYS] 2026/06/28 - 00:33:11 | 任务进度轮询开始 
[SYS] 2026/06/28 - 00:33:11 | 任务进度轮询完成 
[SYS] 2026/06/28 - 00:33:26 | 任务进度轮询开始 
[SYS] 2026/06/28 - 00:33:26 | 任务进度轮询完成 
[SYS] 2026/06/28 - 00:33:41 | 任务进度轮询开始 
[SYS] 2026/06/28 - 00:33:41 | 任务进度轮询完成 
[SYS] 2026/06/28 - 00:33:56 | 任务进度轮询开始 
[SYS] 2026/06/28 - 00:33:56 | 任务进度轮询完成 
[SYS] 2026/06/28 - 00:34:09 | syncing options from database 
[SYS] 2026/06/28 - 00:34:11 | 任务进度轮询开始 
[SYS] 2026/06/28 - 00:34:11 | 任务进度轮询完成 
[SYS] 2026/06/28 - 00:34:26 | 任务进度轮询开始 
[SYS] 2026/06/28 - 00:34:26 | 任务进度轮询完成 
[SYS] 2026/06/28 - 00:34:41 | 任务进度轮询开始 
[SYS] 2026/06/28 - 00:34:41 | 任务进度轮询完成 
[SYS] 2026/06/28 - 00:34:56 | 任务进度轮询开始 
[SYS] 2026/06/28 - 00:34:56 | 任务进度轮询完成 
[SYS] 2026/06/28 - 00:35:09 | syncing options from database 
[SYS] 2026/06/28 - 00:35:11 | 任务进度轮询开始 
[SYS] 2026/06/28 - 00:35:11 | 任务进度轮询完成 
[SYS] 2026/06/28 - 00:35:26 | 任务进度轮询开始 
[SYS] 2026/06/28 - 00:35:26 | 任务进度轮询完成 
[SYS] 2026/06/28 - 00:35:41 | 任务进度轮询开始 
[SYS] 2026/06/28 - 00:35:41 | 任务进度轮询完成 
[SYS] 2026/06/28 - 00:35:56 | 任务进度轮询开始 
[SYS] 2026/06/28 - 00:35:56 | 任务进度轮询完成 
[SYS] 2026/06/28 - 00:36:09 | syncing options from database 
[GIN] 2026/06/28 - 00:36:11 | api | 202606271636111869571528268d9d6XevGOXxN | 200 |    1.168026ms |    45.58.226.12 |    POST /api/user/login
[SYS] 2026/06/28 - 00:36:11 | 任务进度轮询开始 
[SYS] 2026/06/28 - 00:36:11 | 任务进度轮询完成 
[GIN] 2026/06/28 - 00:36:11 | api | 202606271636115936897608268d9d6m5C7aHIe | 200 |    1.383717ms |    45.58.226.12 |    POST /api/user/login
[GIN] 2026/06/28 - 00:36:12 | api | 202606271636119897052638268d9d6eAbTTJLA | 200 |   70.734271ms |    45.58.226.12 |    POST /api/user/login
[GIN] 2026/06/28 - 00:36:12 | api | 202606271636124475292348268d9d6aQcetlEt | 200 |     559.877µs |    45.58.226.12 |    POST /api/user/login
[GIN] 2026/06/28 - 00:36:12 | api | 202606271636128525020578268d9d6lxsi9zyl | 200 |     755.094µs |    45.58.226.12 |    POST /api/user/login
[SYS] 2026/06/28 - 00:36:26 | 任务进度轮询开始 
[SYS] 2026/06/28 - 00:36:26 | 任务进度轮询完成 
[SYS] 2026/06/28 - 00:36:41 | 任务进度轮询开始 
[SYS] 2026/06/28 - 00:36:41 | 任务进度轮询完成 
[SYS] 2026/06/28 - 00:36:56 | 任务进度轮询开始 
[SYS] 2026/06/28 - 00:36:56 | 任务进度轮询完成 
[SYS] 2026/06/28 - 00:37:07 | 正在更新数据看板数据... 
[SYS] 2026/06/28 - 00:37:07 | 保存数据看板数据成功，共保存0条数据 
[SYS] 2026/06/28 - 00:37:09 | syncing options from database 
[SYS] 2026/06/28 - 00:37:11 | 任务进度轮询开始 
[SYS] 2026/06/28 - 00:37:11 | 任务进度轮询完成 
[SYS] 2026/06/28 - 00:37:26 | 任务进度轮询开始 
[SYS] 2026/06/28 - 00:37:26 | 任务进度轮询完成 
[SYS] 2026/06/28 - 00:37:41 | 任务进度轮询开始 
[SYS] 2026/06/28 - 00:37:41 | 任务进度轮询完成 
[SYS] 2026/06/28 - 00:37:56 | 任务进度轮询开始 
[SYS] 2026/06/28 - 00:37:56 | 任务进度轮询完成 
[SYS] 2026/06/28 - 00:38:09 | syncing options from database 
[SYS] 2026/06/28 - 00:38:11 | 任务进度轮询开始 
[SYS] 2026/06/28 - 00:38:11 | 任务进度轮询完成 
[SYS] 2026/06/28 - 00:38:26 | 任务进度轮询开始 
[SYS] 2026/06/28 - 00:38:26 | 任务进度轮询完成 
[SYS] 2026/06/28 - 00:38:41 | 任务进度轮询开始 
[SYS] 2026/06/28 - 00:38:41 | 任务进度轮询完成 
[SYS] 2026/06/28 - 00:38:56 | 任务进度轮询开始 
[SYS] 2026/06/28 - 00:38:56 | 任务进度轮询完成 
[SYS] 2026/06/28 - 00:39:09 | syncing options from database 
[SYS] 2026/06/28 - 00:39:11 | 任务进度轮询开始 
[SYS] 2026/06/28 - 00:39:11 | 任务进度轮询完成 
[SYS] 2026/06/28 - 00:39:26 | 任务进度轮询开始 
[SYS] 2026/06/28 - 00:39:26 | 任务进度轮询完成 
[SYS] 2026/06/28 - 00:39:41 | 任务进度轮询开始 
[SYS] 2026/06/28 - 00:39:41 | 任务进度轮询完成 
[SYS] 2026/06/28 - 00:39:56 | 任务进度轮询开始 
[SYS] 2026/06/28 - 00:39:56 | 任务进度轮询完成 
[SYS] 2026/06/28 - 00:40:09 | syncing options from database 
[SYS] 2026/06/28 - 00:40:11 | 任务进度轮询开始 
[SYS] 2026/06/28 - 00:40:11 | 任务进度轮询完成 
[SYS] 2026/06/28 - 00:40:26 | 任务进度轮询开始 
[SYS] 2026/06/28 - 00:40:26 | 任务进度轮询完成 
[SYS] 2026/06/28 - 00:40:41 | 任务进度轮询开始 
[SYS] 2026/06/28 - 00:40:41 | 任务进度轮询完成 
[SYS] 2026/06/28 - 00:40:56 | 任务进度轮询开始 
[SYS] 2026/06/28 - 00:40:56 | 任务进度轮询完成 
[SYS] 2026/06/28 - 00:41:09 | syncing options from database 
[SYS] 2026/06/28 - 00:41:11 | 任务进度轮询开始 
[SYS] 2026/06/28 - 00:41:11 | 任务进度轮询完成 
[SYS] 2026/06/28 - 00:41:26 | 任务进度轮询开始 
[SYS] 2026/06/28 - 00:41:26 | 任务进度轮询完成 
[SYS] 2026/06/28 - 00:41:41 | 任务进度轮询开始 
[SYS] 2026/06/28 - 00:41:41 | 任务进度轮询完成 
[SYS] 2026/06/28 - 00:41:56 | 任务进度轮询开始 
[SYS] 2026/06/28 - 00:41:56 | 任务进度轮询完成 
[SYS] 2026/06/28 - 00:42:07 | 正在更新数据看板数据... 
[SYS] 2026/06/28 - 00:42:07 | 保存数据看板数据成功，共保存0条数据 
[SYS] 2026/06/28 - 00:42:09 | syncing options from database 
[SYS] 2026/06/28 - 00:42:11 | 任务进度轮询开始 
[SYS] 2026/06/28 - 00:42:11 | 任务进度轮询完成 
[SYS] 2026/06/28 - 00:42:26 | 任务进度轮询开始 
[SYS] 2026/06/28 - 00:42:26 | 任务进度轮询完成 
[SYS] 2026/06/28 - 00:42:41 | 任务进度轮询开始 
[SYS] 2026/06/28 - 00:42:41 | 任务进度轮询完成 
[SYS] 2026/06/28 - 00:42:56 | 任务进度轮询开始 
[SYS] 2026/06/28 - 00:42:56 | 任务进度轮询完成 
[SYS] 2026/06/28 - 00:43:09 | syncing options from database 
[SYS] 2026/06/28 - 00:43:11 | 任务进度轮询开始 
[SYS] 2026/06/28 - 00:43:11 | 任务进度轮询完成 
[SYS] 2026/06/28 - 00:43:26 | 任务进度轮询开始 
[SYS] 2026/06/28 - 00:43:26 | 任务进度轮询完成 
[SYS] 2026/06/28 - 00:43:41 | 任务进度轮询开始 
[SYS] 2026/06/28 - 00:43:41 | 任务进度轮询完成 
[SYS] 2026/06/28 - 00:43:56 | 任务进度轮询开始 
[SYS] 2026/06/28 - 00:43:56 | 任务进度轮询完成 
[SYS] 2026/06/28 - 00:44:09 | syncing options from database 
[SYS] 2026/06/28 - 00:44:11 | 任务进度轮询开始 
[SYS] 2026/06/28 - 00:44:11 | 任务进度轮询完成 
[SYS] 2026/06/28 - 00:44:26 | 任务进度轮询开始 
[SYS] 2026/06/28 - 00:44:26 | 任务进度轮询完成 
[SYS] 2026/06/28 - 00:44:41 | 任务进度轮询开始 
[SYS] 2026/06/28 - 00:44:41 | 任务进度轮询完成 
[SYS] 2026/06/28 - 00:44:56 | 任务进度轮询开始 
[SYS] 2026/06/28 - 00:44:56 | 任务进度轮询完成 
[SYS] 2026/06/28 - 00:45:09 | syncing options from database 
[SYS] 2026/06/28 - 00:45:11 | 任务进度轮询开始 
[SYS] 2026/06/28 - 00:45:11 | 任务进度轮询完成 
[SYS] 2026/06/28 - 00:45:26 | 任务进度轮询开始 
[SYS] 2026/06/28 - 00:45:26 | 任务进度轮询完成 
[SYS] 2026/06/28 - 00:45:41 | 任务进度轮询开始 
[SYS] 2026/06/28 - 00:45:41 | 任务进度轮询完成 
[SYS] 2026/06/28 - 00:45:56 | 任务进度轮询开始 
[SYS] 2026/06/28 - 00:45:56 | 任务进度轮询完成 
[SYS] 2026/06/28 - 00:46:09 | syncing options from database 
[GIN] 2026/06/28 - 00:46:11 | web | 202606271646115489888528268d9d6isveRe7H | 200 |      92.704µs |   176.65.148.69 |     GET /
[SYS] 2026/06/28 - 00:46:11 | 任务进度轮询开始 
[SYS] 2026/06/28 - 00:46:11 | 任务进度轮询完成 
[GIN] 2026/06/28 - 00:46:12 | web | 202606271646122281411088268d9d6kED6LFOA | 200 |      41.641µs |   176.65.148.69 |     GET /
[GIN] 2026/06/28 - 00:46:12 | web | 202606271646128341666278268d9d6JzViPpul | 200 |    3.286665ms |   176.65.148.69 |     GET /.e3870
[GIN] 2026/06/28 - 00:46:13 | web | 202606271646131539605718268d9d6t82LskBM | 200 |      51.758µs |   176.65.148.69 |     GET /s/4889
[GIN] 2026/06/28 - 00:46:13 | web | 202606271646134432497988268d9d6foD75tzO | 200 |       25.86µs |   176.65.148.69 |     GET /z1882
[SYS] 2026/06/28 - 00:46:26 | 任务进度轮询开始 
[SYS] 2026/06/28 - 00:46:26 | 任务进度轮询完成 
[GIN] 2026/06/28 - 00:46:36 | api | 202606271646365887121798268d9d6oX5FUOiI | 200 |  226.165814ms | 156.229.166.217 |    POST /api/user/login
[GIN] 2026/06/28 - 00:46:37 | api | 202606271646378687164608268d9d6iFFEPNZb | 200 |    1.341069ms | 156.229.166.217 |    POST /api/user/login
[GIN] 2026/06/28 - 00:46:38 | api | 202606271646388369029328268d9d6iXmkyf2Z | 200 |   68.842659ms | 156.229.166.217 |    POST /api/user/login
[GIN] 2026/06/28 - 00:46:39 | api | 202606271646393051483608268d9d61AMQpQk7 | 200 |     661.555µs | 156.229.166.217 |    POST /api/user/login
[GIN] 2026/06/28 - 00:46:39 | api | 202606271646397023292268268d9d635OnTX9a | 200 |     576.455µs | 156.229.166.217 |    POST /api/user/login
[SYS] 2026/06/28 - 00:46:41 | 任务进度轮询开始 
[SYS] 2026/06/28 - 00:46:41 | 任务进度轮询完成 
[SYS] 2026/06/28 - 00:46:56 | 任务进度轮询开始 
[SYS] 2026/06/28 - 00:46:56 | 任务进度轮询完成 
[SYS] 2026/06/28 - 00:47:07 | 正在更新数据看板数据... 
[SYS] 2026/06/28 - 00:47:07 | 保存数据看板数据成功，共保存0条数据 
[SYS] 2026/06/28 - 00:47:09 | syncing options from database 
[SYS] 2026/06/28 - 00:47:11 | 任务进度轮询开始 
[SYS] 2026/06/28 - 00:47:11 | 任务进度轮询完成 
[SYS] 2026/06/28 - 00:47:26 | 任务进度轮询开始 
[SYS] 2026/06/28 - 00:47:26 | 任务进度轮询完成 
[SYS] 2026/06/28 - 00:47:41 | 任务进度轮询开始 
[SYS] 2026/06/28 - 00:47:41 | 任务进度轮询完成 
[SYS] 2026/06/28 - 00:47:56 | 任务进度轮询开始 
[SYS] 2026/06/28 - 00:47:56 | 任务进度轮询完成 
[SYS] 2026/06/28 - 00:48:09 | syncing options from database 
[SYS] 2026/06/28 - 00:48:11 | 任务进度轮询开始 
[SYS] 2026/06/28 - 00:48:11 | 任务进度轮询完成 
[SYS] 2026/06/28 - 00:48:26 | 任务进度轮询开始 
[SYS] 2026/06/28 - 00:48:26 | 任务进度轮询完成 
[SYS] 2026/06/28 - 00:48:41 | 任务进度轮询开始 
[SYS] 2026/06/28 - 00:48:41 | 任务进度轮询完成 
[SYS] 2026/06/28 - 00:48:56 | 任务进度轮询开始 
[SYS] 2026/06/28 - 00:48:56 | 任务进度轮询完成 
[SYS] 2026/06/28 - 00:49:09 | syncing options from database 
[SYS] 2026/06/28 - 00:49:11 | 任务进度轮询开始 
[SYS] 2026/06/28 - 00:49:11 | 任务进度轮询完成 
[SYS] 2026/06/28 - 00:49:26 | 任务进度轮询开始 
[SYS] 2026/06/28 - 00:49:26 | 任务进度轮询完成 
[SYS] 2026/06/28 - 00:49:41 | 任务进度轮询开始 
[SYS] 2026/06/28 - 00:49:41 | 任务进度轮询完成 
[SYS] 2026/06/28 - 00:49:56 | 任务进度轮询开始 
[SYS] 2026/06/28 - 00:49:56 | 任务进度轮询完成 
[SYS] 2026/06/28 - 00:50:09 | syncing options from database 
[SYS] 2026/06/28 - 00:50:11 | 任务进度轮询开始 
[SYS] 2026/06/28 - 00:50:11 | 任务进度轮询完成 
[SYS] 2026/06/28 - 00:50:26 | 任务进度轮询开始 
[SYS] 2026/06/28 - 00:50:26 | 任务进度轮询完成 
[SYS] 2026/06/28 - 00:50:41 | 任务进度轮询开始 
[SYS] 2026/06/28 - 00:50:41 | 任务进度轮询完成 
[SYS] 2026/06/28 - 00:50:56 | 任务进度轮询开始 
[SYS] 2026/06/28 - 00:50:56 | 任务进度轮询完成 
[SYS] 2026/06/28 - 00:51:09 | syncing options from database 
[SYS] 2026/06/28 - 00:51:11 | 任务进度轮询开始 
[SYS] 2026/06/28 - 00:51:11 | 任务进度轮询完成 
[SYS] 2026/06/28 - 00:51:26 | 任务进度轮询开始 
[SYS] 2026/06/28 - 00:51:26 | 任务进度轮询完成 
[SYS] 2026/06/28 - 00:51:41 | 任务进度轮询开始 
[SYS] 2026/06/28 - 00:51:41 | 任务进度轮询完成 
[SYS] 2026/06/28 - 00:51:56 | 任务进度轮询开始 
[SYS] 2026/06/28 - 00:51:56 | 任务进度轮询完成 
[SYS] 2026/06/28 - 00:52:07 | 正在更新数据看板数据... 
[SYS] 2026/06/28 - 00:52:07 | 保存数据看板数据成功，共保存0条数据 
[SYS] 2026/06/28 - 00:52:09 | syncing options from database 
[SYS] 2026/06/28 - 00:52:11 | 任务进度轮询开始 
[SYS] 2026/06/28 - 00:52:11 | 任务进度轮询完成 
[SYS] 2026/06/28 - 00:52:26 | 任务进度轮询开始 
[SYS] 2026/06/28 - 00:52:26 | 任务进度轮询完成 
[SYS] 2026/06/28 - 00:52:41 | 任务进度轮询开始 
[SYS] 2026/06/28 - 00:52:41 | 任务进度轮询完成 
[SYS] 2026/06/28 - 00:52:56 | 任务进度轮询开始 
[SYS] 2026/06/28 - 00:52:56 | 任务进度轮询完成 
[SYS] 2026/06/28 - 00:53:09 | syncing options from database 
[SYS] 2026/06/28 - 00:53:11 | 任务进度轮询开始 
[SYS] 2026/06/28 - 00:53:11 | 任务进度轮询完成 
[SYS] 2026/06/28 - 00:53:26 | 任务进度轮询开始 
[SYS] 2026/06/28 - 00:53:26 | 任务进度轮询完成 
[SYS] 2026/06/28 - 00:53:41 | 任务进度轮询开始 
[SYS] 2026/06/28 - 00:53:41 | 任务进度轮询完成 
[SYS] 2026/06/28 - 00:53:56 | 任务进度轮询开始 
[SYS] 2026/06/28 - 00:53:56 | 任务进度轮询完成 
[SYS] 2026/06/28 - 00:54:09 | syncing options from database 
[SYS] 2026/06/28 - 00:54:11 | 任务进度轮询开始 
[SYS] 2026/06/28 - 00:54:11 | 任务进度轮询完成 
[SYS] 2026/06/28 - 00:54:26 | 任务进度轮询开始 
[SYS] 2026/06/28 - 00:54:26 | 任务进度轮询完成 
[SYS] 2026/06/28 - 00:54:41 | 任务进度轮询开始 
[SYS] 2026/06/28 - 00:54:41 | 任务进度轮询完成 
[SYS] 2026/06/28 - 00:54:56 | 任务进度轮询开始 
[SYS] 2026/06/28 - 00:54:56 | 任务进度轮询完成 
[SYS] 2026/06/28 - 00:55:09 | syncing options from database 
[SYS] 2026/06/28 - 00:55:11 | 任务进度轮询开始 
[SYS] 2026/06/28 - 00:55:11 | 任务进度轮询完成 
[SYS] 2026/06/28 - 00:55:26 | 任务进度轮询开始 
[SYS] 2026/06/28 - 00:55:26 | 任务进度轮询完成 
[SYS] 2026/06/28 - 00:55:41 | 任务进度轮询开始 
[SYS] 2026/06/28 - 00:55:41 | 任务进度轮询完成 
[SYS] 2026/06/28 - 00:55:56 | 任务进度轮询开始 
[SYS] 2026/06/28 - 00:55:56 | 任务进度轮询完成 
[SYS] 2026/06/28 - 00:56:09 | syncing options from database 
[SYS] 2026/06/28 - 00:56:11 | 任务进度轮询开始 
[SYS] 2026/06/28 - 00:56:11 | 任务进度轮询完成 
[SYS] 2026/06/28 - 00:56:26 | 任务进度轮询开始 
[SYS] 2026/06/28 - 00:56:26 | 任务进度轮询完成 
[SYS] 2026/06/28 - 00:56:41 | 任务进度轮询开始 
[SYS] 2026/06/28 - 00:56:41 | 任务进度轮询完成 
[SYS] 2026/06/28 - 00:56:56 | 任务进度轮询开始 
[SYS] 2026/06/28 - 00:56:56 | 任务进度轮询完成 
[SYS] 2026/06/28 - 00:57:07 | 正在更新数据看板数据... 
[SYS] 2026/06/28 - 00:57:07 | 保存数据看板数据成功，共保存0条数据 
[SYS] 2026/06/28 - 00:57:09 | syncing options from database 
[SYS] 2026/06/28 - 00:57:11 | 任务进度轮询开始 
[SYS] 2026/06/28 - 00:57:11 | 任务进度轮询完成 
[SYS] 2026/06/28 - 00:57:26 | 任务进度轮询开始 
[SYS] 2026/06/28 - 00:57:26 | 任务进度轮询完成 
[SYS] 2026/06/28 - 00:57:41 | 任务进度轮询开始 
[SYS] 2026/06/28 - 00:57:41 | 任务进度轮询完成 
[SYS] 2026/06/28 - 00:57:56 | 任务进度轮询开始 
[SYS] 2026/06/28 - 00:57:56 | 任务进度轮询完成 
[SYS] 2026/06/28 - 00:58:09 | syncing options from database 
[SYS] 2026/06/28 - 00:58:11 | 任务进度轮询开始 
[SYS] 2026/06/28 - 00:58:11 | 任务进度轮询完成 
[SYS] 2026/06/28 - 00:58:26 | 任务进度轮询开始 
[SYS] 2026/06/28 - 00:58:26 | 任务进度轮询完成 
[SYS] 2026/06/28 - 00:58:41 | 任务进度轮询开始 
[SYS] 2026/06/28 - 00:58:41 | 任务进度轮询完成 
[SYS] 2026/06/28 - 00:58:56 | 任务进度轮询开始 
[SYS] 2026/06/28 - 00:58:56 | 任务进度轮询完成 
[SYS] 2026/06/28 - 00:59:09 | syncing options from database 
[SYS] 2026/06/28 - 00:59:11 | 任务进度轮询开始 
[SYS] 2026/06/28 - 00:59:11 | 任务进度轮询完成 
[SYS] 2026/06/28 - 00:59:26 | 任务进度轮询开始 
[SYS] 2026/06/28 - 00:59:26 | 任务进度轮询完成 
[SYS] 2026/06/28 - 00:59:41 | 任务进度轮询开始 
[SYS] 2026/06/28 - 00:59:41 | 任务进度轮询完成 
[SYS] 2026/06/28 - 00:59:56 | 任务进度轮询开始 
[SYS] 2026/06/28 - 00:59:56 | 任务进度轮询完成 
[SYS] 2026/06/28 - 01:00:09 | syncing options from database 
[SYS] 2026/06/28 - 01:00:11 | 任务进度轮询开始 
[SYS] 2026/06/28 - 01:00:11 | 任务进度轮询完成 
[SYS] 2026/06/28 - 01:00:26 | 任务进度轮询开始 
[SYS] 2026/06/28 - 01:00:26 | 任务进度轮询完成 
[SYS] 2026/06/28 - 01:00:41 | 任务进度轮询开始 
[SYS] 2026/06/28 - 01:00:41 | 任务进度轮询完成 
[SYS] 2026/06/28 - 01:00:56 | 任务进度轮询开始 
[SYS] 2026/06/28 - 01:00:56 | 任务进度轮询完成 
[SYS] 2026/06/28 - 01:01:09 | syncing options from database 
[SYS] 2026/06/28 - 01:01:11 | 任务进度轮询开始 
[SYS] 2026/06/28 - 01:01:11 | 任务进度轮询完成 
[SYS] 2026/06/28 - 01:01:26 | 任务进度轮询开始 
[SYS] 2026/06/28 - 01:01:26 | 任务进度轮询完成 
[SYS] 2026/06/28 - 01:01:41 | 任务进度轮询开始 
[SYS] 2026/06/28 - 01:01:41 | 任务进度轮询完成 
[SYS] 2026/06/28 - 01:01:56 | 任务进度轮询开始 
[SYS] 2026/06/28 - 01:01:56 | 任务进度轮询完成 
[SYS] 2026/06/28 - 01:02:07 | 正在更新数据看板数据... 
[SYS] 2026/06/28 - 01:02:07 | 保存数据看板数据成功，共保存0条数据 
[SYS] 2026/06/28 - 01:02:09 | syncing options from database 
[SYS] 2026/06/28 - 01:02:11 | 任务进度轮询开始 
[SYS] 2026/06/28 - 01:02:11 | 任务进度轮询完成 
[SYS] 2026/06/28 - 01:02:26 | 任务进度轮询开始 
[SYS] 2026/06/28 - 01:02:26 | 任务进度轮询完成 
[SYS] 2026/06/28 - 01:02:41 | 任务进度轮询开始 
[SYS] 2026/06/28 - 01:02:41 | 任务进度轮询完成 
[SYS] 2026/06/28 - 01:02:56 | 任务进度轮询开始 
[SYS] 2026/06/28 - 01:02:56 | 任务进度轮询完成 
[SYS] 2026/06/28 - 01:03:09 | syncing options from database 
[SYS] 2026/06/28 - 01:03:11 | 任务进度轮询开始 
[SYS] 2026/06/28 - 01:03:11 | 任务进度轮询完成 
[SYS] 2026/06/28 - 01:03:26 | 任务进度轮询开始 
[SYS] 2026/06/28 - 01:03:26 | 任务进度轮询完成 
[SYS] 2026/06/28 - 01:03:41 | 任务进度轮询开始 
[SYS] 2026/06/28 - 01:03:41 | 任务进度轮询完成 
[SYS] 2026/06/28 - 01:03:56 | 任务进度轮询开始 
[SYS] 2026/06/28 - 01:03:56 | 任务进度轮询完成 
[SYS] 2026/06/28 - 01:04:09 | syncing options from database 
[SYS] 2026/06/28 - 01:04:11 | 任务进度轮询开始 
[SYS] 2026/06/28 - 01:04:11 | 任务进度轮询完成 
[SYS] 2026/06/28 - 01:04:26 | 任务进度轮询开始 
[SYS] 2026/06/28 - 01:04:26 | 任务进度轮询完成 
[SYS] 2026/06/28 - 01:04:41 | 任务进度轮询开始 
[SYS] 2026/06/28 - 01:04:41 | 任务进度轮询完成 
[SYS] 2026/06/28 - 01:04:56 | 任务进度轮询开始 
[SYS] 2026/06/28 - 01:04:56 | 任务进度轮询完成 
[SYS] 2026/06/28 - 01:05:09 | syncing options from database 
[SYS] 2026/06/28 - 01:05:11 | 任务进度轮询开始 
[SYS] 2026/06/28 - 01:05:11 | 任务进度轮询完成 
[SYS] 2026/06/28 - 01:05:26 | 任务进度轮询开始 
[SYS] 2026/06/28 - 01:05:26 | 任务进度轮询完成 
[SYS] 2026/06/28 - 01:05:41 | 任务进度轮询开始 
[SYS] 2026/06/28 - 01:05:41 | 任务进度轮询完成 
[SYS] 2026/06/28 - 01:05:56 | 任务进度轮询开始 
[SYS] 2026/06/28 - 01:05:56 | 任务进度轮询完成 
[SYS] 2026/06/28 - 01:06:09 | syncing options from database 
[SYS] 2026/06/28 - 01:06:11 | 任务进度轮询开始 
[SYS] 2026/06/28 - 01:06:11 | 任务进度轮询完成 
[SYS] 2026/06/28 - 01:06:26 | 任务进度轮询开始 
[SYS] 2026/06/28 - 01:06:26 | 任务进度轮询完成 
[SYS] 2026/06/28 - 01:06:41 | 任务进度轮询开始 
[SYS] 2026/06/28 - 01:06:41 | 任务进度轮询完成 
[SYS] 2026/06/28 - 01:06:56 | 任务进度轮询开始 
[SYS] 2026/06/28 - 01:06:56 | 任务进度轮询完成 
[SYS] 2026/06/28 - 01:07:07 | 正在更新数据看板数据... 
[SYS] 2026/06/28 - 01:07:07 | 保存数据看板数据成功，共保存0条数据 
[SYS] 2026/06/28 - 01:07:09 | syncing options from database 
[SYS] 2026/06/28 - 01:07:11 | 任务进度轮询开始 
[SYS] 2026/06/28 - 01:07:11 | 任务进度轮询完成 
[SYS] 2026/06/28 - 01:07:26 | 任务进度轮询开始 
[SYS] 2026/06/28 - 01:07:26 | 任务进度轮询完成 
[SYS] 2026/06/28 - 01:07:41 | 任务进度轮询开始 
[SYS] 2026/06/28 - 01:07:41 | 任务进度轮询完成 
[SYS] 2026/06/28 - 01:07:56 | 任务进度轮询开始 
[SYS] 2026/06/28 - 01:07:56 | 任务进度轮询完成 
[SYS] 2026/06/28 - 01:08:09 | syncing options from database 
[SYS] 2026/06/28 - 01:08:11 | 任务进度轮询开始 
[SYS] 2026/06/28 - 01:08:11 | 任务进度轮询完成 
[SYS] 2026/06/28 - 01:08:26 | 任务进度轮询开始 
[SYS] 2026/06/28 - 01:08:26 | 任务进度轮询完成 
[SYS] 2026/06/28 - 01:08:41 | 任务进度轮询开始 
[SYS] 2026/06/28 - 01:08:41 | 任务进度轮询完成 
[SYS] 2026/06/28 - 01:08:56 | 任务进度轮询开始 
[SYS] 2026/06/28 - 01:08:56 | 任务进度轮询完成 
[SYS] 2026/06/28 - 01:09:09 | syncing options from database 
[SYS] 2026/06/28 - 01:09:11 | 任务进度轮询开始 
[SYS] 2026/06/28 - 01:09:11 | 任务进度轮询完成 
[SYS] 2026/06/28 - 01:09:26 | 任务进度轮询开始 
[SYS] 2026/06/28 - 01:09:26 | 任务进度轮询完成 
[SYS] 2026/06/28 - 01:09:41 | 任务进度轮询开始 
[SYS] 2026/06/28 - 01:09:41 | 任务进度轮询完成 
[SYS] 2026/06/28 - 01:09:56 | 任务进度轮询开始 
[SYS] 2026/06/28 - 01:09:56 | 任务进度轮询完成 
[SYS] 2026/06/28 - 01:10:09 | syncing options from database 
[SYS] 2026/06/28 - 01:10:11 | 任务进度轮询开始 
[SYS] 2026/06/28 - 01:10:11 | 任务进度轮询完成 
[SYS] 2026/06/28 - 01:10:26 | 任务进度轮询开始 
[SYS] 2026/06/28 - 01:10:26 | 任务进度轮询完成 
[SYS] 2026/06/28 - 01:10:41 | 任务进度轮询开始 
[SYS] 2026/06/28 - 01:10:41 | 任务进度轮询完成 
[SYS] 2026/06/28 - 01:10:56 | 任务进度轮询开始 
[SYS] 2026/06/28 - 01:10:56 | 任务进度轮询完成 
[SYS] 2026/06/28 - 01:11:09 | syncing options from database 
[SYS] 2026/06/28 - 01:11:11 | 任务进度轮询开始 
[SYS] 2026/06/28 - 01:11:11 | 任务进度轮询完成 
[SYS] 2026/06/28 - 01:11:26 | 任务进度轮询开始 
[SYS] 2026/06/28 - 01:11:26 | 任务进度轮询完成 
[GIN] 2026/06/28 - 01:11:27 | web | 202606271711276770927588268d9d6uxoYTwGb | 200 |     464.794µs |   118.31.189.46 |     GET /
[GIN] 2026/06/28 - 01:11:27 | web | 202606271711277445591488268d9d6KMVg477k | 200 |    3.301128ms |   118.31.189.46 |     GET /logo.png
[SYS] 2026/06/28 - 01:11:41 | 任务进度轮询开始 
[SYS] 2026/06/28 - 01:11:41 | 任务进度轮询完成 
[SYS] 2026/06/28 - 01:11:56 | 任务进度轮询开始 
[SYS] 2026/06/28 - 01:11:56 | 任务进度轮询完成 
[SYS] 2026/06/28 - 01:12:07 | 正在更新数据看板数据... 
[SYS] 2026/06/28 - 01:12:07 | 保存数据看板数据成功，共保存0条数据 
[SYS] 2026/06/28 - 01:12:09 | syncing options from database 
[SYS] 2026/06/28 - 01:12:11 | 任务进度轮询开始 
[SYS] 2026/06/28 - 01:12:11 | 任务进度轮询完成 
[SYS] 2026/06/28 - 01:12:26 | 任务进度轮询开始 
[SYS] 2026/06/28 - 01:12:26 | 任务进度轮询完成 
[SYS] 2026/06/28 - 01:12:41 | 任务进度轮询开始 
[SYS] 2026/06/28 - 01:12:41 | 任务进度轮询完成 
[SYS] 2026/06/28 - 01:12:56 | 任务进度轮询开始 
[SYS] 2026/06/28 - 01:12:56 | 任务进度轮询完成 
[SYS] 2026/06/28 - 01:13:09 | syncing options from database 
[SYS] 2026/06/28 - 01:13:11 | 任务进度轮询开始 
[SYS] 2026/06/28 - 01:13:11 | 任务进度轮询完成 
[SYS] 2026/06/28 - 01:13:26 | 任务进度轮询开始 
[SYS] 2026/06/28 - 01:13:26 | 任务进度轮询完成 
[SYS] 2026/06/28 - 01:13:41 | 任务进度轮询开始 
[SYS] 2026/06/28 - 01:13:41 | 任务进度轮询完成 
[SYS] 2026/06/28 - 01:13:56 | 任务进度轮询开始 
[SYS] 2026/06/28 - 01:13:56 | 任务进度轮询完成 
[SYS] 2026/06/28 - 01:14:09 | syncing options from database 
[SYS] 2026/06/28 - 01:14:11 | 任务进度轮询开始 
[SYS] 2026/06/28 - 01:14:11 | 任务进度轮询完成 
[SYS] 2026/06/28 - 01:14:26 | 任务进度轮询开始 
[SYS] 2026/06/28 - 01:14:26 | 任务进度轮询完成 
[SYS] 2026/06/28 - 01:14:41 | 任务进度轮询开始 
[SYS] 2026/06/28 - 01:14:41 | 任务进度轮询完成 
[SYS] 2026/06/28 - 01:14:56 | 任务进度轮询开始 
[SYS] 2026/06/28 - 01:14:56 | 任务进度轮询完成 
[SYS] 2026/06/28 - 01:15:09 | syncing options from database 
[SYS] 2026/06/28 - 01:15:11 | 任务进度轮询开始 
[SYS] 2026/06/28 - 01:15:11 | 任务进度轮询完成 
[SYS] 2026/06/28 - 01:15:26 | 任务进度轮询开始 
[SYS] 2026/06/28 - 01:15:26 | 任务进度轮询完成 
[SYS] 2026/06/28 - 01:15:41 | 任务进度轮询开始 
[SYS] 2026/06/28 - 01:15:41 | 任务进度轮询完成 
[SYS] 2026/06/28 - 01:15:56 | 任务进度轮询开始 
[SYS] 2026/06/28 - 01:15:56 | 任务进度轮询完成 
[SYS] 2026/06/28 - 01:16:09 | syncing options from database 
[SYS] 2026/06/28 - 01:16:11 | 任务进度轮询开始 
[SYS] 2026/06/28 - 01:16:11 | 任务进度轮询完成 
[SYS] 2026/06/28 - 01:16:26 | 任务进度轮询开始 
[SYS] 2026/06/28 - 01:16:26 | 任务进度轮询完成 
[SYS] 2026/06/28 - 01:16:41 | 任务进度轮询开始 
[SYS] 2026/06/28 - 01:16:41 | 任务进度轮询完成 
[SYS] 2026/06/28 - 01:16:56 | 任务进度轮询开始 
[SYS] 2026/06/28 - 01:16:56 | 任务进度轮询完成 
[SYS] 2026/06/28 - 01:17:07 | 正在更新数据看板数据... 
[SYS] 2026/06/28 - 01:17:07 | 保存数据看板数据成功，共保存0条数据 
[SYS] 2026/06/28 - 01:17:09 | syncing options from database 
[SYS] 2026/06/28 - 01:17:11 | 任务进度轮询开始 
[SYS] 2026/06/28 - 01:17:11 | 任务进度轮询完成 
[SYS] 2026/06/28 - 01:17:26 | 任务进度轮询开始 
[SYS] 2026/06/28 - 01:17:26 | 任务进度轮询完成 
[SYS] 2026/06/28 - 01:17:41 | 任务进度轮询开始 
[SYS] 2026/06/28 - 01:17:41 | 任务进度轮询完成 
[SYS] 2026/06/28 - 01:17:56 | 任务进度轮询开始 
[SYS] 2026/06/28 - 01:17:56 | 任务进度轮询完成 
[SYS] 2026/06/28 - 01:18:09 | syncing options from database 
[SYS] 2026/06/28 - 01:18:11 | 任务进度轮询开始 
[SYS] 2026/06/28 - 01:18:11 | 任务进度轮询完成 
[SYS] 2026/06/28 - 01:18:26 | 任务进度轮询开始 
[SYS] 2026/06/28 - 01:18:26 | 任务进度轮询完成 
[SYS] 2026/06/28 - 01:18:41 | 任务进度轮询开始 
[SYS] 2026/06/28 - 01:18:41 | 任务进度轮询完成 
[SYS] 2026/06/28 - 01:18:56 | 任务进度轮询开始 
[SYS] 2026/06/28 - 01:18:56 | 任务进度轮询完成 
[SYS] 2026/06/28 - 01:19:09 | syncing options from database 
[SYS] 2026/06/28 - 01:19:11 | 任务进度轮询开始 
[SYS] 2026/06/28 - 01:19:11 | 任务进度轮询完成 
[SYS] 2026/06/28 - 01:19:26 | 任务进度轮询开始 
[SYS] 2026/06/28 - 01:19:26 | 任务进度轮询完成 
[SYS] 2026/06/28 - 01:19:41 | 任务进度轮询开始 
[SYS] 2026/06/28 - 01:19:41 | 任务进度轮询完成 
[SYS] 2026/06/28 - 01:19:56 | 任务进度轮询开始 
[SYS] 2026/06/28 - 01:19:56 | 任务进度轮询完成 
[SYS] 2026/06/28 - 01:20:09 | syncing options from database 
[SYS] 2026/06/28 - 01:20:11 | 任务进度轮询开始 
[SYS] 2026/06/28 - 01:20:11 | 任务进度轮询完成 
[SYS] 2026/06/28 - 01:20:26 | 任务进度轮询开始 
[SYS] 2026/06/28 - 01:20:26 | 任务进度轮询完成 
[SYS] 2026/06/28 - 01:20:41 | 任务进度轮询开始 
[SYS] 2026/06/28 - 01:20:41 | 任务进度轮询完成 
[SYS] 2026/06/28 - 01:20:56 | 任务进度轮询开始 
[SYS] 2026/06/28 - 01:20:56 | 任务进度轮询完成 
[SYS] 2026/06/28 - 01:21:09 | syncing options from database 
[SYS] 2026/06/28 - 01:21:11 | 任务进度轮询开始 
[SYS] 2026/06/28 - 01:21:11 | 任务进度轮询完成 
[SYS] 2026/06/28 - 01:21:26 | 任务进度轮询开始 
[SYS] 2026/06/28 - 01:21:26 | 任务进度轮询完成 
[SYS] 2026/06/28 - 01:21:41 | 任务进度轮询开始 
[SYS] 2026/06/28 - 01:21:41 | 任务进度轮询完成 
[SYS] 2026/06/28 - 01:21:56 | 任务进度轮询开始 
[SYS] 2026/06/28 - 01:21:56 | 任务进度轮询完成 
[SYS] 2026/06/28 - 01:22:07 | 正在更新数据看板数据... 
[SYS] 2026/06/28 - 01:22:07 | 保存数据看板数据成功，共保存0条数据 
[SYS] 2026/06/28 - 01:22:09 | syncing options from database 
[SYS] 2026/06/28 - 01:22:11 | 任务进度轮询开始 
[SYS] 2026/06/28 - 01:22:11 | 任务进度轮询完成 
[SYS] 2026/06/28 - 01:22:26 | 任务进度轮询开始 
[SYS] 2026/06/28 - 01:22:26 | 任务进度轮询完成 
[SYS] 2026/06/28 - 01:22:41 | 任务进度轮询开始 
[SYS] 2026/06/28 - 01:22:41 | 任务进度轮询完成 
[SYS] 2026/06/28 - 01:22:56 | 任务进度轮询开始 
[SYS] 2026/06/28 - 01:22:56 | 任务进度轮询完成 
[SYS] 2026/06/28 - 01:23:09 | syncing options from database 
[SYS] 2026/06/28 - 01:23:11 | 任务进度轮询开始 
[SYS] 2026/06/28 - 01:23:11 | 任务进度轮询完成 
[SYS] 2026/06/28 - 01:23:26 | 任务进度轮询开始 
[SYS] 2026/06/28 - 01:23:26 | 任务进度轮询完成 
[SYS] 2026/06/28 - 01:23:41 | 任务进度轮询开始 
[SYS] 2026/06/28 - 01:23:41 | 任务进度轮询完成 
[SYS] 2026/06/28 - 01:23:56 | 任务进度轮询开始 
[SYS] 2026/06/28 - 01:23:56 | 任务进度轮询完成 
[SYS] 2026/06/28 - 01:24:09 | syncing options from database 
[SYS] 2026/06/28 - 01:24:11 | 任务进度轮询开始 
[SYS] 2026/06/28 - 01:24:11 | 任务进度轮询完成 
[SYS] 2026/06/28 - 01:24:26 | 任务进度轮询开始 
[SYS] 2026/06/28 - 01:24:26 | 任务进度轮询完成 
[SYS] 2026/06/28 - 01:24:41 | 任务进度轮询开始 
[SYS] 2026/06/28 - 01:24:41 | 任务进度轮询完成 
[SYS] 2026/06/28 - 01:24:56 | 任务进度轮询开始 
[SYS] 2026/06/28 - 01:24:56 | 任务进度轮询完成 
[SYS] 2026/06/28 - 01:25:09 | syncing options from database 
[SYS] 2026/06/28 - 01:25:11 | 任务进度轮询开始 
[SYS] 2026/06/28 - 01:25:11 | 任务进度轮询完成 
[SYS] 2026/06/28 - 01:25:26 | 任务进度轮询开始 
[SYS] 2026/06/28 - 01:25:26 | 任务进度轮询完成 
[SYS] 2026/06/28 - 01:25:41 | 任务进度轮询开始 
[SYS] 2026/06/28 - 01:25:41 | 任务进度轮询完成 
[SYS] 2026/06/28 - 01:25:56 | 任务进度轮询开始 
[SYS] 2026/06/28 - 01:25:56 | 任务进度轮询完成 
[SYS] 2026/06/28 - 01:26:09 | syncing options from database 
[SYS] 2026/06/28 - 01:26:11 | 任务进度轮询开始 
[SYS] 2026/06/28 - 01:26:11 | 任务进度轮询完成 
[SYS] 2026/06/28 - 01:26:26 | 任务进度轮询开始 
[SYS] 2026/06/28 - 01:26:26 | 任务进度轮询完成 
[SYS] 2026/06/28 - 01:26:41 | 任务进度轮询开始 
[SYS] 2026/06/28 - 01:26:41 | 任务进度轮询完成 
[SYS] 2026/06/28 - 01:26:56 | 任务进度轮询开始 
[SYS] 2026/06/28 - 01:26:56 | 任务进度轮询完成 
[SYS] 2026/06/28 - 01:27:07 | 正在更新数据看板数据... 
[SYS] 2026/06/28 - 01:27:07 | 保存数据看板数据成功，共保存0条数据 
[SYS] 2026/06/28 - 01:27:09 | syncing options from database 
[SYS] 2026/06/28 - 01:27:11 | 任务进度轮询开始 
[SYS] 2026/06/28 - 01:27:11 | 任务进度轮询完成 
[SYS] 2026/06/28 - 01:27:26 | 任务进度轮询开始 
[SYS] 2026/06/28 - 01:27:26 | 任务进度轮询完成 
[SYS] 2026/06/28 - 01:27:41 | 任务进度轮询开始 
[SYS] 2026/06/28 - 01:27:41 | 任务进度轮询完成 
[SYS] 2026/06/28 - 01:27:56 | 任务进度轮询开始 
[SYS] 2026/06/28 - 01:27:56 | 任务进度轮询完成 
[SYS] 2026/06/28 - 01:28:09 | syncing options from database 
[SYS] 2026/06/28 - 01:28:11 | 任务进度轮询开始 
[SYS] 2026/06/28 - 01:28:11 | 任务进度轮询完成 
[SYS] 2026/06/28 - 01:28:26 | 任务进度轮询开始 
[SYS] 2026/06/28 - 01:28:26 | 任务进度轮询完成 
[SYS] 2026/06/28 - 01:28:41 | 任务进度轮询开始 
[SYS] 2026/06/28 - 01:28:41 | 任务进度轮询完成 
[SYS] 2026/06/28 - 01:28:56 | 任务进度轮询开始 
[SYS] 2026/06/28 - 01:28:56 | 任务进度轮询完成 
[GIN] 2026/06/28 - 01:29:01 | web | 202606271729013121922048268d9d6RDnaxNLS | 200 |      44.131µs | 185.246.128.192 |     GET /rootDesc.xml
[GIN] 2026/06/28 - 01:29:01 | web | 202606271729016706291448268d9d6DsOEI89v | 200 |      50.429µs | 185.246.128.192 |     GET /rootDesc.xml
[SYS] 2026/06/28 - 01:29:09 | syncing options from database 
[SYS] 2026/06/28 - 01:29:11 | 任务进度轮询开始 
[SYS] 2026/06/28 - 01:29:11 | 任务进度轮询完成 
[SYS] 2026/06/28 - 01:29:26 | 任务进度轮询开始 
[SYS] 2026/06/28 - 01:29:26 | 任务进度轮询完成 
[SYS] 2026/06/28 - 01:29:41 | 任务进度轮询开始 
[SYS] 2026/06/28 - 01:29:41 | 任务进度轮询完成 
[SYS] 2026/06/28 - 01:29:56 | 任务进度轮询开始 
[SYS] 2026/06/28 - 01:29:56 | 任务进度轮询完成 
[SYS] 2026/06/28 - 01:30:09 | syncing options from database 
[SYS] 2026/06/28 - 01:30:11 | 任务进度轮询开始 
[SYS] 2026/06/28 - 01:30:11 | 任务进度轮询完成 
[SYS] 2026/06/28 - 01:30:26 | 任务进度轮询开始 
[SYS] 2026/06/28 - 01:30:26 | 任务进度轮询完成 
[SYS] 2026/06/28 - 01:30:41 | 任务进度轮询开始 
[SYS] 2026/06/28 - 01:30:42 | 任务进度轮询完成 
[SYS] 2026/06/28 - 01:30:57 | 任务进度轮询开始 
[SYS] 2026/06/28 - 01:30:57 | 任务进度轮询完成 
[SYS] 2026/06/28 - 01:31:09 | syncing options from database 
[SYS] 2026/06/28 - 01:31:12 | 任务进度轮询开始 
[SYS] 2026/06/28 - 01:31:12 | 任务进度轮询完成 
[SYS] 2026/06/28 - 01:31:27 | 任务进度轮询开始 
[SYS] 2026/06/28 - 01:31:27 | 任务进度轮询完成 
[SYS] 2026/06/28 - 01:31:42 | 任务进度轮询开始 
[SYS] 2026/06/28 - 01:31:42 | 任务进度轮询完成 
[SYS] 2026/06/28 - 01:31:57 | 任务进度轮询开始 
[SYS] 2026/06/28 - 01:31:57 | 任务进度轮询完成 
[SYS] 2026/06/28 - 01:32:07 | 正在更新数据看板数据... 
[SYS] 2026/06/28 - 01:32:07 | 保存数据看板数据成功，共保存0条数据 
[SYS] 2026/06/28 - 01:32:09 | syncing options from database 
[SYS] 2026/06/28 - 01:32:12 | 任务进度轮询开始 
[SYS] 2026/06/28 - 01:32:12 | 任务进度轮询完成 
[SYS] 2026/06/28 - 01:32:27 | 任务进度轮询开始 
[SYS] 2026/06/28 - 01:32:27 | 任务进度轮询完成 
[SYS] 2026/06/28 - 01:32:42 | 任务进度轮询开始 
[SYS] 2026/06/28 - 01:32:42 | 任务进度轮询完成 
[SYS] 2026/06/28 - 01:32:57 | 任务进度轮询开始 
[SYS] 2026/06/28 - 01:32:57 | 任务进度轮询完成 
[SYS] 2026/06/28 - 01:33:09 | syncing options from database 
[SYS] 2026/06/28 - 01:33:12 | 任务进度轮询开始 
[SYS] 2026/06/28 - 01:33:12 | 任务进度轮询完成 
[SYS] 2026/06/28 - 01:33:27 | 任务进度轮询开始 
[SYS] 2026/06/28 - 01:33:27 | 任务进度轮询完成 
[SYS] 2026/06/28 - 01:33:42 | 任务进度轮询开始 
[SYS] 2026/06/28 - 01:33:42 | 任务进度轮询完成 
[SYS] 2026/06/28 - 01:33:57 | 任务进度轮询开始 
[SYS] 2026/06/28 - 01:33:57 | 任务进度轮询完成 
[SYS] 2026/06/28 - 01:34:09 | syncing options from database 
[SYS] 2026/06/28 - 01:34:12 | 任务进度轮询开始 
[SYS] 2026/06/28 - 01:34:12 | 任务进度轮询完成 
[SYS] 2026/06/28 - 01:34:27 | 任务进度轮询开始 
[SYS] 2026/06/28 - 01:34:27 | 任务进度轮询完成 
[SYS] 2026/06/28 - 01:34:42 | 任务进度轮询开始 
[SYS] 2026/06/28 - 01:34:42 | 任务进度轮询完成 
[SYS] 2026/06/28 - 01:34:57 | 任务进度轮询开始 
[SYS] 2026/06/28 - 01:34:57 | 任务进度轮询完成 
[SYS] 2026/06/28 - 01:35:09 | syncing options from database 
[SYS] 2026/06/28 - 01:35:12 | 任务进度轮询开始 
[SYS] 2026/06/28 - 01:35:12 | 任务进度轮询完成 
[SYS] 2026/06/28 - 01:35:27 | 任务进度轮询开始 
[SYS] 2026/06/28 - 01:35:27 | 任务进度轮询完成 
[SYS] 2026/06/28 - 01:35:42 | 任务进度轮询开始 
[SYS] 2026/06/28 - 01:35:42 | 任务进度轮询完成 
[SYS] 2026/06/28 - 01:35:57 | 任务进度轮询开始 
[SYS] 2026/06/28 - 01:35:57 | 任务进度轮询完成 
[SYS] 2026/06/28 - 01:36:09 | syncing options from database 
[SYS] 2026/06/28 - 01:36:12 | 任务进度轮询开始 
[SYS] 2026/06/28 - 01:36:12 | 任务进度轮询完成 
[SYS] 2026/06/28 - 01:36:27 | 任务进度轮询开始 
[SYS] 2026/06/28 - 01:36:27 | 任务进度轮询完成 
[SYS] 2026/06/28 - 01:36:42 | 任务进度轮询开始 
[SYS] 2026/06/28 - 01:36:42 | 任务进度轮询完成 
[SYS] 2026/06/28 - 01:36:57 | 任务进度轮询开始 
[SYS] 2026/06/28 - 01:36:57 | 任务进度轮询完成 
[SYS] 2026/06/28 - 01:37:07 | 正在更新数据看板数据... 
[SYS] 2026/06/28 - 01:37:07 | 保存数据看板数据成功，共保存0条数据 
[SYS] 2026/06/28 - 01:37:09 | syncing options from database 
[SYS] 2026/06/28 - 01:37:12 | 任务进度轮询开始 
[SYS] 2026/06/28 - 01:37:12 | 任务进度轮询完成 
[SYS] 2026/06/28 - 01:37:27 | 任务进度轮询开始 
[SYS] 2026/06/28 - 01:37:27 | 任务进度轮询完成 
[SYS] 2026/06/28 - 01:37:42 | 任务进度轮询开始 
[SYS] 2026/06/28 - 01:37:42 | 任务进度轮询完成 
[SYS] 2026/06/28 - 01:37:57 | 任务进度轮询开始 
[SYS] 2026/06/28 - 01:37:57 | 任务进度轮询完成 
[SYS] 2026/06/28 - 01:38:09 | syncing options from database 
[SYS] 2026/06/28 - 01:38:12 | 任务进度轮询开始 
[SYS] 2026/06/28 - 01:38:12 | 任务进度轮询完成 
[SYS] 2026/06/28 - 01:38:27 | 任务进度轮询开始 
[SYS] 2026/06/28 - 01:38:27 | 任务进度轮询完成 
[SYS] 2026/06/28 - 01:38:42 | 任务进度轮询开始 
[SYS] 2026/06/28 - 01:38:42 | 任务进度轮询完成 
[SYS] 2026/06/28 - 01:38:57 | 任务进度轮询开始 
[SYS] 2026/06/28 - 01:38:57 | 任务进度轮询完成 
[SYS] 2026/06/28 - 01:39:09 | syncing options from database 
[SYS] 2026/06/28 - 01:39:12 | 任务进度轮询开始 
[SYS] 2026/06/28 - 01:39:12 | 任务进度轮询完成 
[SYS] 2026/06/28 - 01:39:27 | 任务进度轮询开始 
[SYS] 2026/06/28 - 01:39:27 | 任务进度轮询完成 
[SYS] 2026/06/28 - 01:39:42 | 任务进度轮询开始 
[SYS] 2026/06/28 - 01:39:42 | 任务进度轮询完成 
[SYS] 2026/06/28 - 01:39:57 | 任务进度轮询开始 
[SYS] 2026/06/28 - 01:39:57 | 任务进度轮询完成 
[SYS] 2026/06/28 - 01:40:09 | syncing options from database 
[SYS] 2026/06/28 - 01:40:12 | 任务进度轮询开始 
[SYS] 2026/06/28 - 01:40:12 | 任务进度轮询完成 
[SYS] 2026/06/28 - 01:40:27 | 任务进度轮询开始 
[SYS] 2026/06/28 - 01:40:27 | 任务进度轮询完成 
[SYS] 2026/06/28 - 01:40:42 | 任务进度轮询开始 
[SYS] 2026/06/28 - 01:40:42 | 任务进度轮询完成 
[SYS] 2026/06/28 - 01:40:57 | 任务进度轮询开始 
[SYS] 2026/06/28 - 01:40:57 | 任务进度轮询完成 
[SYS] 2026/06/28 - 01:41:09 | syncing options from database 
[SYS] 2026/06/28 - 01:41:12 | 任务进度轮询开始 
[SYS] 2026/06/28 - 01:41:12 | 任务进度轮询完成 
[SYS] 2026/06/28 - 01:41:27 | 任务进度轮询开始 
[SYS] 2026/06/28 - 01:41:27 | 任务进度轮询完成 
[SYS] 2026/06/28 - 01:41:42 | 任务进度轮询开始 
[SYS] 2026/06/28 - 01:41:42 | 任务进度轮询完成 
[SYS] 2026/06/28 - 01:41:57 | 任务进度轮询开始 
[SYS] 2026/06/28 - 01:41:57 | 任务进度轮询完成 
[SYS] 2026/06/28 - 01:42:07 | 正在更新数据看板数据... 
[SYS] 2026/06/28 - 01:42:07 | 保存数据看板数据成功，共保存0条数据 
[SYS] 2026/06/28 - 01:42:09 | syncing options from database 
[SYS] 2026/06/28 - 01:42:12 | 任务进度轮询开始 
[SYS] 2026/06/28 - 01:42:12 | 任务进度轮询完成 
[SYS] 2026/06/28 - 01:42:27 | 任务进度轮询开始 
[SYS] 2026/06/28 - 01:42:27 | 任务进度轮询完成 
[SYS] 2026/06/28 - 01:42:42 | 任务进度轮询开始 
[SYS] 2026/06/28 - 01:42:42 | 任务进度轮询完成 
[SYS] 2026/06/28 - 01:42:57 | 任务进度轮询开始 
[SYS] 2026/06/28 - 01:42:57 | 任务进度轮询完成 
[SYS] 2026/06/28 - 01:43:09 | syncing options from database 
[SYS] 2026/06/28 - 01:43:12 | 任务进度轮询开始 
[SYS] 2026/06/28 - 01:43:12 | 任务进度轮询完成 
[SYS] 2026/06/28 - 01:43:27 | 任务进度轮询开始 
[SYS] 2026/06/28 - 01:43:27 | 任务进度轮询完成 
[SYS] 2026/06/28 - 01:43:42 | 任务进度轮询开始 
[SYS] 2026/06/28 - 01:43:42 | 任务进度轮询完成 
[SYS] 2026/06/28 - 01:43:57 | 任务进度轮询开始 
[SYS] 2026/06/28 - 01:43:57 | 任务进度轮询完成 
[SYS] 2026/06/28 - 01:44:09 | syncing options from database 
[SYS] 2026/06/28 - 01:44:12 | 任务进度轮询开始 
[SYS] 2026/06/28 - 01:44:12 | 任务进度轮询完成 
[SYS] 2026/06/28 - 01:44:27 | 任务进度轮询开始 
[SYS] 2026/06/28 - 01:44:27 | 任务进度轮询完成 
[SYS] 2026/06/28 - 01:44:42 | 任务进度轮询开始 
[SYS] 2026/06/28 - 01:44:42 | 任务进度轮询完成 
[SYS] 2026/06/28 - 01:44:57 | 任务进度轮询开始 
[SYS] 2026/06/28 - 01:44:57 | 任务进度轮询完成 
[SYS] 2026/06/28 - 01:45:09 | syncing options from database 
[SYS] 2026/06/28 - 01:45:12 | 任务进度轮询开始 
[SYS] 2026/06/28 - 01:45:12 | 任务进度轮询完成 
[SYS] 2026/06/28 - 01:45:27 | 任务进度轮询开始 
[SYS] 2026/06/28 - 01:45:27 | 任务进度轮询完成 
[SYS] 2026/06/28 - 01:45:42 | 任务进度轮询开始 
[SYS] 2026/06/28 - 01:45:42 | 任务进度轮询完成 
[SYS] 2026/06/28 - 01:45:57 | 任务进度轮询开始 
[SYS] 2026/06/28 - 01:45:57 | 任务进度轮询完成 
[SYS] 2026/06/28 - 01:46:09 | syncing options from database 
[SYS] 2026/06/28 - 01:46:12 | 任务进度轮询开始 
[SYS] 2026/06/28 - 01:46:12 | 任务进度轮询完成 
[SYS] 2026/06/28 - 01:46:27 | 任务进度轮询开始 
[SYS] 2026/06/28 - 01:46:27 | 任务进度轮询完成 
[SYS] 2026/06/28 - 01:46:42 | 任务进度轮询开始 
[SYS] 2026/06/28 - 01:46:42 | 任务进度轮询完成 
[SYS] 2026/06/28 - 01:46:57 | 任务进度轮询开始 
[SYS] 2026/06/28 - 01:46:57 | 任务进度轮询完成 
[SYS] 2026/06/28 - 01:47:07 | 正在更新数据看板数据... 
[SYS] 2026/06/28 - 01:47:07 | 保存数据看板数据成功，共保存0条数据 
[SYS] 2026/06/28 - 01:47:09 | syncing options from database 
[SYS] 2026/06/28 - 01:47:12 | 任务进度轮询开始 
[SYS] 2026/06/28 - 01:47:12 | 任务进度轮询完成 
[SYS] 2026/06/28 - 01:47:27 | 任务进度轮询开始 
[SYS] 2026/06/28 - 01:47:27 | 任务进度轮询完成 
[SYS] 2026/06/28 - 01:47:42 | 任务进度轮询开始 
[SYS] 2026/06/28 - 01:47:42 | 任务进度轮询完成 
[SYS] 2026/06/28 - 01:47:57 | 任务进度轮询开始 
[SYS] 2026/06/28 - 01:47:57 | 任务进度轮询完成 
[SYS] 2026/06/28 - 01:48:09 | syncing options from database 
[SYS] 2026/06/28 - 01:48:12 | 任务进度轮询开始 
[SYS] 2026/06/28 - 01:48:12 | 任务进度轮询完成 
[SYS] 2026/06/28 - 01:48:27 | 任务进度轮询开始 
[SYS] 2026/06/28 - 01:48:27 | 任务进度轮询完成 
[SYS] 2026/06/28 - 01:48:42 | 任务进度轮询开始 
[SYS] 2026/06/28 - 01:48:42 | 任务进度轮询完成 
[SYS] 2026/06/28 - 01:48:57 | 任务进度轮询开始 
[SYS] 2026/06/28 - 01:48:57 | 任务进度轮询完成 
[SYS] 2026/06/28 - 01:49:09 | syncing options from database 
[SYS] 2026/06/28 - 01:49:12 | 任务进度轮询开始 
[SYS] 2026/06/28 - 01:49:12 | 任务进度轮询完成 
[SYS] 2026/06/28 - 01:49:27 | 任务进度轮询开始 
[SYS] 2026/06/28 - 01:49:27 | 任务进度轮询完成 
[SYS] 2026/06/28 - 01:49:42 | 任务进度轮询开始 
[SYS] 2026/06/28 - 01:49:42 | 任务进度轮询完成 
[SYS] 2026/06/28 - 01:49:57 | 任务进度轮询开始 
[SYS] 2026/06/28 - 01:49:57 | 任务进度轮询完成 
[SYS] 2026/06/28 - 01:50:09 | syncing options from database 
[SYS] 2026/06/28 - 01:50:12 | 任务进度轮询开始 
[SYS] 2026/06/28 - 01:50:12 | 任务进度轮询完成 
[SYS] 2026/06/28 - 01:50:27 | 任务进度轮询开始 
[SYS] 2026/06/28 - 01:50:27 | 任务进度轮询完成 
[SYS] 2026/06/28 - 01:50:42 | 任务进度轮询开始 
[SYS] 2026/06/28 - 01:50:42 | 任务进度轮询完成 
[SYS] 2026/06/28 - 01:50:57 | 任务进度轮询开始 
[SYS] 2026/06/28 - 01:50:57 | 任务进度轮询完成 
[SYS] 2026/06/28 - 01:51:09 | syncing options from database 
[SYS] 2026/06/28 - 01:51:12 | 任务进度轮询开始 
[SYS] 2026/06/28 - 01:51:12 | 任务进度轮询完成 
[SYS] 2026/06/28 - 01:51:27 | 任务进度轮询开始 
[SYS] 2026/06/28 - 01:51:27 | 任务进度轮询完成 
[SYS] 2026/06/28 - 01:51:42 | 任务进度轮询开始 
[SYS] 2026/06/28 - 01:51:42 | 任务进度轮询完成 
[SYS] 2026/06/28 - 01:51:57 | 任务进度轮询开始 
[SYS] 2026/06/28 - 01:51:57 | 任务进度轮询完成 
[SYS] 2026/06/28 - 01:52:07 | 正在更新数据看板数据... 
[SYS] 2026/06/28 - 01:52:07 | 保存数据看板数据成功，共保存0条数据 
[SYS] 2026/06/28 - 01:52:09 | syncing options from database 
[SYS] 2026/06/28 - 01:52:12 | 任务进度轮询开始 
[SYS] 2026/06/28 - 01:52:12 | 任务进度轮询完成 
[SYS] 2026/06/28 - 01:52:27 | 任务进度轮询开始 
[SYS] 2026/06/28 - 01:52:27 | 任务进度轮询完成 
[SYS] 2026/06/28 - 01:52:42 | 任务进度轮询开始 
[SYS] 2026/06/28 - 01:52:42 | 任务进度轮询完成 
[SYS] 2026/06/28 - 01:52:57 | 任务进度轮询开始 
[SYS] 2026/06/28 - 01:52:57 | 任务进度轮询完成 
[SYS] 2026/06/28 - 01:53:09 | syncing options from database 
[SYS] 2026/06/28 - 01:53:12 | 任务进度轮询开始 
[SYS] 2026/06/28 - 01:53:12 | 任务进度轮询完成 
[SYS] 2026/06/28 - 01:53:27 | 任务进度轮询开始 
[SYS] 2026/06/28 - 01:53:27 | 任务进度轮询完成 
[SYS] 2026/06/28 - 01:53:42 | 任务进度轮询开始 
[SYS] 2026/06/28 - 01:53:42 | 任务进度轮询完成 
[SYS] 2026/06/28 - 01:53:57 | 任务进度轮询开始 
[SYS] 2026/06/28 - 01:53:57 | 任务进度轮询完成 
[SYS] 2026/06/28 - 01:54:09 | syncing options from database 
[SYS] 2026/06/28 - 01:54:12 | 任务进度轮询开始 
[SYS] 2026/06/28 - 01:54:12 | 任务进度轮询完成 
[SYS] 2026/06/28 - 01:54:27 | 任务进度轮询开始 
[SYS] 2026/06/28 - 01:54:27 | 任务进度轮询完成 
[SYS] 2026/06/28 - 01:54:42 | 任务进度轮询开始 
[SYS] 2026/06/28 - 01:54:42 | 任务进度轮询完成 
[SYS] 2026/06/28 - 01:54:57 | 任务进度轮询开始 
[SYS] 2026/06/28 - 01:54:57 | 任务进度轮询完成 
[SYS] 2026/06/28 - 01:55:09 | syncing options from database 
[SYS] 2026/06/28 - 01:55:12 | 任务进度轮询开始 
[SYS] 2026/06/28 - 01:55:12 | 任务进度轮询完成 
[SYS] 2026/06/28 - 01:55:27 | 任务进度轮询开始 
[SYS] 2026/06/28 - 01:55:27 | 任务进度轮询完成 
[SYS] 2026/06/28 - 01:55:42 | 任务进度轮询开始 
[SYS] 2026/06/28 - 01:55:42 | 任务进度轮询完成 
[SYS] 2026/06/28 - 01:55:57 | 任务进度轮询开始 
[SYS] 2026/06/28 - 01:55:57 | 任务进度轮询完成 
[SYS] 2026/06/28 - 01:56:09 | syncing options from database 
[SYS] 2026/06/28 - 01:56:12 | 任务进度轮询开始 
[SYS] 2026/06/28 - 01:56:12 | 任务进度轮询完成 
[SYS] 2026/06/28 - 01:56:27 | 任务进度轮询开始 
[SYS] 2026/06/28 - 01:56:27 | 任务进度轮询完成 
[SYS] 2026/06/28 - 01:56:42 | 任务进度轮询开始 
[SYS] 2026/06/28 - 01:56:42 | 任务进度轮询完成 
[SYS] 2026/06/28 - 01:56:57 | 任务进度轮询开始 
[SYS] 2026/06/28 - 01:56:57 | 任务进度轮询完成 
[SYS] 2026/06/28 - 01:57:07 | 正在更新数据看板数据... 
[SYS] 2026/06/28 - 01:57:07 | 保存数据看板数据成功，共保存0条数据 
[SYS] 2026/06/28 - 01:57:09 | syncing options from database 
[SYS] 2026/06/28 - 01:57:12 | 任务进度轮询开始 
[SYS] 2026/06/28 - 01:57:12 | 任务进度轮询完成 
[SYS] 2026/06/28 - 01:57:27 | 任务进度轮询开始 
[SYS] 2026/06/28 - 01:57:27 | 任务进度轮询完成 
[SYS] 2026/06/28 - 01:57:42 | 任务进度轮询开始 
[SYS] 2026/06/28 - 01:57:42 | 任务进度轮询完成 
[SYS] 2026/06/28 - 01:57:57 | 任务进度轮询开始 
[SYS] 2026/06/28 - 01:57:57 | 任务进度轮询完成 
[SYS] 2026/06/28 - 01:58:09 | syncing options from database 
[SYS] 2026/06/28 - 01:58:12 | 任务进度轮询开始 
[SYS] 2026/06/28 - 01:58:12 | 任务进度轮询完成 
[SYS] 2026/06/28 - 01:58:27 | 任务进度轮询开始 
[SYS] 2026/06/28 - 01:58:27 | 任务进度轮询完成 
[SYS] 2026/06/28 - 01:58:42 | 任务进度轮询开始 
[SYS] 2026/06/28 - 01:58:42 | 任务进度轮询完成 
[SYS] 2026/06/28 - 01:58:57 | 任务进度轮询开始 
[SYS] 2026/06/28 - 01:58:57 | 任务进度轮询完成 
[SYS] 2026/06/28 - 01:59:09 | syncing options from database 
[SYS] 2026/06/28 - 01:59:12 | 任务进度轮询开始 
[SYS] 2026/06/28 - 01:59:12 | 任务进度轮询完成 
[SYS] 2026/06/28 - 01:59:27 | 任务进度轮询开始 
[SYS] 2026/06/28 - 01:59:27 | 任务进度轮询完成 
[SYS] 2026/06/28 - 01:59:42 | 任务进度轮询开始 
[SYS] 2026/06/28 - 01:59:42 | 任务进度轮询完成 
[SYS] 2026/06/28 - 01:59:57 | 任务进度轮询开始 
[SYS] 2026/06/28 - 01:59:57 | 任务进度轮询完成 
[SYS] 2026/06/28 - 02:00:09 | syncing options from database 
[SYS] 2026/06/28 - 02:00:12 | 任务进度轮询开始 
[SYS] 2026/06/28 - 02:00:12 | 任务进度轮询完成 
